ID	위치	구분	화자	원문	번역
00001	0CDA:0:0	대사	D1	YIPPEE, YOU SAVED ME!	
00002	0CDA:0:1	대사	D1	I'M OFF FOR HOME NOW...	
00003	0CDB:0:0	대사	E3	YOU'VE FOUND SOME NOTES, BOY.	
00004	0CDB:0:1	대사	E3	NOW COME AND FIND ME!	
00005	0CDC:0:0	대사	E3	YOU'VE CAUGHT A GLOWBO!	
00006	0CDC:0:1	대사	E3	THEY'RE SUPPOSED TO HAVE MAGICAL POWERS...	
00007	0CDD:0:0	대사	E3	TRY USING EGGS AS AMMO!	
00008	0CDE:0:0	대사	E3	RED FEATHERS ARE NEEDED FOR KAZOOIE TO FLY!	
00009	0CDF:0:0	대사	E3	GOLD FEATHERS ARE USED FOR INVULNERABILITY!	
00010	0CE0:0:0	대사	E3	PICK UP HONEY TO BOOST YOUR ENERGY!	
00011	0CE1:0:0	대사	E3	THIS IS AN EXTRA HONEYCOMB PIECE!	
00012	0CE2:1:0	대사	80	OOOH...AN EGG! I'M SURE WE'LL FIND A USE FOR THIS SOMEWHERE...	
00013	0CE3:1:0	대사	80	WOW...ANOTHER ONE OF THOSE SPECIAL EGGS!	
00014	0CE4:1:0	대사	81	COOL...AN ENORMOUS ICE KEY! WE OUGHT TO KEEP THIS FOR LATER...	
00015	0CE5:0:0	대사	84	HEY, THAT MUCH BAD MAGIC!	
00016	0CE5:0:1	대사	84	WASHER NOT AS GOOD AS BEAR.	
00017	0CE5:0:2	대사	84	DON'T COME BAWLING TO MUMBO IF CAN'T GET THROUGH ALL WORLDS...	
00018	0CE6:0:0	대사	E3	YOU'VE COLLECTED A RANDOM STOP HONEYCOMB.	
00019	0CE6:0:1	대사	E3	PRESS {86} TO CHOOSE YOUR NEW ENERGY BAR!	
00020	0CE7:0:0	대사	E3	YOU'VE COLLECTED A SKILL STOP HONEYCOMB.	
00021	0CE7:0:1	대사	E3	PRESS {86} TO STOP YOUR ENERGY BAR AS CLOSE TO THE TOP AS POSSIBLE!	
00022	0CE8:0:0	대사	D1	RARRRR!	
00023	0CE8:0:1	대사	D1	I'M A MINJO, ARCH ENEMY OF THE JINJOS!	
00024	0CE9:0:0	대사	03:23	WHY HELLO THERE, MR. BANJO!	
00025	0CE9:0:1	대사	03:23	I'M DINGPOT - REMEMBER ME?	
00026	0CE9:0:4	대사	03:23	I HELPED YOU AT THE END OF BANJO-KAZOOIE.	
00027	0CE9:0:7	대사	03:23	SNIFF, YOU'RE SO CRUEL.	
00028	0CE9:0:8	대사	03:23	BUT HEY, WHY NOT JUMP INSIDE FOR A NICE DINGY BONUS!	
00029	0CE9:1:2	대사	80	NO, NOT REALLY...	
00030	0CE9:1:5	대사	81	OH YEAH, IT'S OLD STINKPOT!	
00031	0CE9:1:8	대사	81	MUST WE?	
00032	0CE9:1:9	대사	81	I'VE ONLY JUST GOT MY FEATHERS CLEAN FROM LAST TIME...	
00033	0CEA:0:0	대사	03:23	C'MON, JUMP INSIDE ME FOR A BONUS...	
00034	0CEB:0:0	대사	D1	DO YOU WANT TO PLAY AGAIN?	
00035	0CEC:0:0	대사	D1	READY?	
00036	0CEC:0:1	대사	D1	3...	
00037	0CEC:0:2	대사	D1	2...	
00038	0CEC:0:3	대사	D1	1...	
00039	0CEC:0:4	대사	D1	GO!	
00040	0CED:0:0	대사	E3	THIS IS A WARP PAD.	
00041	0CED:0:1	대사	E3	FIND ANOTHER ONE IN THIS WORLD, AND YOU'LL BE ABLE TO WARP BETWEEN THEM!	
00042	0CEE:0:0	대사	E3	YOU'VE FOUND ANOTHER WARP PAD!	
00043	0CEE:0:1	대사	E3	MOVE ONTO IT AND PRESS {86} TO WARP TO ANY OTHER WARP PAD THAT YOU HAVE ACTIVATED IN THIS WORLD!	
00044	0CEF:0:0	대사	E3	FIND ANOTHER PAD IN THIS WORLD.	
00045	0CF0:0:0	대사	E3	JUST MOVE ONTO THE PAD AND PRESS {86} TO WARP.	
00046	0CF1:0:0	대사	E3	YOU'RE NOT ALLOWED TO GO TO THAT LOCATION!	
00047	0CF2:0:0	대사	E3	YOU ARE TOO BIG TO USE THE WARP PADS!	
00048	0CF3:0:0	대사	B6	NO SERVICE - TRAIN DERAILED IN GLITTER GULCH MINE.	
00049	0CF4:0:0	대사	B6	ARE YOU BLIND?	
00050	0CF4:0:1	대사	B6	CHUFFY IS RIGHT IN FRONT OF YOU!	
00051	0CF5:0:0	대사	B6	CHUFFY IS LOADING ORE IN GLITTER GULCH MINE.	
00052	0CF6:0:0	대사	B6	CHUFFY IS ENJOYING THE ATTRACTIONS OF WITCHYWORLD.	
00053	0CF7:0:0	대사	B6	CHUFFY IS ON FREIGHT SERVICE TO GRUNTY INDUSTRIES.	
00054	0CF8:0:0	대사	B6	CHUFFY IS VIEWING THE CAVE PAINTINGS IN TERRYDACTYLAND.	
00055	0CF9:0:0	대사	B6	CHUFFY IS WARMING HIS COALS ON THE LAVA SIDE OF HAILFIRE PEAKS.	
00056	0CFA:0:0	대사	B6	CHUFFY IS CHILLING OUT ON THE ICE SIDE OF HAILFIRE PEAKS.	
00057	0CFB:0:0	대사	B6	CHUFFY IS RELAXING BY THE COAST ON THE ISLE O' HAGS.	
00058	0CFC:0:1	대사	83	JOIN BANJO THE BEAR AND HIS WISE-CRACKING BREEGULL PARTNER KAZOOIE, AS THEY CONTINUE THEIR BATTLE AGAINST A RECENTLY-EXHUMED GRUNTILDA THE WITCH AND HER EVIL SISTERS.	
00059	0CFC:0:3	대사	96	DISCOVER AND EXPLORE 8 BREATHTAKING NEW WORLDS ON THE MYSTERIOUS ISLE O' HAGS AND BATTLE 10 UNIQUE BOSSES IN YOUR QUEST FOR THE JIGGIES AND A SHOWDOWN WITH THE WART-COVERED COVEN.	
00060	0CFC:0:4	대사	83	THIS TIME THE DYNAMIC DUO HAVE AN AMAZING ARSENAL OF OVER 40 ABILITIES AT THEIR DISPOSAL, INCLUDING THE BREEGULL BLASTER, CLAW CLAMBER BOOTS, BILL DRILL AND THE WACKY CLOCKWORK KAZOOIE EGGS!	
00061	0CFC:0:5	대사	84	EVEN THE ODDS BY KICKING KAZOOIE OUT OF BANJO'S BACKPACK, ALLOWING THE PLAYER TO CONTROL THE BEAR AND BIRD SEPARATELY.	
00062	0CFC:0:6	대사	84	ALSO CONTROLLABLE ARE MUMBO JUMBO AND HIS AMAZING BAG OF SPELLS AND 8 WEIRD AND WONDERFUL TRANSFORMATIONS, COURTESY OF HUMBA WUMBA, MUMBO'S GLAMOROUS RIVAL.	
00063	0CFC:1:0	대사	80	ERR, YOU GO FIRST KAZOOIE.	
00064	0CFC:1:1	대사	81	THE TEAM BEHIND THE AWARD-WINNING BANJO-KAZOOIE RETURN WITH AN ALL-NEW EPIC ADVENTURE, FEATURING EVERYBODY'S FAVORITE BEAR AND BIRD DUO.	
00065	0CFC:1:3	대사	81	A WHOLE CAULDRON-FULL OF NEW FEATURES AWAIT, INCLUDING REFINED TEXTURES, DOLBY SURROUND, 16:9 ENHANCED WIDESCREEN MODE,	
00066	0CFC:1:4	대사	81	REAL-TIME LIGHTING, AN EXPANDED INTERACTIVE SOUNDTRACK AND MORE MINI-GAMES THAN YOU CAN SHAKE A BROOMSTICK AT!	
00067	0CFC:1:6	대사	80	TOOIE FEATURES OVER 125 NEW CHARACTERS, PLUS THE WELCOME AND NOT-SO-WELCOME RETURN OF A FEW FAVORITES. AND YES, THE JINJOS ARE BACK AND STILL HAVEN'T LEARNT TO STAY OUT OF TROUBLE...	
00068	0CFC:1:7	대사	81	CHALLENGE YOUR FRIENDS OVER A SERIES OF MORE THAN 10 MULTIPLAYER GAMES FOR UP TO 4 PLAYERS, INCLUDING THE HILARIOUSLY UNIQUE EGG-BLASTING FIRST-PERSON SHOOTOUTS!	
00069	0CFC:1:8	대사	80	WELL, THAT'S IT. WHY NOT PLAY SOMETHING FROM THE GAME NOW?	
00070	0CFD:0:0	대사	D1	GAME OVER.	
00071	0CFD:0:1	대사	D1	PLAYER ~ WINS!	
00072	0CFE:0:0	대사	D1	GAME OVER.	
00073	0CFE:0:1	대사	D1	TEAM ~ WINS!	
00074	0CFF:0:0	대사	D1	HOLD YOUR FIRE!	
00075	0CFF:0:1	대사	D1	IT'S A ~-WAY TIE FOR 1ST PLACE.	
00076	0D00:0:0	대사	D1	STOP SHOOTING!	
00077	0D00:0:1	대사	D1	IT'S A DRAW.	
00078	0D01:0:0	대사	96	OH DEAR, THIS WON'T DO AT ALL!	
00079	0D01:0:2	대사	96	8 MEGABYTES OF MEMORY ARE REQUIRED TO ACCESS ALL THE FEATURES IN THIS E3 2000 DEMO VERSION OF BANJO-TOOIE.	
00080	0D01:0:4	대사	96	I KNOW, STUPID BEAR!	
00081	0D01:0:5	대사	96	THIS MEANS YOU WILL NOT BE ABLE TO EXPLORE THE MAIN WORLDS UNTIL AN EXPANSION PAK IS FITTED.	
00082	0D01:0:7	대사	96	OF COURSE IT WILL, YOU FURRY FOOL!	
00083	0D01:1:1	대사	80	ULP, WHAT'S HAPPENED NOW?	
00084	0D01:1:3	대사	80	BUT I ONLY HAVE 4 MEGABYTES OF MEMORY IN MY MACHINE!	
00085	0D01:1:5	대사	80	BUT THE FINAL VERSION OF BANJO-TOOIE WILL DEFINITELY RUN IN 4 MEGABYTES WITH ALL FEATURES ENABLED, WON'T IT?	
00086	0D01:1:7	대사	80	RIGHT.	
00087	0D01:1:8	대사	80	I'LL JUST GO AND FIND THAT EXPANSION PAK THEN...	
00088	0D02:0:0	대사	03:22	MECHANICAL PERSONNEL MAY NOT USE THE WARP PADS. USE THE SERVICE ELEVATOR INSTEAD!	
00089	0D03:0:0	대사	E3	WOW!	
00090	0D03:0:1	대사	E3	YOU'VE CAUGHT THE LEGENDARY MEGA-GLOWBO!	
00091	0D03:0:2	대사	E3	IT'S SUPPOSED TO HAVE REALLY SPECIAL MAGICAL POWERS...	
00092	0D04:0:0	대사	E3	NICE ONE, PUNK!	
00093	0D04:0:1	대사	E3	TREBLE CLEFS ARE WORTH A MIGHTY 20 NOTES!	
00094	0D05:0:0	대사	83	PLAYER 1 PLAYS THE GAME AS NORMAL, BUT IS HAUNTED BY THE GHOST OF BOTTLES.	
00095	0D05:0:1	대사	83	THE GHOST WILL POSSESS ANY NEARBY BADDIES, WHICH PLAYER 2 CAN THEN CONTROL.	
00096	0D05:0:2	대사	83	PLAYER 2 USES THESE BADDIES TO TRY AND THWART PLAYER 1'S PROGRESS.	
00097	0D06:0:0	대사	B6	WOULD YOU LIKE CHUFFY TO PICK YOU UP?	
00098	0D07:0:0	대사	E3	I WOULDN'T GO DOWN THERE IF I WERE YOU!	
00099	0D07:0:1	대사	E3	THERE ARE BAD THINGS IN THERE...	
00100	0D08:0:0	대사	03:23	WHY HELLO THERE, MR. BANJO!	
00101	0D08:0:1	대사	03:23	I'M DINGPOT - REMEMBER ME?	
00102	0D08:0:4	대사	03:23	I HELPED YOU AT THE END OF BANJO-KAZOOIE.	
00103	0D08:0:7	대사	03:23	YOU'RE WELCOME.	
00104	0D08:0:8	대사	03:23	I CAN HELP YOU AGAIN NOW IF YOU LIKE.	
00105	0D08:0:9	대사	03:23	JUST JUMP INSIDE FOR A NICE DINGY BONUS!	
00106	0D08:1:2	대사	80	NO, NOT REALLY...	
00107	0D08:1:5	대사	80	OH YEAH, THANKS FOR THAT!	
00108	0D08:1:8	대사	80	MUST I?	
00109	0D08:1:9	대사	80	YOU DON'T LOOK ANY CLEANER!	
00110	0D08:1:10	대사	80	IT TOOK KAZOOIE AGES TO GET HER FEATHERS CLEAN AFTER THE LAST TIME...	
00111	0D09:0:0	대사	03:23	WHY HELLO THERE, KAZOOIE!	
00112	0D09:0:1	대사	03:23	I'M DINGPOT - REMEMBER ME?	
00113	0D09:0:4	대사	03:23	I HELPED YOU AT THE END OF BANJO-KAZOOIE.	
00114	0D09:0:7	대사	03:23	SNIFF, YOU'RE SO CRUEL.	
00115	0D09:0:8	대사	03:23	BUT HEY, WHY NOT JUMP INSIDE FOR A NICE DINGY BONUS!	
00116	0D09:1:2	대사	81	NO, SHOULD I?	
00117	0D09:1:5	대사	81	OH YEAH, IT'S OLD STINKPOT!	
00118	0D09:1:8	대사	81	MUST I?	
00119	0D09:1:9	대사	81	I'VE ONLY JUST GOT MY FEATHERS CLEAN FROM LAST TIME...	
00120	0D0A:0:0	대사	E3	IT LOOKS LIKE YOU'VE GOT ALL THE JIGGIES.	
00121	0D0A:0:1	대사	E3	THERE'S A TREAT IN STORE FOR YOU ON THE CINEMA SELECTION SCREEN.	
00122	0D3E:1:1	대사	03:04	CHOOSE A MOVE TO LEARN.	
00123	0D3F:1:1	대사	03:04	PRESS {86} TO RETURN TO YOUR MOLE-RESTORING QUEST.	
00124	0D40:1:1	대사	03:04	PRESS UP OR DOWN ON THE CONTROL STICK TO HIGHLIGHT AN OPTION, THEN PRESS {87} TO CHOOSE IT.	
00125	0D41:1:1	대사	03:04	COME ON, HURRY UP!	
00126	0D41:1:2	대사	03:04	GET AFTER THE WITCH AND FIND A WAY OF BRINGING ME BACK TO LIFE!	
00127	0D42:0:0	대사	E3	LISTEN UP TO WHAT YOU'RE TOLD,	
00128	0D42:0:1	대사	E3	ON THE EDGES YOU CAN NOW HOLD!	
00129	0D42:0:2	대사	E3	MOVE ALONG WITH THE GREATEST OF EASE,	
00130	0D42:0:3	대사	E3	BUTTON {86} TO ATTACK WHAT YOU PLEASE!	
00131	0D43:0:0	대사	E3	THE GRIP GRAB ALLOWS YOU TO AUTOMATICALLY GRAB EDGES, THEN USE THE CONTROL STICK TO MOVE ALONG THEM.	
00132	0D43:0:1	대사	E3	WHILE GRABBING, PRESS {86} TO ATTACK, {87} TO CLIMB UP ONTO THE EDGE OR {81} TO RELEASE YOUR HOLD AND FALL.	
00133	0D44:0:0	대사	E3	YOU'RE JOKIN', BOY!	
00134	0D44:0:2	대사	E3	I NEED AT LEAST ~ NOTES TO TEACH YOU THE GRIP GRAB...	
00135	0D45:0:0	대사	E3	HERE'S A MOVE THAT'S A LOAD OF FUN,	
00136	0D45:0:1	대사	E3	NOW USE KAZOOIE AS A HAND-HELD GUN!	
00137	0D45:0:2	대사	E3	{81} FIRES EGGS BOTH HIGH AND LOW,	
00138	0D45:0:3	대사	E3	TARGITZAN'S TEMPLE IN YOU CAN GO!	
00139	0D46:0:0	대사	E3	THE BREEGULL BLASTER ALLOWS YOU TO USE KAZOOIE AS A HAND-HELD EGG-FIRING GUN IN FIRST-PERSON VIEW SECTIONS.	
00140	0D46:0:1	대사	E3	PRESS {81} TO FIRE EGGS AND USE {80} TO TOGGLE THE AIMING SIGHT ON AND OFF.	
00141	0D47:0:0	대사	E3	GET OUTTA HERE, PUNK!	
00142	0D47:0:1	대사	E3	YOU GOTTA GET ME AT LEAST ~ NOTES TO LEARN THE BREEGULL BLASTER...	
00143	0D48:0:0	대사	E3	WHAT YOU NEED IS AN AIMING SIGHT,	
00144	0D48:0:1	대사	E3	HIT THE TARGET THEN YOU MIGHT!	
00145	0D48:0:2	대사	E3	FIRST-PERSON VIEW BY PRESSING {83},	
00146	0D48:0:3	대사	E3	HIT {81} TO FIRE WITH ACCURACY!	
00147	0D49:0:0	대사	E3	THE EGG AIM ALLOWS YOU TO FIRE YOUR EGGS MORE ACCURATELY.	
00148	0D49:0:1	대사	E3	WHILE IN BANJO'S EYES VIEW, USE {81} TO FIRE EGGS AND {84} TO TOGGLE THE AIMING SIGHT OFF AND ON.	
00149	0D4A:0:0	대사	E3	PAH, IS THAT ALL YOU GOT?	
00150	0D4A:0:2	대사	E3	I WANNA SEE AT LEAST ~ NOTES BEFORE I TELL YOU ABOUT THE EGG AIM...	
00151	0D4B:0:0	대사	E3	A BRAND NEW EGG YOU HAVE ACQUIRED,	
00152	0D4B:0:1	대사	E3	NOW I'LL TELL YOU HOW THEY'RE FIRED!	
00153	0D4B:0:2	대사	E3	TAP {80} TO GET YOUR EGGS ON VIEW,	
00154	0D4B:0:3	대사	E3	TAP IT AGAIN UNTIL IT'S RIGHT FOR YOU!	
00155	0D4C:0:0	대사	E3	THIS MAKES BREAKING SO MUCH FUN,	
00156	0D4C:0:1	대사	E3	NOW LISTEN UP TO HOW IT'S DONE!	
00157	0D4C:0:2	대사	E3	LEAP HIGH IN THE AIR AND THEN HOLD {81},	
00158	0D4C:0:3	대사	E3	WATCH KAZOOIE SPIN AND DRILL WITH HER HEAD!	
00159	0D4D:0:0	대사	E3	THE BILL DRILL ALLOWS YOU TO DESTROY STRONGER OBJECTS THAT THE BEAK BUSTER CAN'T.	
00160	0D4D:0:1	대사	E3	JUMP IN THE AIR, THEN PRESS AND HOLD {81}.	
00161	0D4E:0:0	대사	E3	GET OUTTA HERE, PUNK!	
00162	0D4E:0:2	대사	E3	YOU GOTTA GET ME AT LEAST ~ NOTES TO LEARN THE BILL DRILL...	
00163	0D4F:0:0	대사	E3	ANOTHER USE FOR THE FEATHERED FREAK,	
00164	0D4F:0:1	대사	E3	MAKES GOOD USE OF HER POINTY BEAK!	
00165	0D4F:0:2	대사	E3	THE BAD GUYS KNOW THAT IT'S NO JOKE,	
00166	0D4F:0:3	대사	E3	JUST PRESS {86} TO GIVE 'EM A POKE!	
00167	0D50:0:0	대사	E3	THE BEAK BAYONET ALLOWS YOU TO DEFEND YOURSELF IN FIRST-PERSON VIEW SECTIONS WITHOUT USING EGGS.	
00168	0D50:0:1	대사	E3	SIMPLY PRESS {86}.	
00169	0D51:0:0	대사	E3	PAH, IS THAT ALL YOU GOT?	
00170	0D51:0:2	대사	E3	I WANNA SEE AT LEAST ~ NOTES BEFORE I TELL YOU ABOUT THE BEAK BAYONET...	
00171	0D52:1:0	대사	03:04	USE THE CONTROL STICK TO MOVE AROUND.	
00172	0D52:1:1	대사	03:04	THE MORE THE CONTROL STICK IS PRESSED, THE FASTER YOU WILL MOVE, VARYING FROM A TIPTOE TO A RUN.	
00173	0D53:1:0	대사	03:04	THESE ALLOW YOU TO RUN EXTREMELY FAST FOR A LIMITED TIME.	
00174	0D54:1:0	대사	03:04	THESE ALLOW YOU TO SAFELY WADE THROUGH DANGEROUS AREAS FOR A LIMITED TIME.	
00175	0D55:1:0	대사	03:04	PRESS {86} WHEN STANDING FOR A BASIC PECK ATTACK.	
00176	0D55:1:1	대사	03:04	PRESS {86} WHILE MOVING TO PERFORM A ROLLING ATTACK.	
00177	0D55:1:2	대사	03:04	FINALLY, PRESS {86} WHILE JUMPING FOR YOUR AIRBORNE PECK ATTACK.	
00178	0D56:1:0	대사	03:04	PRESS AND HOLD {81} TO CROUCH, THEN PRESS {83} OR {84} TO FIRE EGGS FORWARDS OR BACKWARDS.	
00179	0D57:1:0	대사	03:04	PRESS AND HOLD {81} TO CROUCH, THEN PRESS {82} TO ACTIVATE THE MOVE. CONTINUE TO HOLD {81} AND USE THE CONTROL STICK TO MOVE AROUND.	
00180	0D57:1:1	대사	03:04	YOU'LL BE INVULNERABLE TO MOST THINGS, BUT THE MOVE COSTS GOLD FEATHERS.	
00181	0D58:1:0	대사	03:04	PRESS AND HOLD {81}, THEN PRESS {85}. CONTINUE TO HOLD {81} AND USE THE CONTROL STICK TO MOVE AROUND.	
00182	0D58:1:1	대사	03:04	USE THIS MOVE TO COVER GROUND FASTER AND SCALE STEEPER SLOPES.	
00183	0D59:1:0	대사	03:04	PRESS {87} FOR A NORMAL JUMP.	
00184	0D59:1:1	대사	03:04	PRESS {87} WHILE JUMPING TO PERFORM A FEATHERY FLAP EXTENDED JUMP.	
00185	0D59:1:2	대사	03:04	FINALLY, PRESS AND HOLD {81} TO CROUCH, THEN PRESS {87} FOR YOUR BACKFLIP JUMP.	
00186	0D5A:1:0	대사	03:04	YOU WILL AUTOMATICALLY GRAB A CLIMBABLE OBJECT BY JUMPING ONTO IT.	
00187	0D5A:1:1	대사	03:04	USE THE CONTROL STICK TO MOVE UP OR DOWN, PRESS {87} TO JUMP OFF OR ALTERNATIVELY {81} TO JUST RELEASE YOUR HOLD.	
00188	0D5A:1:2	대사	03:04	YOU CAN ALSO BRING THE CAMERA LEVEL BY PRESSING {80}.	
00189	0D5B:1:0	대사	03:04	PRESS AND HOLD {81}, THEN PRESS {86}.	
00190	0D5B:1:1	대사	03:04	THIS CAN ALSO BE USED TO HIT SWITCHES.	
00191	0D5C:1:0	대사	03:04	PRESS {87} TO JUMP, THEN PRESS {81} WHILE IN THE AIR.	
00192	0D5D:1:0	대사	03:04	LOOK OUT FOR THE PADS WITH AN IMAGE OF KAZOOIE'S FEET ON THEM.	
00193	0D5D:1:1	대사	03:04	STAND ON ONE, THEN PRESS AND HOLD {87}.	
00194	0D5E:1:0	대사	03:04	USE THE CONTROL STICK TO MOVE AROUND ON THE SURFACE.	
00195	0D5E:1:1	대사	03:04	PRESS {86} TO DIVE.	
00196	0D5F:1:0	대사	03:04	ONCE UNDERWATER, PRESS {87} TO SWIM SLOWLY AND {86} TO SWIM QUICKLY.	
00197	0D60:1:0	대사	03:04	LOOK OUT FOR THE PADS WITH AN IMAGE OF RED FEATHERS ON THEM.	
00198	0D60:1:1	대사	03:04	STAND ON ONE, THEN PRESS {87} TO TAKE OFF.	
00199	0D60:1:2	대사	03:04	ONCE AIRBORNE, USE THE CONTROL STICK TO STEER AND PRESS {87} TO FLY HIGHER.	
00200	0D60:1:3	대사	03:04	HOWEVER, EACH TIME YOU DO THIS IT WILL COST YOU ONE RED FEATHER.	
00201	0D61:1:0	대사	03:04	WHEN FLYING, SIMPLY PRESS {86}.	
00202	0D61:1:1	대사	03:04	THIS IS A MISSILE-LIKE ATTACK WHICH CAN ALSO BE GUIDED BY USING THE CONTROL STICK.	
00203	0D62:1:0	대사	03:04	PRESS {85} OR {82} TO ROTATE THE CAMERA IN SMALL AMOUNTS.	
00204	0D62:1:1	대사	03:04	PRESS AND HOLD {85} OR {82} TO ROTATE THE CAMERA CONSTANTLY.	
00205	0D62:1:2	대사	03:04	PRESS {84} TO SELECT BETWEEN THE CAMERA DISTANCES AVAILABLE.	
00206	0D62:1:3	대사	03:04	PRESS {83} TO USE THE BANJO'S EYES VIEW. USE THE CONTROL STICK TO LOOK AROUND AND PRESS {83} AGAIN TO EXIT.	
00207	0D63:0:0	대사	E3	YOU GOTTA BE KIDDIN', BOY!	
00208	0D63:0:2	대사	E3	I NEED AT LEAST ~ NOTES TO TEACH YOU ABOUT AIRBORNE AIMING...	
00209	0D64:0:0	대사	E3	SHOOTING EGGS DEFENDS BIRD AND BEAR,	
00210	0D64:0:1	대사	E3	SO WHY NOT FIRE THEM IN THE AIR!	
00211	0D64:0:2	대사	E3	{83} GIVES YOU THE AIMING SIGHT,	
00212	0D64:0:3	대사	E3	THEN PRESS {81} TO SHOOT FROM HEIGHT!	
00213	0D65:0:0	대사	E3	AIRBORNE AIMING ALLOWS YOU TO FIRE EGGS WHILE FLYING.	
00214	0D65:0:1	대사	E3	WHILE IN BANJO'S EYES VIEW, USE {81} TO FIRE AND {84} TO TOGGLE THE AIMING SIGHT OFF AND ON.	
00215	0D66:0:0	대사	E3	GET OUTTA HERE, PUNK!	
00216	0D66:0:2	대사	E3	YOU GOTTA GET ME AT LEAST ~ NOTES TO LEARN HOW TO SPLIT UP...	
00217	0D67:0:0	대사	E3	SEPARATE SKILLS ARE WHAT YOU LACK,	
00218	0D67:0:1	대사	E3	SO LET'S GET KAZOOIE OUT YOUR PACK!	
00219	0D67:0:2	대사	E3	FIND YOUR PADS IS WHAT YOU DO,	
00220	0D67:0:3	대사	E3	PRESSING {87} MAKES ONE BECOME TWO!	
00221	0D68:0:0	대사	E3	SPLITTING UP ALLOWS BANJO AND KAZOOIE TO BE CONTROLLED ON THEIR OWN.	
00222	0D68:0:1	대사	E3	FIND A PAIR OF PADS WITH BANJO AND KAZOOIE'S IMAGE ON THEM, STAND ON THE BANJO PAD AND PRESS {87}.	
00223	0D68:0:3	대사	E3	ONCE SEPARATED, YOU CAN STAND ON THE PAD OR NEAR A SWAP CLOUD AND PRESS {87} TO CHANGE TO THE OTHER CHARACTER.	
00224	0D68:0:4	대사	E3	TO JOIN BACK UP AGAIN, SIMPLY TOUCH THE TWO CHARACTERS TOGETHER.	
00225	0D69:0:0	대사	E3	PAH, IS THAT ALL YOU GOT?	
00226	0D69:0:2	대사	E3	I WANNA SEE AT LEAST ~ NOTES BEFORE I TELL YOU ABOUT THE PACK WHACK...	
00227	0D6A:0:0	대사	E3	BANJO'S NOW GOT AN EMPTY PACK,	
00228	0D6A:0:1	대사	E3	SO WHY NOT USE IT TO ATTACK!	
00229	0D6A:0:2	대사	E3	JUST PRESS {86} AND ROUND IT SWINGS,	
00230	0D6A:0:3	대사	E3	BUMPS 'N' BRUISES TO BADDIES IT BRINGS!	
00231	0D6B:0:0	대사	E3	THE PACK WHACK ALLOWS BANJO TO DEFEND HIMSELF WHEN HE IS ON HIS OWN.	
00232	0D6B:0:1	대사	E3	PRESS {86} WHEN RUNNING, JUMPING OR STANDING STILL.	
00233	0D6C:0:0	대사	E3	PRESS {87} TO LEARN THE MOVE, OR {86} TO BE DISMISSED.	
00234	0D6D:0:0	대사	E3	HAVE IT YOUR WAY.	
00235	0D6D:0:1	대사	E3	I'M OUT OF HERE.	
00236	0D6E:0:0	대사	E3	THAT'LL BE ALL.	
00237	0D6F:0:0	대사	E3	FORGET IT, PUNK!	
00238	0D6F:0:1	대사	E3	YOU WON'T BE NEEDING THAT FLEABAG WITH YOU TO LEARN THIS ONE.	
00239	0D6F:1:1	대사	81	WHY, YOU CHEEKY...	
00240	0D70:0:0	대사	E3	NO WAY, SON.	
00241	0D70:0:1	대사	E3	I'LL ONLY TEACH YOU THIS ONE ONCE YOU'VE GOT RID OF THAT DUMB BIRD.	
00242	0D70:1:1	대사	81	YOU'RE SO FUNNY...	
00243	0D71:0:0	대사	E3	GET OUTTA HERE!	
00244	0D71:0:1	대사	E3	THIS ONE'S NOT FOR YOU, FLEABAG. IT'S FOR THAT FAT BEAR.	
00245	0D72:0:0	대사	E3	BEAT IT, BIRDBRAIN!	
00246	0D72:0:1	대사	E3	THIS ONE'S TO BE TAUGHT TO CLUMSY BEARS ONLY.	
00247	0D73:0:0	대사	E3	FORGET IT, PUNK!	
00248	0D73:0:1	대사	E3	THIS ONE'S ONLY FOR THAT FLEABAG BUDDY OF YOURS.	
00249	0D74:0:0	대사	E3	'FRAID NOT, SON.	
00250	0D74:0:1	대사	E3	I NEED TO SEE BIRDBRAIN ON HER OWN TO TEACH THIS ONE.	
00251	0D75:0:0	대사	E3	FORGET IT, PUNK!	
00252	0D75:0:1	대사	E3	YOU WON'T BE NEEDED TO LEARN THIS ONE, JUST FLEAGIRL THERE. 	
00253	0D75:1:1	대사	80	OH...	
00254	0D76:0:0	대사	E3	IT AIN'T HAPPENING, LADY.	
00255	0D76:0:1	대사	E3	YOU NEED TO GET RID OF LARDY BOY BEFORE YOU LEARN THIS ONE.	
00256	0D76:1:1	대사	81	FAIR ENOUGH.	
00257	0D77:0:0	대사	E3	WHERE'S FLEABAG?	
00258	0D77:0:1	대사	E3	YOU'LL BE NEEDING HER WITH YOU TO LEARN THIS ONE.	
00259	0D78:0:0	대사	E3	ON YOUR OWN, PUNK?	
00260	0D78:0:1	대사	E3	WELL, YOU'D BETTER GROW FEATHERS BEFORE I TEACH YOU THIS ONE.	
00261	0D79:0:0	대사	E3	ONLY YOU, BIRDBRAIN?	
00262	0D79:0:1	대사	E3	YOU'LL NEED THAT FURRY PUNK, TOO, BEFORE I'LL SHOW YOU THIS ONE.	
00263	0D7A:0:0	대사	E3	WHAT HAPPENED TO THE BEAR?	
00264	0D7A:0:1	대사	E3	YOU CAN'T DO THIS MOVE ON YOUR OWN, FEATHER BRAIN.	
00265	0D7B:0:0	대사	E3	GET OUTTA HERE, LOSER.	
00266	0D7B:0:1	대사	E3	I ONLY TEACH BEARS AND BIRDS, NOT...WHATEVER IT IS YOU ARE!	
00267	0D7C:0:0	대사	E3	BEAT IT, WEIRDO!	
00268	0D7C:0:1	대사	E3	JAMJARS' ADVANCED TRAINING SCHOOL IS FOR BEARS AND BIRDS ONLY.	
00269	0D7D:0:0	대사	B6	WHERE DO YOU WANT TO GO?	
00270	0D7E:0:0	대사	B6	COME ON, COME ON...	
00271	0D7F:0:0	대사	B6	I HAVEN'T GOT ALL DAY...	
00272	0D80:0:0	대사	B6	THERE'S NO TRAIN STATIONS OPEN FOR MY TRAIN TO GO TO.	
00273	0D81:0:0	대사	E3	YOU HAVE SPLIT UP.	
00274	0D81:0:1	대사	E3	TO CHANGE TO THE OTHER CHARACTER, STAND ON YOUR PAD OR NEAR A SWAP CLOUD AND PRESS {87}.	
00275	0D81:0:2	대사	E3	TO REJOIN, SIMPLY TOUCH THE TWO CHARACTERS TOGETHER.	
00276	0D82:0:0	대사	E3	THESE ARE SPLIT-UP PADS.	
00277	0D83:0:0	대사	E3	{81} LAUNCHES BIRD, JUST WATCH HER GO,	
00278	0D83:0:1	대사	E3	THROUGH THE WATER LIKE A TORPEDO!	
00279	0D83:0:2	대사	E3	CONTROL STICK TO STEER 'N' {87} FOR SPEED,	
00280	0D83:0:3	대사	E3	{86} TO CANCEL IF IT'S BANJO YOU NEED!	
00281	0D84:0:0	대사	E3	THE TALON TORPEDO ALLOWS YOU TO FIRE KAZOOIE LIKE A GUIDED TORPEDO TO DESTROY OBJECTS.	
00282	0D84:0:1	대사	E3	PRESS {81} TO LAUNCH HER, THEN USE THE CONTROL STICK TO STEER, {87} TO SPEED UP OR {86} TO CANCEL HER AND RETURN TO BANJO.	
00283	0D85:0:0	대사	E3	GET OUTTA HERE, PUNK!	
00284	0D85:0:2	대사	E3	YOU GOTTA GET ME AT LEAST ~ NOTES TO LEARN THE TALON TORPEDO...	
00285	0D86:0:0	대사	E3	WHEN IN THE WATER AND BADDIES ATTACK,	
00286	0D86:0:1	대사	E3	THIS NEW MOVE WILL LET YOU SHOOT BACK!	
00287	0D86:0:2	대사	E3	PRESS {83} FOR THE AIMING SIGHT,	
00288	0D86:0:3	대사	E3	FOLLOWED BY {81} TO START A FIGHT!	
00289	0D87:0:0	대사	E3	SUB-AQUA AIMING ALLOWS YOU TO FIRE EGGS WHILE SWIMMING UNDERWATER.	
00290	0D87:0:1	대사	E3	WHILE IN BANJO'S EYES VIEW, USE {81} TO FIRE AND {84} TO TOGGLE THE AIMING SIGHT OFF AND ON.	
00291	0D88:0:0	대사	E3	YOU'RE JOKIN', BOY!	
00292	0D88:0:2	대사	E3	I NEED AT LEAST ~ NOTES TO TEACH YOU ABOUT SUB-AQUA AIMING...	
00293	0D89:0:0	대사	E3	YOU'VE LOST THE SAFETY THAT BANJO BRINGS,	
00294	0D89:0:1	대사	E3	DEFEND YOURSELF NOW WITH YOUR WINGS!	
00295	0D89:0:2	대사	E3	WHIRL THEM AROUND BY PRESSING {86},	
00296	0D89:0:3	대사	E3	A USEFUL ATTACK I THINK YOU'LL AGREE!	
00297	0D8A:0:0	대사	E3	THE WING WHACK ALLOWS KAZOOIE TO DEFEND HERSELF WHEN SHE IS ON HER OWN.	
00298	0D8A:0:1	대사	E3	PRESS {86} WHEN RUNNING, JUMPING OR STANDING STILL.	
00299	0D8B:0:0	대사	E3	IS THAT IT, BIRDBRAIN?	
00300	0D8B:0:2	대사	E3	I WANNA SEE AT LEAST ~ NOTES BEFORE I TELL YOU ABOUT THE WING WHACK...	
00301	0D8C:0:0	대사	E3	USE THE CONTROL STICK TO MOVE THE BOMB AROUND AND DETONATE IT BY PRESSING {86}.	
00302	0D8D:0:0	대사	E3	HIGH-UP LEDGES ARE OUT OF REACH,	
00303	0D8D:0:1	대사	E3	A JUMP TO GET THERE I'LL NOW TEACH!	
00304	0D8D:0:3	대사	E3	CHOOSE YOUR SPOT WITH THE GREATEST CARE,	
00305	0D8D:0:4	대사	E3	ONLY ONE JUMP FOR THE BIRD AND BEAR!	
00306	0D8E:0:0	대사	E3	THE SPRINGY STEP SHOES ALLOW YOU A SINGLE JUMP OF GREAT HEIGHT.	
00307	0D8E:0:1	대사	E3	COLLECT THE SHOES, THEN PRESS {87} TO ACTIVATE THE LEAP OR {86} TO CANCEL THE FOOTWEAR.	
00308	0D8F:0:0	대사	E3	YOU'RE JOKIN', BOY!	
00309	0D8F:0:2	대사	E3	I NEED AT LEAST ~ NOTES TO TEACH YOU ABOUT THE SPRINGY STEP SHOES...	
00310	0D90:0:0	대사	E3	NO KAZOOIE MEANS SPACE IN YOUR PACK,	
00311	0D90:0:1	대사	E3	A WAY TO FILL IT IS WHAT YOU LACK!	
00312	0D90:0:2	대사	E3	PICK LARGE THINGS UP OFF THE GROUND,	
00313	0D90:0:3	대사	E3	IN THEY GO AND CARRY 'EM ROUND!	
00314	0D91:0:0	대사	E3	THE TAXI PACK ALLOWS BANJO TO CARRY LARGER OBJECTS AND CHARACTERS AROUND.	
00315	0D91:0:1	대사	E3	TO REMOVE THE EMPTY BACKPACK, PRESS AND HOLD {81}, THEN PRESS {85}.	
00316	0D91:0:2	대사	E3	CONTINUE TO HOLD {81} AND PRESS {86} TO COLLECT AN OBJECT.	
00317	0D91:0:3	대사	E3	REMOVE THE FULL BACKPACK BY HOLDING {81} AND PRESSING {85} AS BEFORE.	
00318	0D91:0:4	대사	E3	THE CONTENTS WILL AUTOMATICALLY JUMP OUT IF THEY ARE IN THE CORRECT PLACE.	
00319	0D91:0:5	대사	E3	HOWEVER, CONTENTS CAN ALSO BE EMPTIED OUT IN ANY PLACE BY PRESSING {86}.	
00320	0D92:0:0	대사	E3	GET OUTTA HERE, PUNK!	
00321	0D92:0:2	대사	E3	YOU GOTTA GET ME AT LEAST ~ NOTES TO LEARN THE TAXI PACK...	
00322	0D93:0:0	대사	E3	I CAN'T BELIEVE THAT YOU'RE A BIRD,	
00323	0D93:0:1	대사	E3	WHO CAN'T HATCH EGGS IT'S SO ABSURD!	
00324	0D93:0:2	대사	E3	SO HOLD DOWN {81} AND THEN PRESS {86},	
00325	0D93:0:3	대사	E3	THEN A REAL BIRD I'LL FINALLY SEE!	
00326	0D94:0:0	대사	E3	THE HATCH ALLOWS KAZOOIE TO HATCH EGGS.	
00327	0D94:0:1	대사	E3	PRESS AND HOLD {81}, THEN PRESS {86}.	
00328	0D95:0:0	대사	E3	FORGET IT, FLEABAG!	
00329	0D95:0:2	대사	E3	I WANNA SEE AT LEAST ~ NOTES BEFORE I TELL YOU ABOUT THE HATCH...	
00330	0D96:0:0	대사	E3	THIS ONE MAKES YOU SAFE AND SMALL,	
00331	0D96:0:1	대사	E3	TO FIT THROUGH GAPS IN A WALL!	
00332	0D96:0:2	대사	E3	FIRST HOLD {81} THEN PRESS {84},	
00333	0D96:0:3	대사	E3	PROTECTED IN LIQUIDS YOU WILL BE!	
00334	0D97:0:0	대사	E3	THE SHACK PACK ALLOWS BANJO TO ENTER SMALL HOLES AND TO SUBMERGE SAFELY IN DANGEROUS LIQUIDS.	
00335	0D97:0:1	대사	E3	PRESS AND HOLD {81}, THEN PRESS {84}. CONTINUE TO HOLD {81} AND USE THE CONTROL STICK TO MOVE HIM AROUND.	
00336	0D98:0:0	대사	E3	GET OUTTA HERE, PUNK!	
00337	0D98:0:2	대사	E3	YOU GOTTA GET ME AT LEAST ~ NOTES TO LEARN THE SHACK PACK...	
00338	0D99:0:0	대사	E3	NOW YOU'RE LIFTING NO BIG FAT BEAR,	
00339	0D99:0:1	대사	E3	EASY IT'LL BE TO GLIDE THROUGH THE AIR!	
00340	0D99:0:2	대사	E3	JUMP UP HIGH AND THEN HOLD {81},	
00341	0D99:0:3	대사	E3	DON'T NEED FLY PADS OR FEATHERS RED!	
00342	0D9A:0:0	대사	E3	THE GLIDE ALLOWS KAZOOIE TO GLIDE THROUGH THE AIR WITHOUT THE NEED FOR FLY PADS OR RED FEATHERS.	
00343	0D9A:0:1	대사	E3	JUMP IN THE AIR, THEN PRESS AND HOLD {81}.	
00344	0D9B:0:0	대사	E3	NOT ENOUGH, FLEABAG!	
00345	0D9B:0:2	대사	E3	I WANNA SEE AT LEAST ~ NOTES BEFORE I TELL YOU HOW TO GLIDE...	
00346	0D9C:0:0	대사	E3	WEAR THESE BOOTS AND NO MORE FALLS,	
00347	0D9C:0:1	대사	E3	AS THEY LET YOU WALK UP WALLS!	
00348	0D9C:0:2	대사	E3	LET ME TELL YOU HOW IT'S DONE,	
00349	0D9C:0:3	대사	E3	KAZOOIE'S FOOTPRINTS UP YOU RUN!	
00350	0D9D:0:0	대사	E3	THE CLAW CLAMBER BOOTS ALLOW YOU TO SCALE VERTICAL WALLS WHICH HAVE KAZOOIE'S FOOTPRINTS ON THEM.	
00351	0D9D:0:1	대사	E3	COLLECT THE BOOTS, THEN SIMPLY RUN UP THE WALL!	
00352	0D9D:0:2	대사	E3	YOU CAN ALSO PRESS {86} TO CANCEL THE FOOTWEAR.	
00353	0D9E:0:0	대사	E3	C'MON, YOU TWO!	
00354	0D9E:0:2	대사	E3	I NEED AT LEAST ~ NOTES TO TEACH YOU ABOUT THE CLAW CLAMBER BOOTS...	
00355	0D9F:0:0	대사	E3	WHEN YOU'RE FEELING RATHER LOW,	
00356	0D9F:0:1	대사	E3	I KNOW A PLACE THAT YOU CAN GO!	
00357	0D9F:0:2	대사	E3	{81} FOLLOWED BY {82} REMOVES YOUR PACK,	
00358	0D9F:0:3	대사	E3	HAVE A NAP TO GET ENERGY BACK!	
00359	0DA0:0:0	대사	E3	THE SNOOZE PACK ALLOWS BANJO TO TAKE A NAP INSIDE HIS BACKPACK TO RECOVER ENERGY.	
00360	0DA0:0:1	대사	E3	PRESS AND HOLD {81}, THEN PRESS {82}. CONTINUE TO HOLD {81} UNTIL HIS HEALTH IS RESTORED.	
00361	0DA1:0:0	대사	E3	GET OUTTA HERE, PUNK!	
00362	0DA1:0:2	대사	E3	YOU GOTTA GET ME AT LEAST ~ NOTES TO LEARN THE SNOOZE PACK...	
00363	0DA2:0:0	대사	E3	WANT THIS ONE I THINK YOU MIGHT,	
00364	0DA2:0:1	대사	E3	IT GREATLY INCREASES YOUR JUMPING HEIGHT!	
00365	0DA2:0:2	대사	E3	HOLD DOWN {81} AND THEN PRESS {87},	
00366	0DA2:0:3	대사	E3	BEND YOUR LEGS AND BE ON YOUR WAY!	
00367	0DA3:0:0	대사	E3	THE LEG SPRING ALLOWS KAZOOIE TO PERFORM A HIGH JUMP ON HER OWN.	
00368	0DA3:0:1	대사	E3	PRESS AND HOLD {81}, THEN PRESS {87}.	
00369	0DA4:0:0	대사	E3	FORGET IT, FLEABAG!	
00370	0DA4:0:2	대사	E3	I WANNA SEE AT LEAST ~ NOTES BEFORE I TELL YOU HOW TO LEG SPRING...	
00371	0DA5:0:0	대사	E3	TEXT ERROR?	
00372	0DA6:0:0	대사	E3	THIS IS ONE OF MY SILOS.	
00373	0DA6:0:1	대사	E3	OPEN UP SOME MORE TO CREATE A NETWORK OF SHORTCUT TUNNELS.	
00374	0DA7:0:0	대사	E3	OPEN UP ALL MY SILOS TO CREATE SHORTCUT TUNNELS AROUND THE ISLAND.	
00375	0DA8:0:0	대사	E3	NOT YET, PUNK!	
00376	0DA8:0:1	대사	E3	YOU'LL NEED TO OPEN ANOTHER SILO BEFORE YOU CAN USE A SHORTCUT.	
00377	0DA9:0:0	대사	E3	YOU'LL NEED TO LEARN ABOUT THE KAZOOIE-GUN MOVE BEFORE ENTERING THIS SECTION.	
00378	0DAA:0:0	대사	E3	I'VE TOLD YOU BEFORE, YOU NEED TO LEARN THE KAZOOIE-GUN MOVE.	
00379	0DAB:0:0	대사	E3	NOW'S THE TIME FOR YOU TO LEARN,	
00380	0DAB:0:1	대사	E3	SHOOTING EGGS THAT CRACKLE AND BURN!	
00381	0DAC:0:0	대사	E3	FIRE EGGS ALLOW KAZOOIE TO FIRE FLAMING PROJECTILES.	
00382	0DAC:0:1	대사	E3	SELECT THESE EGGS BY PRESSING {80} UNTIL THEY ARE HIGHLIGHTED.	
00383	0DAC:0:2	대사	E3	I'LL ALSO TOP OFF YOUR AMMO.	
00384	0DAD:0:0	대사	E3	FOR BLASTING THINGS THESE EGGS WERE MADE,	
00385	0DAD:0:1	대사	E3	DON'T STAND CLOSE WHEN YOU FIRE A GRENADE!	
00386	0DAE:0:0	대사	E3	GRENADE EGGS ALLOW KAZOOIE TO FIRE EXPLODING PROJECTILES.	
00387	0DAE:0:1	대사	E3	SELECT THESE EGGS BY PRESSING {80} UNTIL THEY ARE HIGHLIGHTED.	
00388	0DAE:0:2	대사	E3	I'LL ALSO TOP OFF YOUR AMMO.	
00389	0DAF:0:0	대사	E3	THE ULTIMATE EGG FOR YOU TO HOLD,	
00390	0DAF:0:1	대사	E3	A CLOCKWORK BOMB THAT'S REMOTE-CONTROLLED!	
00391	0DB0:0:0	대사	E3	CLOCKWORK KAZOOIE EGGS ALLOW KAZOOIE TO FIRE REMOTE-CONTROLLED EXPLODING PROJECTILES.	
00392	0DB0:0:1	대사	E3	SELECT THESE EGGS BY PRESSING {80} UNTIL THEY ARE HIGHLIGHTED.	
00393	0DB0:0:2	대사	E3	ONCE LAUNCHED, USE THE CONTROL STICK TO GUIDE THE EGG AND {86} TO DETONATE IT.	
00394	0DB0:0:3	대사	E3	I'LL ALSO TOP OFF YOUR AMMO.	
00395	0DB1:0:0	대사	E3	FREEZING COLD BUT THAT'S THE PRICE,	
00396	0DB1:0:1	대사	E3	FOR LAUNCHING EGGS OF SOLID ICE!	
00397	0DB2:0:0	대사	E3	ICE EGGS ALLOW KAZOOIE TO FIRE FREEZING PROJECTILES.	
00398	0DB2:0:1	대사	E3	SELECT THESE EGGS BY PRESSING {80} UNTIL THEY ARE HIGHLIGHTED.	
00399	0DB2:0:2	대사	E3	I'LL ALSO TOP OFF YOUR AMMO.	
00400	0DB3:0:0	대사	E3	WHEN FACED BY DANGER JUMP ON TOP,	
00401	0DB3:0:1	대사	E3	NOW IN THE BACKPACK YOU CAN HOP!	
00402	0DB3:0:2	대사	E3	HOLD BUTTON {81} AND THEN TAP {83},	
00403	0DB3:0:3	대사	E3	SAFELY INSIDE IS WHERE YOU'LL BE!	
00404	0DB4:0:0	대사	E3	THE SACK PACK ALLOWS BANJO TO HOP ACROSS DANGEROUS SURFACES.	
00405	0DB4:0:1	대사	E3	PRESS AND HOLD {81}, THEN PRESS {83}. CONTINUE TO HOLD {81} AND USE THE CONTROL STICK TO MOVE HIM AROUND.	
00406	0DB5:0:0	대사	E3	YOU'RE JOKIN', BOY!	
00407	0DB5:0:2	대사	E3	I NEED AT LEAST ~ NOTES TO TEACH YOU ABOUT THE SACK PACK...	
00408	0DB6:0:0	대사	E3	DRILL SERGEANT JAMJARS REPORTING F'DUTY, SIR!	
00409	0DB6:0:2	대사	E3	'COURSE I LOOK LIKE BOTTLES, YOU PUNK. HE'S MY BROTHER!	
00410	0DB6:0:3	대사	E3	HOW'S THE GEEK KEEPIN', ANYHOW?	
00411	0DB6:0:5	대사	E3	SORRY T'HEAR THAT, FLEABALL.	
00412	0DB6:0:6	대사	E3	DID HE GO OUT FIGHTIN'?	
00413	0DB6:0:8	대사	E3	TYPICAL.	
00414	0DB6:0:9	대사	E3	SO YOU'LL BE WANTING T'LEARN SOME OF MY SPECIAL MOVES TO GET EVEN WITH THE WITCH, HUH?	
00415	0DB6:0:11	대사	E3	PAH, HE ONLY KNEW NOVICE MOVES!	
00416	0DB6:0:12	대사	E3	YOU'LL GET NOWHERE WITHOUT MY ADVANCED TECHNIQUES...	
00417	0DB6:0:14	대사	E3	NOT THAT EASY, PUNK.	
00418	0DB6:0:15	대사	E3	YOU'VE GOTTA PROVE YOUR SORRY SELVES FIRST BY COLLECTING ME A FEW NOTES.	
00419	0DB6:0:16	대사	E3	COME BACK IF YOU CAN FIND ENOUGH...	
00420	0DB6:1:1	대사	81	BANJO, GET A LOAD OF THIS BOZO. HE LOOKS LIKE BOTTLES IN UNIFORM.	
00421	0DB6:1:3	대사	80	NOT TOO GOOD.	
00422	0DB6:1:4	대사	81	RECENTLY DECEASED AT THE HANDS OF GRUNTY THE WITCH.	
00423	0DB6:1:6	대사	80	PLAYING CARDS, ACTUALLY.	
00424	0DB6:1:8	대사	81	NOT REALLY. 	
00425	0DB6:1:9	대사	81	BOTTLES TAUGHT US LOADS IN THE LAST GAME...	
00426	0DB6:1:11	대사	80	SOUNDS GOOD TO US, JAMJARS.	
00427	0DB6:1:12	대사	80	WHY NOT TEACH US A FEW NOW?	
00428	0DB6:1:14	대사	81	HEY, WAIT A MINUTE...	
00429	0DB7:0:0	대사	E3	FINDING IT TOUGH, HUH?	
00430	0DB7:0:1	대사	E3	LOOKS LIKE YOU NEED SOME RATIONS...	
00431	0DB8:0:0	대사	E3	YOU'RE JOKIN', BOY!	
00432	0DB8:0:2	대사	E3	I NEED AT LEAST ~ NOTES TO TEACH YOU ABOUT THE FIRE EGGS...	
00433	0DB9:0:0	대사	E3	GET OUTTA HERE, PUNK!	
00434	0DB9:0:2	대사	E3	YOU GOTTA GET ME AT LEAST ~ NOTES TO LEARN THE GRENADE EGGS...	
00435	0DBA:0:0	대사	E3	IS THAT ALL YOU GOT?	
00436	0DBA:0:2	대사	E3	I WANNA SEE AT LEAST ~ NOTES BEFORE I TELL YOU ABOUT THE KAZOOIE BOMB EGGS...	
00437	0DBB:0:0	대사	E3	FORGET IT, DEADBEATS!	
00438	0DBB:0:2	대사	E3	IT'S AT LEAST ~ NOTES BEFORE YOU GET YOUR HANDS ON THE ICE EGGS...	
00439	0DBC:0:0	대사	E3	YOU GOT THAT?	
00440	0DBD:0:0	대사	E3	DISMISSED!	
00441	0DBE:0:0	대사	E3	I SEE YOU'VE GOT ENOUGH NOTES FOR MY FIRST LESSON.	
00442	0DBE:0:1	대사	E3	LISTEN AND LEARN, YOU PUNKS...	
00443	0DBF:0:0	대사	E3	HEY!	
00444	0DBF:0:1	대사	E3	GET YOUR SORRY HIDE OVER HERE AND PRESS {86}!	
00445	0E06:0:0	대사	F3	HMMPH, HMMPH, GRRNNN...	
00446	0E07:0:0	대사	F3	NO GOOD, MISSSTRESSS,	
00447	0E07:0:1	대사	F3	SSSTILL CAN'T SSSHIFT ROCK...	
00448	0E08:0:0	대사	F3	GRRNNN, HMMPH, HMMPH...	
00449	0E08:0:1	대사	F3	ALL BECAUSSSE OF THAT SSSTUPID BEAR!	
00450	0E09:0:0	대사	ED	MUMBO PLAY WELL.	
00451	0E09:0:1	대사	ED	HAS MUCH OF BEAR'S CASH.	
00452	0E0A:1:0	대사	EE	HE'S RIGHT, KAZOOIE.	
00453	0E0A:1:1	대사	EE	THERE GOES YOUR BIRDSEED MONEY!	
00454	0E0A:1:2	대사	EF	DON'T BE SO SURE, BANJO...	
00455	0E0B:0:0	대사	F0	W-WHERE, KAZOOIE?	
00456	0E0B:0:1	대사	F0	I CAN'T SEE HER!	
00457	0E0B:1:1	대사	EF	OH... ER, FALSE ALARM, BOTTLES. MUST'VE BEEN SOME SHADOWS.	
00458	0E0C:1:0	대사	EF	HEY!	
00459	0E0C:1:1	대사	EF	LOOK OUTSIDE, EVERYONE! GRUNTY THE WITCH IS COMING!	
00460	0E0D:1:0	대사	EF	C'MON, BONE FACE, LET'S PLAY.	
00461	0E0D:1:1	대사	EF	I FEEL LUCKY!	
00462	0E0E:0:0	대사	F0	S-STOP R-ROCKING THE T-TABLE.	
00463	0E0E:0:1	대사	F0	YOU'RE M-MAKING ME S-SICK...	
00464	0E0F:0:0	대사	ED	M-MUMBO NOT R-ROCK T-TABLE.	
00465	0E0F:0:1	대사	ED	WHOLE H-HOUSE S-SHAKES L-LOTS!	
00466	0E10:1:0	대사	EE	P-PERHAPS ONE OF US S-SHOULD G-GO T-TAKE A L-LOOK OUTSIDE...	
00467	0E11:0:0	대사	F1	MMMM...	
00468	0E11:0:1	대사	F1	HURRY, BLOBBELDA, OUR SISTER IS WAITING!	
00469	0E12:0:0	대사	F2	QUICKLY WE MUST GO, OR ANGRY GRUNTY WILL BE!	
00470	0E12:0:1	대사	F1	THEN GET OFF ME YOU MUST, OR MOVE I CANNOT!	
00471	0E13:0:0	대사	F0	IT'S STOPPED NOW.	
00472	0E13:0:1	대사	F0	I WONDER WHAT IT WAS?	
00473	0E14:1:0	대사	EE	SURE WAS NOISY. LET'S GO TAKE A LOOK, KAZOOIE.	
00474	0E14:1:1	대사	EF	B-BUT IT'S DARK OUT THERE AND...ERR, I'LL BE SCARED...	
00475	0E15:0:0	대사	ED	MUMBO MUCH BRAVE. ME GO LOOK OUTSIDE.	
00476	0E15:0:1	대사	ED	BACK IN MINUTE!	
00477	0E16:1:0	대사	EF	WHAT A SUCKER, HUH?	
00478	0E16:1:1	대사	EF	C'MON, BANJO, GIMME A HAND...	
00479	0E17:1:0	대사	EE	KAZOOIE!!!	
00480	0E18:0:0	대사	F3	SSSORRY, MISSSTRESSS, I HAVE FAILED YOU...	
00481	0E19:0:0	대사	F1	WORRY GRUNTY MUSTN'T, GET YOU OUT YOUR SISTERS WILL!	
00482	0E1A:0:0	대사	F2	BIG ROCK IS, SO POWERS WE MUST COMBINE!	
00483	0E1B:0:0	대사	F1	GRUNTY'S SISTERS YOU SHOULD NOT MOCK,	
00484	0E1B:0:1	대사	F1	NOW WATCH OUR MAGIC BLAST THIS ROCK!	
00485	0E1C:0:0	대사	F2	GONE ROCK HAS, SO OUT YOU CAN COME.	
00486	0E1D:0:0	대사	F4	NO, NO, NO, THIS CANNOT BE,	
00487	0E1D:0:1	대사	F4	WHAT'S HAPPENED TO LITTLE OLD ME?	
00488	0E1E:0:0	대사	F1	NICE GRUNTY LOOKS, LOST WEIGHT YOU HAVE!	
00489	0E1F:0:0	대사	F4	I HATE BONES, A BODY I NEED,	
00490	0E1F:0:1	대사	F4	CAN YOU HELP WITH THIS LITTLE DEED?	
00491	0E20:0:0	대사	F2	YES, PLAN TO HELP WE HAVE, SO BACK TO OUR CASTLE WE MUST GO!	
00492	0E21:0:0	대사	F4	RIGHT THEN, GIRLS, LET'S FIX ME UP,	
00493	0E21:0:1	대사	F4	THEN BANJO'S HAIRY BUTT I'LL WHUP!	
00494	0E22:0:0	대사	ED	THIS NOT GOOD.	
00495	0E22:0:1	대사	ED	ME GO TELL BANJO!	
00496	0E23:0:0	대사	F1	ARRGGH!	
00497	0E23:0:1	대사	F1	SEEN US BONY MAN HAS, HIM WE MUST WHACK!	
00498	0E24:0:0	대사	F4	LEAVE IT TO ME, HE'S NO HASSLE,	
00499	0E24:0:1	대사	F4	I'LL KICK BUTT, THEN OFF TO THE CASTLE!	
00500	0E25:0:1	대사	F0	BUT YOU CHEATED, KAZOOIE. THAT'S NOT...	
00501	0E25:1:0	대사	EF	GUESS I'LL BE HAVING THAT BIRDSEED AFTER ALL, HUH, BANJO?	
00502	0E26:0:0	대사	ED	EVERYONE...	
00503	0E26:0:1	대사	ED	...GASP...MUST RUN!	
00504	0E26:0:2	대사	ED	...PANT...QUICK, GRUNTY COMING!	
00505	0E27:0:0	대사	F4	REVENGE IS MINE, I CANNOT MISS,	
00506	0E27:0:1	대사	F4	LET'S SEE THAT FURRY FOOL DODGE THIS!	
00507	0E28:1:0	대사	EF	YEAH, YEAH, SKULL BOY, AND I BET SHE HAD TWO HEADS!	
00508	0E29:0:0	대사	ED	NO JOKE!	
00509	0E29:0:1	대사	ED	LOOK...PANT...SPELL COMING!	
00510	0E2A:1:0	대사	EE	HE'S RIGHT!	
00511	0E2A:1:1	대사	EE	QUICK, EVERYONE OUT!	
00512	0E2B:0:0	대사	F0	I'M NOT FALLING FOR THAT TRICK AGAIN! I'M STAYING RIGHT HERE.	
00513	0E2C:0:0	대사	F1	HURRY YOU MUST, READY TO LEAVE WE ARE!	
00514	0E2D:0:0	대사	F4	HOLD ON, SIS, I'M NEARLY THERE,	
00515	0E2D:0:1	대사	F4	I'VE JUST BEEN TO BLAST THAT BEAR!	
00516	0E2E:0:0	대사	F2	TROOPS WE WILL LEAVE, DESTROY AREA THEY WILL!	
00517	0E2F:0:0	대사	F3	SSSTOP!	
00518	0E2F:0:1	대사	F3	WAIT FOR ME, MISSSTRESSS GRUNTY...	
00519	0E2F:0:2	대사	F4	NO, NO, KLUNGO, YOU STAY HERE,	
00520	0E2F:0:3	대사	F4	I'LL BE BACK, HAVE NO FEAR!	
00521	0E30:0:0	대사	ED	GROAN...	
00522	0E30:0:1	대사	ED	MUMBO'S HEAD HURTS...	
00523	0E31:1:0	대사	EF	LOOK AT OUR HOUSE!	
00524	0E31:1:1	대사	EE	WELL, AT LEAST EVERYONE GOT OUT SAFELY...	
00525	0E32:1:0	대사	EF	HANG ON, WHERE'S GOGGLE BOY?	
00526	0E33:0:0	대사	ED	UH-HUH.	
00527	0E33:0:1	대사	ED	MOLE LOOKS MUCH UNWELL.	
00528	0E34:1:0	대사	EE	IT'S WORSE THAN THAT...	
00529	0E34:1:1	대사	EE	...GRUNTY'S KILLED POOR BOTTLES!	
00530	0E35:0:0	대사	ED	GRUNTY WRECK HOUSE AND KILL BOTTLES - SHE MUST PAY.	
00531	0E35:0:1	대사	ED	BEAR AND BIRD GET AFTER WITCH - MUMBO SEE YOU LATER.	
00532	0E36:1:0	대사	EF	GREAT, I GET TO PECK SOME MORE WITCH BUTT!	
00533	0E36:1:1	대사	EF	LET'S GO, BANJO!	
00534	0E36:1:2	대사	EE	SIGH...	
00535	0E36:1:3	대사	EE	I'VE A FEELING IT'S NOT GOING TO BE SO EASY THIS TIME...	
00536	0E37:1:0	대사	EF	HE WASN'T THE FAVORITE CHARACTER IN BANJO-KAZOOIE ANYWAY...	
00537	0E37:1:1	대사	EE	KAZOOIE!	
00538	0E37:1:2	대사	EF	SORRY...	
00539	0E38:0:0	대사	F4	NO, NO, KLUNGO, YOU STAY THERE,	
00540	0E38:0:1	대사	F4	TRY AND STOP THAT STUPID BEAR!	
00541	0E39:0:0	대사	F4	C'MON, SISTERS, TIME I LACK,	
00542	0E39:0:1	대사	F4	WHAT'S THE PLAN TO GET MY BODY BACK?	
00543	0E3A:0:0	대사	F1	ANNOYING YOUR RHYMING IS,	
00544	0E3A:0:1	대사	F1	SO STOP IT OR WE WILL NOT TELL!	
00545	0E3B:0:0	대사	F4	OH...                     	
00546	0E3B:0:1	대사	F4	IF I MUST.	
00547	0E3C:0:0	대사	F2	B.O.B. THIS IS.       	
00548	0E3C:0:1	대사	F2	BIG-O-BLASTER BUILT BY MINGY AND ME.	
00549	0E3C:0:2	대사	F2	LIFE FORCE FROM GROUND, PLANTS AND CREATURES IT CAN SUCK.	
00550	0E3D:0:0	대사	F1	STORED IN BIG TANK LIFE FORCE IS.	
00551	0E3D:0:1	대사	F1	SHOWER GRUNTY WILL TAKE WHEN TANK FULL,	
00552	0E3D:0:2	대사	F1	THEN NEW BODY YOU WILL HAVE!	
00553	0E3E:0:0	대사	F4	AN EVIL AND HEARTLESS PLAN, I LIKE IT!	
00554	0E3E:0:1	대사	F4	HOW LONG WILL IT TAKE TO SUCK UP ENOUGH LIFE FORCE?	
00555	0E3F:0:0	대사	F1	NOT SLIM YOU ARE, SO PLENTY WILL BE NEEDED!	
00556	0E40:0:0	대사	F4	SO START BLASTING!	
00557	0E41:0:0	대사	F2	PATIENT YOU MUST BE.	
00558	0E41:0:1	대사	F2	TARGET YOU FIRST MUST PICK.	
00559	0E42:0:0	대사	F4	MMM...	
00560	0E42:0:1	대사	F4	THAT CURSED JINGALING HAS JUST GIVEN THE FURRY FOOL A JIGGY.	
00561	0E42:0:2	대사	F4	I RECKON WE SHOULD BLAST THE JINJO KING!	
00562	0E43:0:0	대사	F1	AUTO-TARGETING B.O.B. HAS.	
00563	0E43:0:1	대사	F1	BUTTON YOU ONLY HAVE TO PRESS...	
00564	0E44:0:0	대사	F2	WARMED UP B.O.B. IS, SO BEGIN WILL THE FIRING SEQUENCE...	
00565	0E45:0:0	대사	F1	TARGET B.O.B. HAS HIT, STEAL LIFE FORCE HE WILL!	
00566	0E46:0:0	대사	F2	UNLUCKY B.O.B. WAS, BEAR WE JUST MISSED.	
00567	0E47:0:0	대사	F4	NEVER MIND HIM, WHAT ABOUT THAT TRAITOR JINGALING?	
00568	0E48:0:0	대사	F4	HA, HA, HA!        	
00569	0E48:0:1	대사	F4	HE'S JUST A ZOMBIE NOW!	
00570	0E49:0:0	대사	F1	SUCCESSFUL B.O.B. WAS, JINGALING'S LIFE FORCE WE HAVE.	
00571	0E4A:0:0	대사	F4	RIGHT THEN, GIRLS, LET'S BLAST THE WHOLE ISLAND!	
00572	0E4B:0:0	대사	F2	THIS WE CAN DO, BUT BIG CHARGE-UP B.O.B. WILL NEED.	
00573	0E4C:0:0	대사	F1	HOURS IT WILL TAKE, AND REVENGE BEAR WILL SEEK.	
00574	0E4D:0:0	대사	F4	PAH!     	
00575	0E4D:0:1	대사	F4	I WOULDN'T WORRY.	
00576	0E4E:0:0	대사	F4	BANJO'S GOT NO ONE TO HELP HIM NOW THAT MOLE AND JINGALING ARE GONE.	
00577	0E4E:0:1	대사	F4	HE'LL NEVER GET TO US IN TIME!	
00578	0E4F:0:0	대사	E3	WELL, DON'T JUST STAND THERE!	
00579	0E4F:0:1	대사	E3	THERE'S STILL TIME TO SAVE MY BROTHER AND JINGALING BY REVERSING THE GUN'S SETTINGS.	
00580	0E50:1:0	대사	EE	BUT THERE'S NO INSTRUCTIONS...	
00581	0E51:1:0	대사	EF	NO PROBLEM.	
00582	0E51:1:1	대사	EF	I'LL JUST PRESS A FEW BUTTONS AND SEE WHAT HAPPENS!	
00583	0E52:1:0	대사	EE	NO,       	
00584	0E52:1:1	대사	EE	I....     	
00585	0E53:1:0	대사	EF	THERE, THAT SHOULD DO IT.	
00586	0E54:0:0	대사	E3	YOU CRAZY FEATHERED PUNK!	
00587	0E54:0:1	대사	E3	ANYTHING MIGHT HAPPEN NOW...	
00588	0E55:1:0	대사	EF	I WONDER WHAT WE'LL HIT DOWN THERE?	
00589	0E56:1:0	대사	EE	LOOK, IT'S WORKING!	
00590	0E57:1:0	대사	EF	HA!	
00591	0E57:1:1	대사	EF	I BELIEVE YOU OWE ME AN APOLOGY, DUMBJARS!	
00592	0E58:0:0	대사	E3	NOT A CHANCE...	
00593	0E59:0:0	대사	03:2D	THANKS, GUYS.	
00594	0E59:0:1	대사	03:2D	LIFE'S NOT MUCH FUN AS A ZOMBIE!	
00595	0E5A:1:0	대사	EE	BOTTLES NEXT THEN, KAZOOIE.	
00596	0E5A:1:1	대사	EE	HE'S BEEN LIFELESS FOR QUITE A WHILE, SO I THINK YOU'D BETTER TURN IT UP TO FULL POWER.	
00597	0E5B:1:0	대사	EF	NOT UNTIL SOLDIER BOY APOLOGIZES...	
00598	0E5C:0:0	대사	E3	HRMPH... SORRY, KAZOOIE.	
00599	0E5D:1:0	대사	EF	THANK YOU.	
00600	0E5E:0:0	대사	F0	OH NO...	
00601	0E5E:0:1	대사	F0	LOOK AT THE TIME!	
00602	0E5E:0:2	대사	F0	I'M REALLY LATE FOR DINNER - MRS. B WILL KILL ME!	
00603	0E5F:0:0	대사	03:2E	I DON'T CARE HOW BURNT IT IS, YOU'RE STILL EATING IT.	
00604	0E60:0:0	대사	F0	IT'S NOT MY FAULT - THE WITCH KILLED ME AND I'VE ONLY JUST COME BACK TO LIFE.	
00605	0E61:0:0	대사	03:2E	YES, I'M SURE YOU HAVE, DEAR...	
00606	0E62:0:0	대사	03:2E	GOODNESS!	
00607	0E62:0:1	대사	03:2E	WHO MIGHT YOU TWO BE?	
00608	0E63:0:0	대사	03:2D	YO!	
00609	0E63:0:1	대사	03:2D	I'M KING JINGALING AND THIS FINE FELLOW IS KLUNGO.	
00610	0E64:0:0	대사	F3	BEAR AND BIRD FREED KLUNGO FROM EVIL CLUTCHESSS OF MISSSTRESSS.	
00611	0E65:0:0	대사	03:2D	THEY SAVED ME FROM AN ETERNITY AS ONE OF THE UNDEAD!	
00612	0E66:0:0	대사	F3	SSSO WE COME ROUND TO CELEBRATE.	
00613	0E67:0:0	대사	F0	SOUNDS GOOD TO ME!	
00614	0E68:0:0	대사	03:2E	OOOOH, LOVELY.	
00615	0E68:0:1	대사	03:2E	I'LL MAKE US SOME NICE SCONES.	
00616	0E69:0:0	대사	F0	BUT WHERE'S BANJO?	
00617	0E69:0:1	대사	F0	HE'S THE REAL HERO.	
00618	0E6A:0:0	대사	F3	MISSSTRESSS ESSSCAPED, SSSO BRAVE BEAR AND BIRD GOING AFTER HER.	
00619	0E6B:0:0	대사	03:2D	THEY'LL JOIN US LATER, BUT NOW LET'S PARTY!	
00620	0E6C:1:0	대사	EE	SEEMS A BIT QUIET FOR A PARTY.	
00621	0E6D:1:0	대사	EF	HEY, BOTTLE BOY!	
00622	0E6D:1:1	대사	EF	WHERE'S THIS PARTY?	
00623	0E6E:0:0	대사	F0	WELL, ERR...	
00624	0E6E:0:1	대사	F0	IT'S FINISHED, I'M AFRAID.	
00625	0E6E:0:2	대사	F0	THAT KLUNGO SURE WAS HUNGRY - HE'S EATEN EVERYTHING IN THE HOUSE!	
00626	0E6F:0:0	대사	ED	HRMPH.	
00627	0E6F:0:1	대사	ED	MUMBO WANTED TO BOOGIE.	
00628	0E70:0:0	대사	B4	BIG HEAP BUMMER.	
00629	0E71:0:0	대사	E3	IT'S ALL YOUR FAULT, BIRDBRAIN.	
00630	0E71:0:1	대사	E3	YOU SHOULD HAVE DEALT WITH THE BONY CRONE QUICKER.	
00631	0E72:1:0	대사	EF	WELL, AT LEAST I WASN'T HIDING IN MY SILOS LIKE A COWARD...	
00632	0E73:0:0	대사	E3	WHY YOU FEATHERED...	
00633	0E74:0:0	대사	ED	HO, HO, HO!	
00634	0E74:0:1	대사	ED	USELESS WUMBA HID IN WIGWAM TOO!	
00635	0E75:0:0	대사	B4	SHUT UP!	
00636	0E75:0:1	대사	B4	OR WUMBA TURN STUPID SHAMAN INTO A FROG...	
00637	0E76:0:0	대사	ED	ME SUMMON GOLD STATUE TO KICK UGLY WUMBA'S BUTT!	
00638	0E77:0:0	대사	F0	STOP IT, ALL OF YOU!	
00639	0E77:0:1	대사	F0	YOU CAN GO OUTSIDE IF YOU WANT TO ARGUE.	
00640	0E78:1:0	대사	EE	KAZOOIE'S GOT A BETTER IDEA.	
00641	0E79:1:0	대사	EF	YEAH, DOES ANYONE FANCY A KICK AROUND?	
00642	0E7A:0:0	대사	E3	KICK AROUND?	
00643	0E7A:0:1	대사	E3	WHAT'S THAT, PUNK?	
00644	0E7B:1:0	대사	EE	FOLLOW US AND FIND OUT...	
00645	0E7C:1:0	대사	EF	TAKE THAT, WITCH!	
00646	0E7D:0:0	대사	ED	THIS MUCH FUN!	
00647	0E7E:0:0	대사	B4	MUMBO RIGHT, BIG HEAP FUN!	
00648	0E7F:0:0	대사	E3	PASS HER TO ME!	
00649	0E80:1:0	대사	EE	OOOH, I THINK HER EYE JUST FELL OUT!	
00650	0E81:0:0	대사	F4	YOU'LL BE SORRY, ALL OF YOU!	
00651	0E81:0:1	대사	F4	JUST YOU WAIT UNTIL BANJO-THREEIE...	
00652	0E82:0:0	대사	D8	WA-HEY!	
00653	0E82:0:1	대사	D8	WA-HEY! ETC...	
00654	0F06:0:0	대사	9E	LOOK AT THE STATE OF POOR BOVINA'S FIELD...	
00655	0F06:0:2	대사	9E	THIS PLAGUE OF FILTHY FLIES IS SCOFFING MY CROPS!	
00656	0F06:0:4	대사	9E	GET RID OF THE PESKY FLIES, OF COURSE!	
00657	0F06:1:2	대사	80	OH DEAR, HOW CAN WE HELP?	
00658	0F06:1:4	대사	81	SAY YOUR PRAYERS, FLIES!	
00659	0F07:0:0	대사	9E	A-MAIZING!	
00660	0F07:0:1	대사	9E	I CORN HARDLY BELIEVE IT!	
00661	0F07:0:2	대사	9E	YOU WHEATLY SORTED THOSE FLIES OUT!	
00662	0F07:0:5	대사	9E	OH, I GUESS I DO.	
00663	0F07:1:2	대사	81	ENOUGH OF THE CROP JOKES, LADY.	
00664	0F07:1:3	대사	81	I BELIEVE YOU OWE US A JIGGY.	
00665	0F08:0:0	대사	9E	OH NO!	
00666	0F08:0:1	대사	9E	THE FLIES ARE CHOMPING MY CROPS - EXTERMINATE THEM!	
00667	0F09:0:0	대사	A4	STOP RIGHT THERE!	
00668	0F09:0:1	대사	A4	WHAT DO YOU WANT?	
00669	0F09:0:4	대사	A4	OF COURSE IT'S COOL.	
00670	0F09:0:5	대사	A4	EVERYONE WANTS TO SEE THE STONY KICKBALL GAMES!	
00671	0F09:0:8	대사	A4	BOZO?	
00672	0F09:0:9	대사	A4	I'M OFFICER UNOGOPAZ, AND THERE AIN'T NO TICKETS LEFT.	
00673	0F09:0:10	대사	A4	THEY SOLD OUT WHILE YOU WERE PLAYING BANJO-KAZOOIE.	
00674	0F09:0:13	대사	A4	NICE TRY, BUT I'M AFRAID YOU CAN'T.	
00675	0F09:0:14	대사	A4	THE GAMES ARE ONLY OPEN TO STONIES.	
00676	0F09:0:17	대사	A4	NOPE.	
00677	0F09:0:20	대사	A4	HOW DARE YOU!	
00678	0F09:0:21	대사	A4	THIS IS A RESPECTABLE ORGANIZATION!	
00679	0F09:0:22	대사	A4	GET LOST, BOTH OF YOU!	
00680	0F09:1:2	대사	80	WE WANT TO GO IN THERE AS IT SOUNDS COOL!	
00681	0F09:1:5	대사	81	STAND ASIDE THEN, BOZO.	
00682	0F09:1:6	대사	81	WE'LL MISS THE ACTION!	
00683	0F09:1:9	대사	81	WE DON'T WANT TO WATCH.	
00684	0F09:1:10	대사	81	WE'RE HERE TO KICK BUTT AND WIN!	
00685	0F09:1:13	대사	80	OH, GO ON.	
00686	0F09:1:14	대사	80	PLEASE?	
00687	0F09:1:17	대사	81	HOW ABOUT A BRIBE?	
00688	0F0A:0:1	대사	A4	HMM... I DON'T KNOW.	
00689	0F0A:0:2	대사	A4	THAT BACKPACK LOOKS KINDA FAMILIAR...	
00690	0F0A:0:5	대사	A4	YEP, IT'S PRETTY OBVIOUS.	
00691	0F0A:0:7	대사	A4	BUT THEY'RE A BIT SHORT ON PLAYERS, SO YOU MIGHT AS WELL GO IN ANYWAY.	
00692	0F0A:1:1	대사	80	I'M BANJO THE STONY.	
00693	0F0A:1:2	대사	80	CAN I COME IN AND PLAY?	
00694	0F0A:1:5	대사	81	ARE YOU SAYING WE'RE A BEAR AND BIRD IN AN ELABORATE DISGUISE, TRYING TO CHEAT OUR WAY IN?	
00695	0F0B:0:0	대사	A4	I'VE ALREADY TOLD YOU TWO. THERE'S NO TICKETS LEFT AND ONLY STONIES CAN PLAY!	
00696	0F0B:1:2	대사	81	HARDLY FAIR, NUMBSKULL.	
00697	0F0C:0:0	대사	A4	YOU ARE FREE TO ENTER.	
00698	0F0C:1:2	대사	81	THAT'S REALLY BIG OF YOU.	
00699	0F0D:0:1	대사	A5	IT'S TERRIBLE.	
00700	0F0D:0:2	대사	A5	I CAN'T FIND TARGITZAN'S FAVORITE PRICELESS RELIC THINGY!	
00701	0F0D:0:3	대사	A5	I THINK IT MAY HAVE BEEN STOLEN!	
00702	0F0D:0:6	대사	A5	HELP CHIEF BLOATAZIN FIND IT, AND I'LL REWARD YOU WITH A JIGGY.	
00703	0F0D:0:9	대사	A5	GREAT! I'LL OPEN THE OTHER DOOR FOR YOU, BUT PLEASE HURRY!	
00704	0F0D:1:1	대사	80	WHAT'S UP WITH YOU?	
00705	0F0D:1:4	대사	81	TOUGH LUCK!	
00706	0F0D:1:5	대사	81	WE DON'T CARE.	
00707	0F0D:1:8	대사	80	A JIGGY? WELL, IN THAT CASE...	
00708	0F0E:0:0	대사	A9	THE SUN RISES AFTER THE FIRST STAR. TWO MORE STARS ARE SEEN LATER, BUT FIRST THE MOON.	
00709	0F0F:0:0	대사	A9	ICX DIB ZAQIM AVLNR ICX TSOQA XOLI. NUGANIP YUMK ICX CARXKO.	
00710	0F0F:1:2	대사	80	MMM... I DON'T THINK WE SPEAK THAT LANGUAGE...	
00711	0F10:0:0	대사	A9	SHOOT THE GIANT STONE ONES BETWEEN THE EYES...	
00712	0F11:0:0	대사	A9	TYOXT ICX ZIGNA XAQIS KIRML NUGANIP ICX PTOI.	
00713	0F11:1:2	대사	81	EH?	
00714	0F11:1:3	대사	81	WE SPEAK ENGLISH IN THIS GAME!	
00715	0F12:0:0	대사	A9	UNDER THE STRONG ROCKS YOU WILL FIND MANY SURPRISES...	
00716	0F13:0:0	대사	A9	XAQABAT UL KAZ-O-IEE DIM BYRD DATSRITE HA HA.	
00717	0F13:1:2	대사	81	WAIT A MINUTE, WHAT DID YOU SAY?	
00718	0F14:0:0	대사	A9	ONLY THE GIANT GOLD MAN CAN CROSS THIS QUICKSAND TO GET THE JIGGY...	
00719	0F15:0:0	대사	A9	NANOBAK CUG QUAGGI KYC NUGANIP ICX XOLI FOP NI TOPLIZ.	
00720	0F15:1:2	대사	80	SORRY, I DIDN'T QUITE CATCH THAT...	
00721	0F16:0:1	대사	A6	EEEK!	
00722	0F16:0:2	대사	A6	ME DILBERTA.	
00723	0F16:0:3	대사	A6	WAS OUT LOOKING FOR GOLD WHEN THAT BOULDER FELL DOWN AND TRAPPED ME IN HERE...	
00724	0F16:0:6	대사	A6	EEEK!	
00725	0F16:0:7	대사	A6	IF YOU WOULDN'T MIND...	
00726	0F16:1:0	대사	80	HELLO, MY LITTLE RABID FRIEND.	
00727	0F16:1:3	대사	81	I SUPPOSE YOU EXPECT US TO MOVE IT?	
00728	0F17:0:0	대사	A6	EEEK!	
00729	0F17:0:1	대사	A6	THAT BOULDER'S STILL TRAPPING ME IN HERE!	
00730	0F17:1:1	대사	80	WE HAVEN'T FORGOTTEN, DILBERTA.	
00731	0F18:0:0	대사	A6	EEEK!	
00732	0F18:0:1	대사	A6	THANKS VERY MUCH FOR UNBLOCKING MY PASSAGE.	
00733	0F18:0:4	대사	A6	EEEK!	
00734	0F18:0:5	대사	A6	YOU'LL HAVE TO COME AND SEE MY MASTER BILL ABOUT THAT...	
00735	0F18:1:1	대사	81	IT'S WORTH A JIGGY.	
00736	0F18:1:2	대사	81	HAND IT OVER, YOU PLAGUE-RIDDEN PEST.	
00737	0F19:0:0	대사	A7	WELCOME TO THE MAYAN AMATEUR KICKBALL CHAMPIONSHIP!	
00738	0F19:0:1	대사	A7	YOU MAY ENTER THE QUARTERFINALS, BUT I'D ADVISE YOU TAKE A LITTLE TRAINING DOWNSTAIRS FIRST.	
00739	0F1A:0:0	대사	A7	TO PLAY A GAME, JUST WALK THROUGH AN OPEN DOOR!	
00740	0F1B:0:0	대사	A7	NUGANIP ASLIK WIK WEKA POJIT YZ THIKKO.	
00741	0F1B:0:2	대사	A7	KIK YU BUTTA.	
00742	0F1B:1:2	대사	81	I HOPE THAT WASN'T AN INSULT...	
00743	0F1C:0:0	대사	A7	MAY THE BEST STONY WIN!	
00744	0F1D:0:0	대사	A7	YOU LOST.	
00745	0F1D:0:1	대사	A7	DO YOU WANT TO PLAY AGAIN?	
00746	0F1E:0:0	대사	A7	YOU'VE WON YOUR QUARTERFINAL!	
00747	0F1E:0:1	대사	A7	MOVE ON TO THE SEMIFINALS...	
00748	0F1F:0:0	대사	A7	YOU'VE WON YOUR SEMIFINAL!	
00749	0F1F:0:1	대사	A7	THE MAYAN KICKBALL FINAL BECKONS...	
00750	0F20:0:0	대사	A9	I DECLARE YOU THE NEW MAYAN KICKBALL CHAMPION!	
00751	0F20:1:2	대사	81	I'M TOO CHOKED UP FOR WORDS...	
00752	0F21:0:0	대사	A7	NOT BAD, BUT YOU NEED TO COME IN FIRST.	
00753	0F22:0:0	대사	A7	WELL, I'M AFRAID YOU LOST!	
00754	0F23:0:0	대사	A8	THIS IS THE TRAINING AREA.	
00755	0F23:0:1	대사	A8	YOU MAY CONSULT ANY OF THE WASHED-UP PLAYER-COACHES FOR ADVICE.	
00756	0F24:0:0	대사	A8	HERE'S MY ADVICE, SONNY...	
00757	0F24:0:1	대사	A8	TRY TO COME IN FIRST!	
00758	0F24:1:2	대사	81	WOWEE, WE'D NEVER HAVE THOUGHT OF THAT!	
00759	0F25:0:0	대사	A8	I RECKON YOU SHOULD SCORE LOTS OF POINTS!	
00760	0F25:1:2	대사	81	SIGH...	
00761	0F25:1:3	대사	81	I THINK WE COULD HAVE WORKED THAT ONE OUT FOR OURSELVES.	
00762	0F26:0:0	대사	A8	USE THE CONTROL STICK TO MOVE, {81} TO KICK THE BALL AND {86} TO BARGE.	
00763	0F26:0:1	대사	A8	KICK THE BALLS INTO YOUR GOAL TO SCORE 2 POINTS. DOES THAT HELP?	
00764	0F26:1:2	대사	80	I'M SURE WE'LL SOON FIND OUT.	
00765	0F27:0:0	대사	A8	COME IN FIRST AGAIN.	
00766	0F27:1:2	대사	81	IS THAT IT?	
00767	0F28:0:0	대사	A8	RED BALLS REDUCE YOUR SCORE BY ONE. TRY KICKING THEM IN YOUR OPPONENTS' GOALS!	
00768	0F28:1:2	대사	80	OOOOH, SOUNDS SNEAKY.	
00769	0F29:0:0	대사	A8	IF YOU SCORE THE MOST, YOU'LL PROBABLY WIN!	
00770	0F29:1:2	대사	81	HO HO!	
00771	0F29:1:3	대사	81	YOU'RE SO FUNNY!	
00772	0F2A:0:0	대사	A8	KICK THE BOMBS AT YOUR OPPONENTS TO STUN THEM.	
00773	0F2A:1:2	대사	81	BOMBS?	
00774	0F2A:1:3	대사	81	NOW YOU'RE TALKING!	
00775	0F2B:0:0	대사	A8	HAS ANYONE MENTIONED THAT YOU SHOULD TRY TO COME IN FIRST?	
00776	0F2B:1:2	대사	81	GROAN.	
00777	0F2B:1:3	대사	81	LET'S GET OUT OF HERE, BANJO.	
00778	0F2C:0:0	대사	A8	I'VE FORGOTTEN WHAT I WAS GOING TO SAY.	
00779	0F2C:1:2	대사	80	NO WONDER YOU DON'T PLAY ANYMORE...	
00780	0F2D:0:0	대사	A5	YOU'VE FOUND TARGITZAN'S PRICELESS RELIC THINGY!	
00781	0F2D:0:3	대사	A5	WHY, THOSE THIEVING LITTLE...	
00782	0F2D:0:6	대사	A5	OH YES, SO IT IS.	
00783	0F2D:0:7	대사	A5	WHY DON'T I JUST GIVE YOU A JIGGY?	
00784	0F2D:1:2	대사	80	THE CAVEMEN STOLE IT.	
00785	0F2D:1:5	대사	80	CAREFUL, THIS IS A FAMILY GAME.	
00786	0F2D:1:8	대사	81	THAT MAKES SENSE TO ME.	
00787	0F2E:0:0	대사	A5	THANKS AGAIN FOR RETURNING TARGITZAN'S RELIC THINGY.	
00788	0F2E:0:1	대사	A5	WHY DON'T YOU GO UP TO HIS TEMPLE AND LET HIM THANK YOU PERSONALLY?	
00789	0F2E:1:2	대사	80	WE'LL DO THAT, CHIEF.	
00790	0F2F:0:0	대사	A5	HELP ME FIND TARGITZAN'S MISSING GOLDEN RELIC THINGY AND I'LL REWARD YOU WELL!	
00791	0F2F:1:2	대사	81	REWARD?	
00792	0F2F:1:3	대사	81	SAY NO MORE.	
00793	0F30:0:0	대사	A9	TO FREE THE TRAPPED ONE, THE SUN MUST RISE BEFORE THE MOON AND A STAR. A SECOND MOON AND A SECOND SUN WILL THEN FOLLOW.	
00794	0F30:0:1	대사	A9	DOES THAT HELP?	
00795	0F30:1:2	대사	80	I THINK SO...	
00796	0F31:0:0	대사	A9	TO FREE THE TRAPPED ONE, A STAR MUST APPEAR BEFORE THE SUN RISES. ANOTHER STAR APPEARS, FOLLOWED BY TWO MOONS.	
00797	0F31:0:1	대사	A9	DOES THAT HELP?	
00798	0F31:1:2	대사	80	I THINK SO...	
00799	0F32:0:0	대사	A9	TO FREE THE TRAPPED ONE, THE MOON MUST APPEAR BEFORE THE FIRST STAR. THE SUN RISES NEXT, AFTER WHICH COME TWO MORE STARS.	
00800	0F32:0:1	대사	A9	DOES THAT HELP?	
00801	0F32:1:2	대사	80	I THINK SO...	
00802	0F33:0:0	대사	03:31	HALT, MORTAL!	
00803	0F33:0:1	대사	03:31	THOUGHT YOU'D GET ANOTHER JIGGY THAT EASILY, EH?	
00804	0F34:0:0	대사	03:31	I AM TARGITZAN, MIGHTY MAYAN GOD OF TARGET SHOOTING!	
00805	0F34:0:1	대사	03:31	PREPARE TO MEET THY DART-RIDDEN DOOM!	
00806	0F35:0:0	대사	03:31	ARRRGH!	
00807	0F35:0:1	대사	03:31	I CAN'T FEEL MY LEGS ANYMORE...	
00808	0F35:0:2	대사	03:31	GET HIM, YOU WORTHLESS MOGGIES!	
00809	0F36:0:0	대사	03:31	NOOOOO!	
00810	0F36:0:1	대사	03:31	YOU'VE BEATEN ME!	
00811	0F36:0:2	대사	03:31	NOW SUFFER AS I INVOKE MY SACRED SELF-DESTRUCT...	
00812	0F37:0:0	대사	03:31	HALT!	
00813	0F37:0:1	대사	03:31	NO ONE ENTERS UNTIL THEY HAVE LEARNED THE ANCIENT ART OF BIRD HANDLING!	
00814	0F37:1:2	대사	80	GEE...	
00815	0F37:1:3	대사	80	I WONDER WHAT THAT MEANS?	
00816	0F37:1:4	대사	81	PERHAPS THAT JAMJARS BOZO CAN TELL US...	
00817	0F38:0:0	대사	03:31	HEAR ME SPEAK, MORTAL.	
00818	0F38:0:1	대사	03:31	NO BIRD, NO ENTRY.	
00819	0F38:0:2	대사	03:31	IS THAT SIMPLE ENOUGH?	
00820	0F39:0:0	대사	03:31	GOOD.	
00821	0F39:0:1	대사	03:31	I SEE YOU HAVE MASTERED THE ART OF BIRD HANDLING.	
00822	0F39:0:2	대사	03:31	I NOW CHALLENGE YOU TO COLLECT THE SACRED STATUES AND FIND YOUR PRIZE...	
00823	0F3A:0:0	대사	03:31	NOT BAD, MORTAL.	
00824	0F3A:0:1	대사	03:31	TEN STATUES GAINS YOU ENTRY TO MY SLIGHTLY SACRED CHAMBER...	
00825	0F3B:0:0	대사	03:31	MOST IMPRESSIVE, MORTAL.	
00826	0F3B:0:1	대사	03:31	TWENTY STATUES GAINS YOU ENTRY TO MY REALLY SACRED CHAMBER...	
00827	0F3C:0:0	대사	BA	THOUGHT YOU'D SSSTEAL SSSLUMBER'S GOLD WHILE HE SSSSLEPT, DID YOU?	
00828	0F3C:0:2	대사	BA	BUT I HEARD YOU COMING, CLUMSSSY BEAR!	
00829	0F3C:1:1	대사	81	WELL, YES, TO BE HONEST.	
00830	0F3C:1:3	대사	80	OH...	
00831	0F3D:0:0	대사	BA	SSSPLENDID.	
00832	0F3D:0:1	대사	BA	THEY SSSEEM TO HAVE GONE.	
00833	0F3D:0:2	대사	BA	MUSSST GET SSSOME MORE SSSLEEP...	
00834	0F3E:0:0	대사	D4	HEY, WAK, WHO'S THIS UGLY NEW GUY?	
00835	0F3F:0:0	대사	D4	THOSE SHORTS LOOK STUPID!	
00836	0F40:0:0	대사	D4	YOU'VE NO CHANCE OF BECOMING CHAMPION!	
00837	0F41:0:0	대사	03:31	I AM STILL TARGITZAN, MIGHTY MAYAN GOD OF THE TARGETS!	
00838	0F41:0:2	대사	03:31	GOOD.	
00839	0F41:0:3	대사	03:31	THEN PREPARE TO MEET THY DOOM ONCE MORE!	
00840	0F41:1:1	대사	81	WE HAVEN'T FORGOTTEN...	
00841	0F42:0:0	대사	A6	EEK!	
00842	0F42:0:1	대사	A6	I'M SURE I CAME IN THROUGH A TUNNEL...	
00843	0F43:1:0	대사	81	LOOK, BANJO, THERE'S ANOTHER JIGGY!	
00844	0F43:1:1	대사	81	THIS IS JUST TOO EASY...	
00845	0F43:1:2	대사	80	YEP, WE'LL HAVE THE GAME FINISHED IN NO TIME!	
00846	0F44:0:0	대사	A8	HERE'S MY ADVICE, SONNY...	
00847	0F44:0:1	대사	A8	TRY TO COME IN FIRST!	
00848	0F44:1:1	대사	81	WOWEE, WE'D NEVER HAVE THOUGHT OF THAT!	
00849	0F45:0:0	대사	A8	THIS IS MY REMINDER...	
00850	0F45:0:1	대사	A8	I RECKON YOU SHOULD SCORE LOTS OF POINTS!	
00851	0F45:1:1	대사	81	SIGH...	
00852	0F45:1:2	대사	81	I THINK WE COULD HAVE WORKED THAT ONE OUT FOR OURSELVES.	
00853	0F46:0:0	대사	A8	USE THE CONTROL STICK TO MOVE, {81} TO KICK THE BALL AND {86} TO BARGE.	
00854	0F46:0:1	대사	A8	KICK THE BALLS INTO YOUR GOAL TO SCORE 2 POINTS. DOES THAT HELP?	
00855	0F46:1:1	대사	80	I'M SURE WE'LL SOON FIND OUT.	
00856	0F47:0:0	대사	A8	COME IN FIRST AGAIN.	
00857	0F47:1:1	대사	81	IS THAT IT?	
00858	0F48:0:0	대사	A8	RED BALLS REDUCE YOUR SCORE BY ONE. TRY KICKING THEM IN YOUR OPPONENTS' GOALS!	
00859	0F48:1:1	대사	80	OOOOH, SOUNDS SNEAKY.	
00860	0F49:0:0	대사	A8	IF YOU SCORE THE MOST, YOU'LL PROBABLY WIN!	
00861	0F49:1:1	대사	81	HO HO!	
00862	0F49:1:2	대사	81	YOU'RE SO FUNNY!	
00863	0F4A:0:0	대사	A8	KICK THE BOMBS AT YOUR OPPONENTS TO STUN THEM.	
00864	0F4A:1:1	대사	81	BOMBS?	
00865	0F4A:1:2	대사	81	NOW YOU'RE TALKING!	
00866	0F4B:0:0	대사	A8	HAS ANYONE MENTIONED THAT YOU SHOULD TRY TO COME IN FIRST?	
00867	0F4B:1:1	대사	81	GROAN.	
00868	0F4B:1:2	대사	81	LET'S GET OUT OF HERE, BANJO.	
00869	0F4C:0:0	대사	A8	I'VE FORGOTTEN WHAT I WAS GOING TO SAY.	
00870	0F4C:1:1	대사	80	NO WONDER YOU DON'T PLAY ANYMORE...	
00871	0F4D:0:0	대사	A7	YOU BEAT THEM AGAIN.	
00872	0F4E:0:0	대사	A7	THEY GOT YOU THIS TIME.	
00873	0F4F:0:0	대사	A6	EEK!	
00874	0F4F:0:1	대사	A6	SOMEONE GET ME OUTTA HERE...	
00875	0F50:0:0	대사	03:31	COWARDLY MORTAL!	
00876	0F50:0:1	대사	03:31	GET BACK IN HERE AND CHALLENGE ME FOR MY PRIZE!	
00877	0F51:0:0	대사	A7	GAME OVER.	
00878	0F51:0:1	대사	A7	THIS TIME PLAYER ~ WINS!	
00879	0F52:0:0	대사	A7	TIME'S UP!	
00880	0F52:0:1	대사	A7	A BORING DRAW, I'M AFRAID...	
00881	0F53:0:0	대사	A7	YUSA STPIDO GITAAZ.	
00882	0F54:0:0	대사	A7	ICA KIK YUZ FURA BUTOXXI.	
00883	0F55:0:0	대사	A7	UGILI BIR A BYYRD ISA.	
00884	0F56:0:0	대사	A4	STONIES ONLY ARE ALLOWED TO ENTER THE GAMES.	
00885	0F57:0:0	대사	A7	YOU SCORED ~ POINTS, A NEW BEST SCORE.	
00886	0F58:0:0	대사	A5	I CAN'T POSSIBLY TALK TO YOU!	
00887	0F58:0:1	대사	A5	I'M TOO BUSY SEARCHING FOR TARGITZAN'S FAVORITE PRICELESS RELIC THINGY!	
00888	0F59:0:0	대사	A5	OOPS! I ALMOST FORGOT!	
00889	0F59:0:1	대사	A5	I'D BETTER OPEN UP THE OTHER ENTRANCE FOR YOU.	
00890	0F5A:0:0	대사	A9	ICX DIB ZAQIM AVLNR ICX TSOQA XOLI. NUGANIP YUMK ICX CARXKO.	
00891	0F5A:0:1	대사	84	SORRY, MUMBO NOT SPEAK WAY OF STONE MAN.	
00892	0F7E:0:0	대사	AA	OVER HERE!	
00893	0F7E:0:1	대사	AA	I NEED YOU TO HELP ME OUT OF THIS FRIGHTFUL PREDICAMENT...	
00894	0F7E:0:4	대사	AA	I'M CANARY MARY.	
00895	0F7E:0:5	대사	AA	THEY USED TO SEND ME DOWN THE MINES TO CHECK FOR GAS. IF I DIED, THEY'D KNOW IT WASN'T SAFE.	
00896	0F7E:0:8	대사	AA	THEY JUST LEFT ME IN HERE. I DON'T THINK I'LL LAST MUCH LONGER...	
00897	0F7E:1:2	대사	80	WHO MIGHT YOU BE?	
00898	0F7E:1:5	대사	81	NICE.	
00899	0F7E:1:6	대사	81	I CAN THINK OF MORE PLEASANT JOBS.	
00900	0F7E:1:9	대사	80	DON'T WORRY, I'LL GET KAZOOIE HERE TO SMASH THE CAGE OPEN.	
00901	0F7E:1:10	대사	81	IF I MUST...	
00902	0F7F:0:0	대사	AA	WOOHOO!	
00903	0F7F:0:1	대사	AA	I'M FREE!	
00904	0F7F:1:2	대사	80	IT'S MOMENTS LIKE THIS THAT MAKE ADVENTURING WORTHWHILE...	
00905	0F7F:1:3	대사	81	BUT SHE HASN'T EVEN GOT A JIGGY...	
00906	0F80:0:1	대사	AA	OOOOH, MY WINGS ARE STILL A BIT STIFF FROM SPENDING SO LONG IN THAT CAGE. HOW ABOUT A RACE TO HELP ME STRETCH THEM?	
00907	0F80:0:4	대사	AA	IT WAS, BUT I FIXED IT AND PUT IT BACK ON THE TRACK!	
00908	0F80:0:7	대사	AA	I LIKE TO TRY.	
00909	0F80:0:8	대사	AA	JUMP ABOARD IF YOU FANCY A GO.	
00910	0F80:0:11	대사	AA	SIMPLY TAP {87} AS FAST AS YOU CAN TO DRIVE THE HANDCART ALONG.	
00911	0F80:1:1	대사	80	HEY THERE, CANARY MARY!	
00912	0F80:1:2	대사	80	WHY ARE YOU STILL AROUND?	
00913	0F80:1:5	대사	80	ON THIS OLD HANDCART?	
00914	0F80:1:6	대사	80	I'M SURE IT WAS BROKEN WHEN I SAW IT LAST...	
00915	0F80:1:9	대사	81	YOU'RE PRETTY RESOURCEFUL FOR AN OLD BIRD, AREN'T YOU?	
00916	0F80:1:12	대사	80	SOUNDS LIKE FUN. WHAT DO WE DO?	
00917	0F81:0:0	대사	AA	READY?	
00918	0F81:0:1	대사	AA	3...	
00919	0F81:0:2	대사	AA	2...	
00920	0F81:0:3	대사	AA	1...	
00921	0F81:0:4	대사	AA	GO!	
00922	0F82:0:0	대사	AA	MARY WINS!	
00923	0F83:0:0	대사	AA	HEY!	
00924	0F83:0:1	대사	AA	THIS IS TOO EASY. I'M NOT GETTING MUCH EXERCISE!	
00925	0F83:0:2	대사	AA	I THINK WE'D BETTER START AGAIN...	
00926	0F84:0:1	대사	AA	WELL, I GUESS YOU CAN HAVE THIS SHINY THING I FOUND BEFORE I GOT LOCKED IN THAT CAGE.	
00927	0F84:0:4	대사	AA	I CAN'T REMEMBER WHAT IT IS. IT'S BEEN UNDER MY WING FOR DAYS.	
00928	0F84:1:1	대사	80	I THINK WE BEAT YOU THERE, MARY!	
00929	0F84:1:4	대사	81	IS IT A JIGGY?	
00930	0F84:1:7	대사	81	EW!	
00931	0F84:1:8	대사	81	I'M NOT SURE WE WANT IT IN THAT CASE!	
00932	0F85:0:0	대사	AA	THAT WAS A FINE RACE!	
00933	0F85:0:2	대사	AA	MY WINGS ARE STARTING TO FEEL BETTER.	
00934	0F85:0:3	대사	AA	HOW ABOUT RACING BACK AGAIN?	
00935	0F85:0:5	대사	AA	HOP ON THE CART IF YOU THINK YOU CAN BEAT ME AGAIN.	
00936	0F85:1:2	대사	80	SURE WAS!	
00937	0F86:0:0	대사	AA	READY?	
00938	0F86:0:1	대사	AA	3...	
00939	0F86:0:2	대사	AA	2...	
00940	0F86:0:3	대사	AA	1...	
00941	0F86:0:4	대사	AA	GO!	
00942	0F87:0:0	대사	AA	MARY WINS!	
00943	0F88:0:0	대사	AA	PAH!	
00944	0F88:0:1	대사	AA	YOU'RE JUST TOO SLOW TO MAKE A DECENT RACE OF IT.	
00945	0F88:0:2	대사	AA	LET'S TRY AGAIN...	
00946	0F89:0:1	대사	AA	PERHAPS YOU'D LIKE THIS PIECE OF PAPER AS A PRIZE.	
00947	0F89:0:3	대사	AA	IT'S BEEN WEDGED IN MY...	
00948	0F89:1:1	대사	80	THAT'S TWO OUT OF TWO FOR US, MARY!	
00949	0F89:1:3	대사	81	NO!	
00950	0F89:1:4	대사	81	I DON'T WANT TO KNOW WHERE IT'S BEEN!	
00951	0F8A:0:0	대사	AA	FANCY ANOTHER RACE?	
00952	0F8A:0:1	대사	AA	JUST HOP ON THE CART.	
00953	0F8B:0:0	대사	B3	HOWDY!	
00954	0F8B:0:2	대사	B3	AH'M BILL.	
00955	0F8B:0:4	대사	B3	NOPE.	
00956	0F8B:0:5	대사	B3	BULLION BILL'S MAH NAME!	
00957	0F8B:0:7	대사	B3	MAH RODENT PARDNER, DILBERTA, WENT LOOKING FOR GOLD, BUT SHE'S BEEN GAWN FAR TOO LONG.	
00958	0F8B:0:10	대사	B3	YOU CITY FOLK ARE ALL ALIKE!	
00959	0F8B:0:11	대사	B3	I WONDER WHERE SHE COULD BE?	
00960	0F8B:1:1	대사	80	WHO MIGHT YOU BE?	
00961	0F8B:1:3	대사	81	I'LL BET YOUR OTHER NAME IS GOLD-RELATED.	
00962	0F8B:1:4	대사	81	WHAT IS IT?	
00963	0F8B:1:5	대사	81	GOLD BAR BILL?	
00964	0F8B:1:6	대사	81	KLONDYKE BILL?	
00965	0F8B:1:8	대사	81	THOUGHT SO.	
00966	0F8B:1:9	대사	80	WHAT'S UP, BILL?	
00967	0F8B:1:11	대사	80	WE'LL KEEP A LOOKOUT FOR HER.	
00968	0F8B:1:12	대사	81	NOT SO FAST, BANJO!	
00969	0F8B:1:13	대사	81	MAKE SURE HE MAKES IT WORTH OUR WHILE!	
00970	0F8B:1:15	대사	80	OH, OKAY.	
00971	0F8B:1:16	대사	80	CAN WE HAVE A PRIZE IF WE FIND HER?	
00972	0F8C:0:0	대사	B3	HOWDY!	
00973	0F8C:0:2	대사	B3	AH'M BILL.	
00974	0F8C:0:4	대사	B3	NOPE.	
00975	0F8C:0:5	대사	B3	BULLION BILL'S MAH NAME!	
00976	0F8C:0:7	대사	B3	MAH RODENT PARDNER, DILBERTA, WENT LOOKING FOR GOLD, BUT SHE'S BEEN GAWN FAR TOO LONG.	
00977	0F8C:0:10	대사	B3	YOU DON'T MEAN...?	
00978	0F8C:1:1	대사	80	WHO MIGHT YOU BE?	
00979	0F8C:1:3	대사	81	I'LL BET YOUR OTHER NAME IS GOLD-RELATED.	
00980	0F8C:1:4	대사	81	WHAT IS IT?	
00981	0F8C:1:5	대사	81	GOLD BAR BILL?	
00982	0F8C:1:6	대사	81	KLONDYKE BILL?	
00983	0F8C:1:8	대사	81	THOUGHT SO.	
00984	0F8C:1:9	대사	80	WHAT'S UP, BILL?	
00985	0F8C:1:11	대사	80	WE SAW A RAT IN A PRISON EARLIER, DIDN'T WE, KAZOOIE?	
00986	0F8C:1:12	대사	81	YEP, A QUICK CALL TO 'X-TERMINATORS R US' SORTED THAT ONE OUT.	
00987	0F8C:1:15	대사	80	OH, YOU'LL HAVE TO EXCUSE MY FEATHERED FRIEND. SHE'S ONLY JOKING.	
00988	0F8C:1:18	대사	81	I THINK I CAN HEAR HER NOW...	
00989	0F8D:0:0	대사	B3	MAH RAT PARDNER, DILBERTA, IS STILL MISSING.	
00990	0F8D:1:1	대사	81	YEAH, YEAH...	
00991	0F8D:1:2	대사	81	YOU ALREADY TOLD US!	
00992	0F8E:0:0	대사	B3	MY RODENT PARDNER DILBERTA IS STILL MISSING.	
00993	0F8E:1:1	대사	81	FUNNY YOU SHOULD SAY THAT.	
00994	0F8E:1:2	대사	81	WE HAD ANOTHER LOOK ROUND AND MANAGED TO FIND HER.	
00995	0F8E:1:5	대사	80	THERE SHE IS NOW!	
00996	0F8F:0:0	대사	B3	THANKS AGAIN, PARDNER!	
00997	0F90:0:0	대사	B3	I'M SO HAPPY YOU FOUND MY DILBERTA.	
00998	0F90:0:1	대사	B3	TAKE THIS PURDY LIL GOLD NUGGET AS A REWARD!	
00999	0F91:0:0	대사	A6	HI, HONEY, I'M HOME!	
01000	0F91:0:1	대사	B3	DILBERTA?	
01001	0F91:0:2	대사	B3	IS THAT REALLY YOU?	
01002	0F92:0:0	대사	B5	BLEEP!	
01003	0F92:0:1	대사	B5	I'M TRAPPED IN THIZ MINE BY THAT BLOCKED TUNNEL.	
01004	0F92:0:2	대사	B5	BLEEP!	
01005	0F93:0:0	대사	B5	BLEEP!	
01006	0F93:0:1	대사	B5	THANKZ!	
01007	0F93:0:2	대사	B5	BLEEP!	
01008	0F94:0:0	대사	B5	BLEEP!	
01009	0F94:0:1	대사	B5	NOW THAT DOOR'Z NOT OPEN ON THE OTHER ZIDE!	
01010	0F94:0:2	대사	B5	BLEEP!	
01011	0F95:0:0	대사	B5	BLEEP!	
01012	0F95:0:1	대사	B5	THANKZ AGAIN! ZEE YOU LATER!	
01013	0F95:0:2	대사	B5	BLEEP BLEEP!	
01014	0F96:0:0	대사	B6	HURRRR!	
01015	0F96:0:1	대사	B6	YOU'LL HAVE TO BATTLE ME BEFORE YOU GO ANYWHERE!	
01016	0F96:1:1	대사	81	HUH?	
01017	0F96:1:2	대사	81	WHO SAID THAT?	
01018	0F96:1:3	대사	80	SOUNDS LIKE IT CAME FROM INSIDE THAT BOILER...	
01019	0F97:0:0	대사	B6	HURRRR!	
01020	0F97:0:1	대사	B6	WHO DARES ENTER OLD KING COAL'S BOILER?	
01021	0F97:0:4	대사	B6	HURRRR!	
01022	0F97:0:5	대사	B6	YOU WOULD, HUH?	
01023	0F97:0:6	대사	B6	IN THAT CASE, I'LL FIGHT YOU FOR IT!	
01024	0F97:0:9	대사	B6	HURRRR!	
01025	0F97:0:10	대사	B6	NOT ME, PAL.	
01026	0F97:0:11	대사	B6	BUT YOU'LL SOON BE FEELING MY MERRY OLD SOLE ON THE TOP OF YOUR PUNY HEADS!	
01027	0F97:1:2	대사	80	AHEM.	
01028	0F97:1:3	대사	80	I'M BANJO AND THIS IS KAZOOIE.	
01029	0F97:1:4	대사	81	WE WANT TO USE YOUR TRAIN.	
01030	0F97:1:7	대사	81	BUT YOU'RE SUPPOSED TO BE A MERRY OLD SOUL...	
01031	0F98:0:0	대사	B6	OKAY, PERHAPS I'LL LET YOU USE MY TRAIN AFTER ALL.	
01032	0F98:0:1	대사	B6	BUT DON'T YOU DARE HIT ANYTHING - I'VE ONLY JUST POLISHED...	
01033	0F99:0:0	대사	B6	ARRRRR!	
01034	0F99:0:1	대사	B6	NO GREAT LOSS. I'VE STILL GOT ANOTHER...	
01035	0F9A:0:0	대사	B6	ARRRRR!	
01036	0F9A:0:1	대사	B6	BUT I DON'T NEED ARMS TO BEAT YOU!	
01037	0F9B:0:0	대사	B6	ARRRRR!	
01038	0F9B:0:1	대사	B6	PERHAPS WE SHOULD SIT DOWN AND TALK ABOUT THIS...	
01039	0F9C:0:0	대사	B6	HURRRR!	
01040	0F9C:0:1	대사	B6	LET'S SEE HOW YOU COPE WITH A LITTLE HEAT!	
01041	0F9D:0:0	대사	B6	HURRR-HURRR!	
01042	0F9D:0:1	대사	B6	MY BOILER'S NOW AT MAXIMUM TEMPERATURE!	
01043	0F9E:0:0	대사	B6	BACK FOR ANOTHER ROASTING?	
01044	0F9E:0:3	대사	B6	AND WHY MIGHT THAT BE?	
01045	0F9E:0:6	대사	B6	NOT UNLESS YOU BEAT ME FIRST!	
01046	0F9E:1:2	대사	80	WE STILL NEED A TRAIN TO HELP WITH OUR ADVENTURE.	
01047	0F9E:1:5	대사	81	DUNNO YET, BUT WE'RE TAKING IT ANYWAY!	
01048	0F9F:0:0	대사	B3	STOP!	
01049	0F9F:0:1	대사	B3	I CAN'T LET YOU GO IN THERE.	
01050	0F9F:0:3	대사	B3	WE GOT A REAL PROBLEM IN THERE, AN' SHOOTIN'S NOT THE ANSWER...	
01051	0F9F:0:5	대사	B3	NOPE.	
01052	0F9F:0:6	대사	B3	YOU'RE NOT GOIN' IN 'TIL YOU CAN DEFEND Y'SELF WITHOUT SHOOTIN'!	
01053	0F9F:1:2	대사	80	WHY NOT?	
01054	0F9F:1:3	대사	80	I'VE LEARNED THE BREEGULL BLASTER.	
01055	0F9F:1:5	대사	81	OKAY, WE PROMISE NOT TO SHOOT.	
01056	0FA0:0:0	대사	B3	I'VE ALREADY TOLD YOU FOLKS.	
01057	0FA0:0:1	대사	B3	YOU'RE NOT GOIN' IN THERE 'TIL YOU CAN DEFEND Y'SELF WITHOUT SHOOTIN'!	
01058	0FA1:0:0	대사	B3	YOU'VE LEARNED A BEAK ATTACK, HUH?	
01059	0FA1:0:2	대사	B3	WELL, MAYBE YOU CAN HELP ME OUT HERE.	
01060	0FA1:0:3	대사	B3	A REAL NASTY BUNCH O' TNT STICKS HAVE ESCAPED FROM THEIR BOX AND ARE THREATENIN' TO BLOW UP MY MINE.	
01061	0FA1:0:5	대사	B3	NO!	
01062	0FA1:0:6	대사	B3	SHOOT ONE AN' THE WHOLE MINE WILL EXPLODE!	
01063	0FA1:0:7	대사	B3	YOU'LL HAVE TO TRY AND DEFUSE THEM SOMEHOW.	
01064	0FA1:0:9	대사	B3	YUP.	
01065	0FA1:0:10	대사	B3	YOU'LL HAVE TO BE QUICK, CUZ WHEN YOU DEFUSE THE FIRST 'UN, THE OTHERS WILL PROBABLY START THEIR DETONATION TIMERS...	
01066	0FA1:1:1	대사	80	SURE HAVE, PARDNER!	
01067	0FA1:1:3	대사	81	DON'T WORRY.	
01068	0FA1:1:4	대사	81	WE'LL GO IN THERE AND BLAST 'EM!	
01069	0FA1:1:6	대사	80	ANYTHING ELSE?	
01070	0FA2:0:0	대사	B3	MUCH OBLIGED TO YOU, PARDNERS!	
01071	0FA2:0:2	대사	B3	WELL, ALL I GOT'S THIS FUNNY-SHAPED NUGGET.	
01072	0FA2:0:3	대사	B3	AH RECKON YUS CAN HAVE THAT...	
01073	0FA2:1:1	대사	81	HOW OBLIGED?	
01074	0FA2:1:2	대사	81	ARE WE TALKING A REWARD HERE?	
01075	0FA3:0:0	대사	B3	NOW LOOK WHAT YOU VARMINTS HAVE DONE!	
01076	0FA3:0:1	대사	B3	Y'ALL BETTER GIT OUT WHILE Y' STILL CAN!	
01077	0FA4:0:0	대사	B3	WHAT WITH ALL THE BANGIN' AN' A-HOLLERIN', ANOTHER BOX O' TNT STICKS ESCAPED!	
01078	0FA4:0:1	대사	B3	IF YUS RECKON ON FINISHIN' THE JOB, YOU'D BETTER GIT BACK IN THERE!	
01079	0FA5:0:0	대사	B5	BLEEP!	
01080	0FA5:0:1	대사	B5	I'M ZTILL TRAPPED IN THIZ MINE BY THAT BLOCKED TUNNEL.	
01081	0FA5:0:2	대사	B5	BLEEP!	
01082	0FA6:0:0	대사	B5	BLEEP!	
01083	0FA6:0:1	대사	B5	THAT DOOR'Z ZTILL NOT OPEN ON THE OTHER ZIDE!	
01084	0FA6:0:2	대사	B5	BLEEP!	
01085	0FA7:0:0	대사	AA	HELP ME OUT OF THIS CAGE.	
01086	0FA7:0:1	대사	AA	PLEASE...	
01087	0FA8:1:0	대사	80	I WONDER WHAT'S UNDER THAT BIG PILE OF COAL IN THE CORNER...	
01088	0FA8:1:1	대사	81	MAYBE IT'S A JIGGY...	
01089	0FA9:0:0	대사	AA	WOOHOO!	
01090	0FA9:0:1	대사	AA	I'M FREE!	
01091	0FA9:1:2	대사	80	IT'S MOMENTS LIKE THIS THAT MAKE ADVENTURING WORTHWHILE...	
01092	0FAA:0:0	대사	B3	HOLD YER HORSES, YOU AIN'T READY T' STEP INTO MY MINE!	
01093	0FAA:0:1	대사	B3	I HEAR THAT JAMJARS FELLA'S RUNNIN' A BREEGULL BLASTER COURSE IN MAYAHEM TEMPLE.	
01094	0FAA:0:2	대사	B3	RECKON Y' SHOULD LOOK HIM UP!	
01095	0FAB:0:0	대사	B3	RECKON THERE'S A YELLOW STREAK RUNNIN' RIGHT DOWN YOUR BACK.	
01096	0FAB:0:1	대사	B3	NOW GITS BACK IN THERE AND SAVE MY MINE!	
01097	0FAC:0:0	대사	B6	THIS IS MY TRAIN CONTROL PAD.	
01098	0FAD:0:0	대사	AA	FANCY A RACE?	
01099	0FAD:0:1	대사	AA	JUST HOP ON THE CART.	
01100	0FAE:0:0	대사	AA	FANCY ANOTHER RACE?	
01101	0FAE:0:1	대사	AA	JUST HOP ON THE CART.	
01102	0FAF:0:0	대사	AA	I THINK I'VE SPENT QUITE ENOUGH TIME IN THIS GLOOMY OLD MINE.	
01103	0FAF:0:1	대사	AA	I'M OFF TO SWOOP AND SOAR AMONG THE CLOUDS.	
01104	0FAF:0:2	대사	AA	BYE-BYE, FRIENDS!	
01105	0FAF:0:3	대사	AA	PERHAPS WE'LL SEE EACH OTHER AGAIN...	
01106	0FB0:0:0	대사	AA	I'VE FIXED THE HANDCART.	
01107	0FB0:0:1	대사	AA	ALL I NEED NOW IS A BEAR AND BIRD TO RACE.	
01108	0FB1:0:0	대사	AA	THE HANDCART'S FIXED, BUT I STILL CAN'T FIND ANYONE SUITABLE TO RACE ME.	
01109	0FB2:0:0	대사	AA	OOOOH...	
01110	0FB2:0:1	대사	AA	I'D LOVE ANOTHER RACE TO EXERCISE MY WINGS.	
01111	0FB3:0:0	대사	B3	HOWDY!	
01112	0FB3:0:1	대사	B3	THE LIL OLD BEST TIME SO FAR IS ~ SECONDS.	
01113	0FB4:0:0	대사	B3	PURDY GOOD, STRANGER.	
01114	0FB4:0:1	대사	B3	THAT'S A ROOTIN' TOOTIN' NEW RECORD!	
01115	0FB5:0:0	대사	B3	WELL, I'LL BE!	
01116	0FB5:0:1	대사	B3	AH RECKON YUH EQUALLED THE RECORD THAT TIME...	
01117	0FB6:0:0	대사	B3	YOU AIN'T GETTIN' NO NEW RECORD WITH THAT TIME, NO SIREE!	
01118	0FB7:0:0	대사	AA	I'M CANARY MARY.	
01119	0FB7:0:1	대사	AA	I'VE JUST BEEN SET FREE.	
01120	0FB7:0:3	대사	AA	MY WINGS ARE STILL A BIT STIFF FROM SPENDING SO LONG IN THAT CAGE. HOW ABOUT A RACE TO HELP ME STRETCH THEM?	
01121	0FB7:0:6	대사	AA	IT WAS, BUT I FIXED IT AND PUT IT BACK ON THE TRACK!	
01122	0FB7:0:9	대사	AA	I LIKE TO TRY.	
01123	0FB7:0:10	대사	AA	JUMP ABOARD IF YOU FANCY A GO.	
01124	0FB7:0:13	대사	AA	SIMPLY TAP {87} AS FAST AS YOU CAN TO DRIVE THE HANDCART ALONG.	
01125	0FB7:1:2	대사	80	ON THIS OLD HANDCART?	
01126	0FB7:1:3	대사	80	I'M SURE IT WAS BROKEN WHEN I SAW IT LAST...	
01127	0FB7:1:6	대사	81	YOU'RE PRETTY RESOURCEFUL FOR AN OLD BIRD, AREN'T YOU?	
01128	0FB7:1:9	대사	80	SOUNDS LIKE FUN. WHAT DO WE DO?	
01129	0FB8:0:0	대사	B3	HOWDY!	
01130	0FB8:0:2	대사	B3	AH'M BILL.	
01131	0FB8:0:4	대사	B3	YUP. HOW DID YOU GUESS?	
01132	0FB8:0:6	대사	B3	MAH RODENT PARDNER, DILBERTA, WENT LOOKING FOR GOLD, BUT SHE'S BEEN GAWN FAR TOO LONG.	
01133	0FB8:1:1	대사	80	WHO MIGHT YOU BE?	
01134	0FB8:1:3	대사	80	BULLION BILL?	
01135	0FB8:1:5	대사	80	WHAT'S UP, BILL?	
01136	0FB8:1:7	대사	80	I'LL KEEP A LOOKOUT FOR HER, BILL.	
01137	0FB9:0:0	대사	B3	HOWDY!	
01138	0FB9:0:2	대사	B3	AH'M BILL.	
01139	0FB9:0:4	대사	B3	YUP. HOW DID YOU GUESS?	
01140	0FB9:0:6	대사	B3	MAH RODENT PARDNER, DILBERTA, WENT LOOKING FOR GOLD, BUT SHE'S BEEN GAWN FAR TOO LONG.	
01141	0FB9:1:1	대사	81	WHO ARE YOU?	
01142	0FB9:1:3	대사	81	BULLION BILL?	
01143	0FB9:1:5	대사	81	GO ON THEN - TELL ME YOUR PROBLEM...	
01144	0FB9:1:7	대사	81	I'M SURE I'LL FIND HER SOMEWHERE...	
01145	0FBA:0:0	대사	B3	MAH RAT PARDNER, DILBERTA, IS STILL MISSING.	
01146	0FBA:1:1	대사	80	I KNOW.	
01147	0FBB:0:0	대사	B3	HOWDY!	
01148	0FBB:0:2	대사	B3	AH'M BILL.	
01149	0FBB:0:4	대사	B3	YUP. HOW DID YOU GUESS?	
01150	0FBB:0:6	대사	B3	MAH RODENT PARDNER, DILBERTA, WENT LOOKING FOR GOLD, BUT SHE'S BEEN GAWN FAR TOO LONG.	
01151	0FBB:1:1	대사	80	WHO MIGHT YOU BE?	
01152	0FBB:1:3	대사	80	BULLION BILL?	
01153	0FBB:1:5	대사	80	WHAT'S UP, BILL?	
01154	0FBB:1:7	대사	80	WE FREED A RAT IN A PRISON EARLIER!	
01155	0FBB:1:10	대사	80	I THINK I CAN HEAR HER NOW...	
01156	0FBC:0:0	대사	B3	HOWDY!	
01157	0FBC:0:2	대사	B3	AH'M BILL.	
01158	0FBC:0:4	대사	B3	YUP. HOW DID YOU GUESS?	
01159	0FBC:0:6	대사	B3	MAH RODENT PARDNER, DILBERTA, WENT LOOKING FOR GOLD, BUT SHE'S BEEN GAWN FAR TOO LONG.	
01160	0FBC:1:1	대사	81	WHO ARE YOU?	
01161	0FBC:1:3	대사	81	BULLION BILL?	
01162	0FBC:1:5	대사	81	GO ON THEN - TELL ME YOUR PROBLEM...	
01163	0FBC:1:7	대사	81	WE FREED A RAT IN A PRISON EARLIER!	
01164	0FBC:1:10	대사	81	I THINK I CAN HEAR HER NOW...	
01165	0FBD:0:0	대사	B3	MY RODENT PARDNER DILBERTA IS STILL MISSING.	
01166	0FBD:1:1	대사	80	FUNNY YOU SHOULD SAY THAT.	
01167	0FBD:1:2	대사	80	WE HAD ANOTHER LOOK ROUND AND MANAGED TO FIND HER.	
01168	0FBD:1:5	대사	80	THERE SHE IS NOW!	
01169	0FBE:0:0	대사	B3	MY RODENT PARDNER DILBERTA IS STILL MISSING.	
01170	0FBE:1:1	대사	81	FUNNY YOU SHOULD SAY THAT.	
01171	0FBE:1:2	대사	81	WE HAD ANOTHER LOOK ROUND AND MANAGED TO FIND HER.	
01172	0FBE:1:5	대사	81	THERE SHE IS NOW!	
01173	0FE2:1:0	대사	80	TESTING.	
01174	0FE2:1:1	대사	81	YEP, IT WORKS!	
01175	0FE3:0:0	대사	C7	GREETINGS, FRIEND, THE NAME'S PAWNO.	
01176	0FE3:0:1	대사	C7	I'M THE LOCAL PAWNBROKER.	
01177	0FE3:0:4	대사	C7	AH, YES.	
01178	0FE3:0:5	대사	C7	A REAL NICE PIECE, CIRCA BANJO-KAZOOIE, SO I WAS TOLD.	
01179	0FE3:0:6	대사	C7	I RECKON 20 GOLD DOUBLOONS WOULD BE A FAIR PRICE.	
01180	0FE3:1:1	대사	80	WE'RE INTERESTED IN THAT JIGGY IN THE CASE.	
01181	0FE3:1:4	대사	81	20 DOUBLOONS?!	
01182	0FE3:1:5	대사	81	WE ONLY WANT THE JIGGY, NOT YOUR WHOLE SHOP!	
01183	0FE4:0:0	대사	C7	IT'S STILL 20 DOUBLOONS FOR THE JIGGY.	
01184	0FE4:0:1	대사	C7	WOULD YOU LIKE TO BUY IT?	
01185	0FE5:0:0	대사	C7	HELLO AGAIN!	
01186	0FE5:0:3	대사	C7	FAR FROM WORTHLESS, MY FRIEND.	
01187	0FE5:0:4	대사	C7	I WAS TOLD THAT PAGE COMES FROM THE LEGENDARY CHEATO BOOK.	
01188	0FE5:0:7	대사	C7	OH YES.	
01189	0FE5:0:8	대사	C7	I'M AFRAID I WON'T TAKE LESS THAN 5 DOUBLOONS FOR IT. I DON'T GET QUALITY LIKE THAT IN HERE EVERY DAY!	
01190	0FE5:1:1	대사	81	HOW MUCH FOR THE WORTHLESS OLD PAGE?	
01191	0FE5:1:4	대사	80	ARE YOU SURE?	
01192	0FE5:1:7	대사	81	SO I SEE...	
01193	0FE6:0:0	대사	C7	WELCOME BACK.	
01194	0FE6:0:1	대사	C7	THE PAGE IS STILL AVAILABLE IF YOU WANT IT.	
01195	0FE6:0:4	대사	C7	IT WOULD STILL BE 5 DOUBLOONS.	
01196	0FE6:0:5	대사	C7	DO I HAVE A SALE?	
01197	0FE6:1:1	대사	81	I'M SURE IT WOULD STILL BE HERE NEXT YEAR...	
01198	0FE7:0:0	대사	C7	WELL, IF YOU CHANGE YOUR MIND, YOU KNOW WHERE I AM.	
01199	0FE8:0:0	대사	C7	A PLEASURE DOING BUSINESS.	
01200	0FE8:0:1	대사	C7	PLEASE HELP YOURSELVES!	
01201	0FE9:0:0	대사	C7	AH, YOU SAY YES, BUT YOUR PURSE IS TELLING ME NO!	
01202	0FEA:0:0	대사	C7	WHAT DO YOU SAY?	
01203	0FEB:0:1	대사	C7	SORRY, FRIEND, THE REST OF THE STUFF'S BEEN HERE AGES.	
01204	0FEB:0:2	대사	C7	I'LL NEVER SELL SOME OF THIS RUBBISH...	
01205	0FEB:1:0	대사	80	HAVE YOU GOT ANYTHING ELSE INTERESTING?	
01206	0FEB:1:3	대사	81	SERVES YOU RIGHT.	
01207	0FEC:0:1	대사	D7	OH HI.	
01208	0FEC:0:2	대사	D7	I'M CHRIS.	
01209	0FEC:0:4	대사	D7	ACTUALLY, IT'S CHRIS P. BACON.	
01210	0FEC:0:6	대사	D7	I'M ON VACATION, TRYING TO PHOTOGRAPH THOSE LOVELY PAINTINGS ON THE WALL DOWN THERE.	
01211	0FEC:0:9	대사	D7	OH, IT IS.	
01212	0FEC:0:10	대사	D7	BUT THESE AWFUL FISH KEEP ATTACKING ME!	
01213	0FEC:0:12	대사	D7	THIS CAMERA WAS TOO EXPENSIVE - I HAD NO DOUBLOONS LEFT.	
01214	0FEC:1:1	대사	80	HELLO THERE!	
01215	0FEC:1:3	대사	81	CHRIS?	
01216	0FEC:1:4	대사	81	NOT VERY PIG-LIKE, IF YOU ASK ME.	
01217	0FEC:1:6	대사	81	OH, I SEE...	
01218	0FEC:1:7	대사	80	WHAT ARE YOU DOING, MR. BACON?	
01219	0FEC:1:9	대사	80	SOUNDS FASCINATING...	
01220	0FEC:1:11	대사	81	WHY NOT GET A SPEAR GUN?	
01221	0FED:0:0	대사	D7	WILL YOU PROTECT ME FROM THE NASTY FISH WHILE I FILM THE WALLS?	
01222	0FEE:0:0	대사	D7	I GOT ALL THE SHOTS I NEEDED.	
01223	0FEE:0:1	대사	D7	PERHAPS THIS THING I FOUND EARLIER MAY INTEREST YOU.	
01224	0FEF:0:0	대사	D7	THAT NIPPER BITE REALLY HURT!	
01225	0FEF:0:1	대사	D7	PLEASE TRY HARDER NEXT TIME.	
01226	0FF0:0:0	대사	D7	WELL, I'M OFF TO GET THESE PICTURES PRINTED.	
01227	0FF0:0:1	대사	D7	BYE!	
01228	0FF1:0:0	대사	D6	GREETINGS, FEEBLE EARTHLINGS.	
01229	0FF1:0:2	대사	D6	NO.	
01230	0FF1:0:3	대사	D6	WE'RE ALPH, BETI AND GAMMO.	
01231	0FF1:0:4	대사	D6	WE'RE ALSO IN A BIT OF A FIX.	
01232	0FF1:0:7	대사	D6	NO, WE HAVE A CELL PHONE FOR THAT.	
01233	0FF1:0:8	대사	D6	THE DRIVE UNIT ON OUR SHIP HAS RUN OUT OF FUEL. IT'S POWERED BY CRYSTALLIZED ICE, BUT WE DON'T HAVE ANY.	
01234	0FF1:1:2	대사	80	WOW!	
01235	0FF1:1:3	대사	80	REAL ALIENS!	
01236	0FF1:1:4	대사	81	ARE ANY OF YOU CALLED ELVIS?	
01237	0FF1:1:6	대사	81	LET ME GUESS, YOU NEED TO PHONE HOME?	
01238	0FF1:1:9	대사	80	I'M SURE WE'LL BE ABLE TO SORT SOMETHING OUT...	
01239	0FF2:0:0	대사	D6	OUR SHIP HAS RUN OUT OF FUEL, AS WE HAVE NO ICE TO POWER IT.	
01240	0FF2:1:2	대사	81	NOT SO SUPERIOR NOW, ARE WE?	
01241	0FF3:0:0	대사	D6	POWER UP THE OTHER CRYSTALS QUICKLY!	
01242	0FF4:0:0	대사	D6	YOU HAVE FAILED US, PATHETIC EARTHLINGS!	
01243	0FF4:1:1	대사	81	FIX YOUR OWN SHIP THEN!	
01244	0FF4:1:2	대사	81	BY THE WAY, DO ANY OF YOU HAVE GREEN CARDS?	
01245	0FF5:0:0	대사	D6	THANK YOU, EARTHLING BEAR AND BIRD.	
01246	0FF5:0:1	대사	D6	NOW PLEASE EXIT OUR SHIP, AS WE NEED TO LEAVE.	
01247	0FF5:0:2	대사	D6	WE ARE LATE FOR DINNER!	
01248	0FF5:0:4	대사	D6	WE LANDED ON A SHINY THING - YOU MAY HAVE THAT.	
01249	0FF5:0:5	대사	D6	NOW GO!	
01250	0FF5:1:1	대사	80	ER, ANY CHANCE OF A REWARD?	
01251	0FF6:0:0	대사	C8	OOOH, I DON'T KNOW WHAT TO DO!	
01252	0FF6:0:3	대사	C8	IT'S MY BABY.	
01253	0FF6:0:4	대사	C8	HE'S ABOUT 32 WEEKS LATE.	
01254	0FF6:0:5	대사	C8	CAN YOU HELP?	
01255	0FF6:0:8	대사	C8	I'M A REPTILE, NOT A BIRD.	
01256	0FF6:0:9	대사	C8	HE'S SUPPOSED TO GET OUT HIMSELF.	
01257	0FF6:1:1	대사	80	WHAT SEEMS TO BE THE PROBLEM, TIPTUP?	
01258	0FF6:1:4	대사	81	CAN'T YOU JUST SIT ON IT AND HATCH IT?	
01259	0FF7:0:0	대사	C8	STILL NO SIGN OF HIM HATCHING. I'M GETTING MORE WORRIED BY THE MINUTE!	
01260	0FF7:0:3	대사	C8	IT HAD BETTER BE.	
01261	0FF7:0:4	대사	C8	I'VE ALREADY GOT 19 GIRLS!	
01262	0FF7:1:1	대사	81	HOW DO YOU KNOW IT'S A HIM?	
01263	0FF8:0:0	대사	C8	MY BABY'S STILL UPSIDE DOWN!	
01264	0FF8:0:1	대사	C8	PLEASE HELP HIM!	
01265	0FF9:0:0	대사	C8	THANK YOU SO MUCH!	
01266	0FF9:0:3	대사	C8	OH NO!	
01267	0FF9:0:4	대사	C8	HE'S UPSIDE DOWN!	
01268	0FF9:0:7	대사	C8	THAT'S NOT FUNNY.	
01269	0FF9:0:8	대사	C8	PLEASE HELP HIM!	
01270	0FF9:1:2	대사	81	WAIT...	
01271	0FF9:1:3	대사	81	SOMETHING LOOKS ODD...	
01272	0FF9:1:5	대사	81	YOU MEAN HE'S TIPPED UP!	
01273	0FFA:0:0	대사	C8	OH, THAT'S MUCH BETTER!	
01274	0FFA:0:1	대사	C8	I FOUND THIS BURIED IN THE SAND - IT'S YOURS!	
01275	0FFA:0:3	대사	C8	NOW COME ALONG, SON.	
01276	0FFA:0:4	대사	C8	I'LL TAKE YOU TO MEET ALL YOUR SISTERS.	
01277	0FFB:0:0	대사	CA	AH, YOU MUST BE THE RESCUE PARTY.	
01278	0FFB:0:3	대사	CA	I'M MERRY MAGGIE, PARTNER OF JOLLY ROGER.	
01279	0FFB:0:4	대사	CA	I WAS OUT ON ONE OF BLUBBER'S WAVERACERS, WHEN THIS FISH KNOCKED ME OFF AND SWALLOWED ME!	
01280	0FFB:0:7	대사	CA	THAT'S LOVELY.	
01281	0FFB:0:8	대사	CA	IT'LL SOON BE HAPPY HOUR AT THE INN, AND JOLLY WILL BE NEEDING SOME RELIEF.	
01282	0FFB:0:11	대사	CA	OH, SEE JOLLY ABOUT THAT. I'M SURE HE'LL GIVE YOU ONE.	
01283	0FFB:1:1	대사	81	ONLY IF THE PRICE IS RIGHT...	
01284	0FFB:1:4	대사	80	THE FISH'S MOUTH IS OPEN NOW, SO YOU DON'T HAVE TO STAY IN HERE.	
01285	0FFB:1:7	대사	81	ANY CHANCE OF A JIGGY?	
01286	0FFC:0:0	대사	CA	THANKS FOR RESCUING ME FROM THE BILE-INFESTED INNARDS OF THAT FEROCIOUS SEA MONSTER.	
01287	0FFC:0:3	대사	CA	IT SEEMED LIKE A MONSTER TO ME...	
01288	0FFC:1:2	대사	80	ACTUALLY, IT WAS JUST A VERY LARGE FISH.	
01289	0FFD:0:0	대사	CA	THANKS AGAIN.	
01290	0FFD:0:1	대사	CA	AND REMEMBER, IT'S 'GRAB-A-SAILOR' NIGHT IN HERE EVERY WEDNESDAY!	
01291	0FFD:0:4	대사	CA	IT'S VERY POPULAR.	
01292	0FFD:0:5	대사	CA	ONE DOUBLOON GETS YOU FIVE TANKARDS OF SEAMAN'S BREW!	
01293	0FFD:1:2	대사	81	I THINK WE'LL GIVE IT A MISS...	
01294	0FFE:0:0	대사	C9	OH, HELLO THERE!	
01295	0FFE:0:1	대사	C9	I'M JOLLY ROGER, TOWN MAYOR AND PROPRIETOR OF THIS LOVELY HARBORSIDE INN.	
01296	0FFE:0:4	대사	C9	I'D LOVE TO OBLIGE, BUT I'M LESS THAN JOLLY AT THE MOMENT AS MY PARTNER'S GONE MISSING...	
01297	0FFE:0:7	대사	C9	SHE WAS OUT ON A WAVERACER EARLY YESTERDAY EVENING. I HEARD A BIG GULPING NOISE, AND WHEN I GOT OUTSIDE, SHE WAS GONE!	
01298	0FFE:0:10	대사	C9	OH, I HOPE NOT.	
01299	0FFE:0:11	대사	C9	IT'S HAPPY HOUR SOON AND I'LL BE NEEDING SOME HELP!	
01300	0FFE:1:1	대사	81	WE'D LIKE A GINGER BEER, PLEASE.	
01301	0FFE:1:4	대사	81	THAT'S A SHAME.	
01302	0FFE:1:5	대사	81	NOW HOW ABOUT THAT DRINK?	
01303	0FFE:1:6	대사	80	KAZOOIE!	
01304	0FFE:1:7	대사	81	OH, SORRY.	
01305	0FFE:1:8	대사	81	WHERE DID YOU LAST SEE HER?	
01306	0FFE:1:11	대사	81	PERHAPS SHE WAS EATEN BY A VICIOUS SEA DEMON.	
01307	0FFF:0:0	대사	C9	MY PARTNER STILL HASN'T RETURNED, YOU KNOW...	
01308	1000:0:0	대사	C9	THANKS FOR RESCUING MY PARTNER!	
01309	1000:0:3	대사	C9	NO, HONESTLY, I'M RATHER PLEASED.	
01310	1000:0:4	대사	C9	HOW ABOUT A TANKARD OF MY FINEST GINGER BEER, ON THE HOUSE?	
01311	1000:0:7	대사	C9	THEN PLEASE ACCEPT THIS MODEST LITTLE TRINKET INSTEAD...	
01312	1000:1:1	대사	81	THINK NOTHING OF IT.	
01313	1000:1:4	대사	80	PERHAPS LATER.	
01314	1001:0:0	대사	C9	THANKS AGAIN!	
01315	1002:0:0	대사	C9	WOULD YOU LIKE TO RENT A ROOM?	
01316	1002:0:1	대사	C9	IT'S HALF PRICE AT 2 DOUBLOONS, AS THIS NAUGHTY MOLE HAS DUG A HOLE IN THE CORNER OF IT.	
01317	1002:0:2	대사	C9	HOW ABOUT IT?	
01318	1003:0:0	대사	C9	THAT'S A SHAME.	
01319	1003:0:1	대사	C9	I WAS HOPING YOU'D DEAL WITH THAT RODENT RASCAL.	
01320	1004:0:0	대사	C9	LOVELY.	
01321	1004:0:1	대사	C9	I'LL JUST OPEN THE DOOR FOR YOU, OKAY?	
01322	1005:0:0	대사	C9	I'D LOVE TO LET YOU IN, BUT YOU DON'T HAVE ENOUGH DOUBLOONS AT THE MOMENT.	
01323	1006:0:0	대사	D8	AHOY THERE!	
01324	1006:0:1	대사	D8	IT BE YER OL' SHIPMATE, CAP'N BLUBBER!	
01325	1006:0:2	대사	D8	HOW YE GOIN', ME HEARTIES?	
01326	1006:0:5	대사	D8	AYE!	
01327	1006:0:6	대사	D8	THESE ADVENTURES ARE ALL THE SAME, SO MANY PLACES T' GO AND THINGS T' FIND...	
01328	1006:0:9	대사	D8	NOT GOOD, LANDLUBBERS.	
01329	1006:0:10	대사	D8	ALL ME WAVERACERS ARE SHIPWRECKED, AN' THE LAST ONE WAS EATEN BY A FISH YESTERDAY.	
01330	1006:0:13	대사	D8	NAW, SHIPMATES.	
01331	1006:0:14	대사	D8	BUT I WILL SELL YE ME LAST POSSESSION FOR JUST ~ DOUBLOON.	
01332	1006:0:16	대사	D8	HOW ABOUT IT, ME HEARTIES?	
01333	1006:1:2	대사	80	BIT OF A HARD DAY, REALLY.	
01334	1006:1:5	대사	81	BEATS STANDING AROUND, THOUGH.	
01335	1006:1:6	대사	81	HOW'S BUSINESS, BLUBBERGUTS?	
01336	1006:1:9	대사	80	PERHAPS WE CAN LEND YOU A DOUBLOON OR TWO.	
01337	1007:0:0	대사	D8	AHOY THERE AGAIN, SHIPMATES!	
01338	1007:0:1	대사	D8	NOW HOW ABOUT BUYING OL' BLUBBER'S LAST POSSESSION FOR ~ DOUBLOON?	
01339	1008:0:0	대사	D8	DO YOU WANT MY LAST POSSESSION FOR ~ DOUBLOON?	
01340	1009:0:0	대사	D8	BILGE RATS!	
01341	1009:0:1	대사	D8	WELL, COME BACK 'N' SEE ME IF YERS DO...	
01342	100A:0:0	대사	D8	SORRY, SHIPMATES, BUT I'LL NEED T' SEE SOME GOLD AFORE YE GETS IT!	
01343	100B:0:0	대사	D8	ARR, YE'S A GOOD 'UN, BANJO.	
01344	100B:0:2	대사	D8	HAVE A LOOK INSIDE THIS 'ERE CRATE.	
01345	100C:0:0	대사	E2	AVAST THERE, YE SCURVY DOGS!	
01346	100C:0:1	대사	E2	I BE CAPTAIN BLACKEYE, FEARLESS PIRATE AND SCOURGE OF THE SEAS...	
01347	100C:0:3	대사	E2	JUST A TOUCH OF SEASICKNESS, Y' FILTHY RATS.	
01348	100C:0:5	대사	E2	WATCH YER TONGUE, BUZZARD!	
01349	100C:1:2	대사	80	YOU'RE LOOKING A TAD WOBBLY THERE, BLACKY.	
01350	100C:1:4	대사	81	SEASICK?	
01351	100C:1:5	대사	81	SOME PIRATE YOU ARE!	
01352	100D:0:0	대사	E2	ARRR!	
01353	100D:0:1	대사	E2	I HAD A DREAM ONCE...	
01354	100E:0:0	대사	E2	I WERE IN THIS FINE GAME...	
01355	100F:0:0	대사	E2	A BEAR STOLE ME GLORY...	
01356	100F:0:1	대사	E2	LOOKED A BIT LIKE YOU, 'E DID!	
01357	1010:0:0	대사	E2	SHIVER ME TIMBERS!	
01358	1010:0:1	대사	E2	THESE SEASICK TABLETS JOLLY GAVE ME ARE MIGHTY USELESS...	
01359	1011:0:0	대사	E2	SPLICE THE MAIN BRACE!	
01360	1011:0:1	대사	E2	ONE MORE PRESS O' THAT THAR BUTTON AN' I'LL RUN YE THROUGH!	
01361	1012:0:0	대사	E2	RIGHT!	
01362	1012:0:1	대사	E2	I'LL SLIT YER...	
01363	1012:0:2	대사	E2	OOOOH, ME POOR STOMACH.	
01364	1012:0:3	대사	E2	JUST TAKE THESE DOUBLOONS AND FETCH ME ANOTHER GLASS O' WATER...	
01365	1013:0:0	대사	E3	THIS IS A DOUBLOON.	
01366	1013:0:1	대사	E3	THEY ARE THE ONLY CURRENCY ACCEPTED IN JOLLY ROGER'S LAGOON.	
01367	1014:0:0	대사	D1	HELP US SORT OUR POOL OUT, MR. BEAR!	
01368	1014:0:3	대사	D1	WE WANT TO GO SWIMMING, BUT THE WATER IS POLLUTED AND ICY COLD.	
01369	1014:1:2	대사	81	WHAT'S WRONG WITH IT?	
01370	1014:1:3	대사	81	LOOKS FINE TO ME.	
01371	1014:1:6	대사	80	HMM...	
01372	1014:1:7	대사	80	THIS ONE MAY TAKE SOME TIME.	
01373	1015:0:0	대사	D1	PLEASE FIX THE POOL.	
01374	1015:0:1	대사	D1	PIGGLES PUSHED ME IN THE OTHER WEEK, AND LOOK WHAT'S HAPPENED TO MY ARM!	
01375	1015:0:4	대사	D1	THANKS.	
01376	1015:0:5	대사	D1	I'M A LITTLE TOUCHY ABOUT IT, AS YOU MIGHT EXPECT.	
01377	1015:1:2	대사	80	WELL, I DIDN'T WANT TO SAY ANYTHING...	
01378	1015:1:5	대사	81	FREAKO!	
01379	1016:0:0	대사	D1	THE SWIMMING POOL WATER IS STILL HORRIBLY POLLUTED AND WAY TOO COLD FOR ME AND TROTTY.	
01380	1017:0:0	대사	D1	HURRY UP WITH THE POOL.	
01381	1017:0:1	대사	D1	I THINK I CAN FEEL A THIRD LEG STARTING TO GROW...	
01382	1018:0:0	대사	D1	THE POOL LOOKS MUCH CLEANER NOW, THANKS!	
01383	1018:1:2	대사	80	WE'VE STILL GOT THE TEMPERATURE PROBLEM TO SORT OUT, THOUGH...	
01384	1019:0:0	대사	D1	THE WATER IS CLEANER, BUT THERE'S STILL THE TEMPERATURE TO FIX.	
01385	1019:1:2	대사	81	YEAH, AND YOUR FREAKY ARM!	
01386	101A:0:0	대사	D1	THE WATER IS STILL TOO COLD.	
01387	101B:0:0	대사	D1	PLEASE WARM THE WATER UP - IT'S FREEZING!	
01388	101C:0:0	대사	D1	THE WATER IS MUCH WARMER NOW, BUT WE DAREN'T GO IN BECAUSE OF THE TOXIC WASTE!	
01389	101C:1:2	대사	80	WE'LL TRY AND LOCATE THE SOURCE AND SWITCH IT OFF.	
01390	101D:0:0	대사	D1	IT'S WARMER NOW, BUT I DON'T WANT ANY MORE ARMS!	
01391	101D:1:2	대사	81	WHY NOT?	
01392	101D:1:3	대사	81	GET THREE MORE AND YOU COULD BE SPIDER BOY!	
01393	101E:0:0	대사	D1	LOOK AT IT!	
01394	101E:0:1	대사	D1	THE WATER IS STILL ALARMINGLY FILTHY.	
01395	101F:0:0	대사	D1	SEE HOW SMELLY AND TOXIC THE POOL IS.	
01396	101F:0:1	대사	D1	DON'T YOU FEEL SORRY FOR US?	
01397	1020:0:0	대사	D1	THANKS, MR. BEAR.	
01398	1020:0:1	대사	D1	NOW OUR WATER IS LOVELY AND WARM!	
01399	1021:0:0	대사	D1	THANKS, GIANT TEDDY BEAR.	
01400	1021:0:1	대사	D1	NOW OUR WATER IS CRYSTAL CLEAR!	
01401	1022:0:0	대사	D1	AT LAST, WE CAN GO FOR A SWIM!	
01402	1022:0:1	대사	D1	HERE, TAKE THIS PIECE OF GOLD THAT WE STOLE OFF THIS SMELLY, BONY LADY IN A BIG POINTY HAT.	
01403	1023:0:0	대사	D7	HOPE YOU'RE READY.	
01404	1023:0:1	대사	D7	HERE THEY COME!	
01405	1024:0:0	대사	D7	I THINK THAT WILL DO IT.	
01406	1024:0:1	대사	D7	I'M OFF BACK TO THE SURFACE.	
01407	1025:0:0	대사	D7	RIGHT THEN.	
01408	1025:0:1	대사	D7	IF YOU COULD JUST FOLLOW ME DOWN TO THE BOTTOM...	
01409	1026:0:0	대사	D7	WELL, I'M NOT GOING DOWN THERE ON MY OWN, AND THIS SHINY THING IS STAYING IN MY SHORTS!	
01410	1027:0:0	대사	03:33	WHAT?!	
01411	1027:0:1	대사	03:33	WHO DARES INTRUDE ON LORD WOO FAK FAK WHILE HE SLEEPS IN HIS APPALLINGLY CRAMPED LOCKER?	
01412	1027:0:3	대사	03:33	DON'T LIE TO ME!	
01413	1027:0:4	대사	03:33	YOU WERE GOING TO STEAL MY JIGGY AND DRAIN MY HOME, LEAVING ME TO FLAP PATHETICALLY AROUND ON THE BOTTOM UNTIL I SHRIVELLED UP AND DIED, WEREN'T YOU?	
01414	1027:0:6	대사	03:33	THEN A WATERY GRAVE AWAITS YOU!	
01415	1027:1:1	대사	80	OH, ERR...	
01416	1027:1:2	대사	80	WE'VE JUST BROUGHT SOME MAIL FOR YOU, LORD FAK...	
01417	1027:1:4	대사	81	SOMETHING LIKE THAT...	
01418	1028:0:0	대사	03:33	BACK AGAIN?	
01419	1028:0:1	대사	03:33	DON'T YOU KNOW WHO I AM?	
01420	1028:0:2	대사	03:33	I'M LORD WOO FAK FAK, AND I'M GOING TO HAVE TO DESTROY YOU!	
01421	1029:0:0	대사	03:33	CURSES!	
01422	1029:0:1	대사	03:33	THINGS SEEM TO HAVE GONE BELLY UP!	
01423	1029:0:2	대사	03:33	ONE HUNDRED YEARS OF OCEANIC TYRANNY BROUGHT TO AN UNDIGNIFIED END...	
01424	102A:0:0	대사	03:33	AIEEEE!	
01425	102A:0:1	대사	03:33	ME PRECIOUS BOILS!	
01426	102B:0:0	대사	03:33	WOO!	
01427	102B:0:1	대사	03:33	HAVE YOU NO SYMPATHY, HITTING A POOR BLIND FISH?	
01428	102B:0:2	대사	03:33	TIME I OPENED MY EYES TO SEE WHAT I'M DOING!	
01429	102C:0:0	대사	96	GOT DOWN HERE AT LAST, EH?	
01430	102C:0:1	대사	96	HOW ABOUT TRYING MY LITTLE SHOOTING CHALLENGE?	
01431	102C:0:2	대사	96	SCORE ~ POINTS AND I MIGHT GIVE YOU A PRIZE!	
01432	102D:0:0	대사	96	I SEE YOU'RE BACK FOR MORE TARGET PRACTICE!	
01433	102E:0:0	대사	96	DO YOU NEED INSTRUCTIONS?	
01434	102F:0:0	대사	96	I'VE LITTERED THIS PLACE WITH LOVELY MINES, WHICH HOPEFULLY YOU'LL RUN INTO!	
01435	102F:0:1	대사	96	DESTROY MY MINES TO SCORE ILL-DESERVED POINTS.	
01436	102F:0:3	대사	96	BLUE ONES ARE WORTH 3 POINTS...	
01437	102F:0:5	대사	96	GREEN ONES GET YOU 2 POINTS...	
01438	102F:0:7	대사	96	AND ONLY 1 POINT FOR THE FEEBLE RED ONES.	
01439	1030:0:0	대사	96	RATS!	
01440	1030:0:1	대사	96	YOU LUCKILY SCORED ENOUGH POINTS TO WIN MY PRIZE...	
01441	1031:0:0	대사	96	I'M ALMOST IMPRESSED.	
01442	1031:0:1	대사	96	YOUR NEW BEST SCORE IS NOW ~ POINTS!	
01443	1032:0:0	대사	96	WHAT A SHAME!	
01444	1032:0:1	대사	96	THAT FEEBLE SCORE OF ~ POINTS WON'T WIN YOU MY PRIZE.	
01445	1033:0:0	대사	96	GIVE UP NOW! YOU ONLY MANAGED TO SCORE ~ POINTS.	
01446	1033:0:2	대사	96	YOU DIDN'T EVEN BEAT YOUR BEST SCORE OF ~ POINTS.	
01447	1034:0:0	대사	96	USELESS FOOL!	
01448	1034:0:1	대사	96	YOU SCORED NO POINTS AT ALL.	
01449	1035:0:0	대사	84	MUMBO SHINE BIG LIGHT ON WATER.	
01450	1035:0:1	대사	84	IT NOW HAS PLENTY OXYGEN.	
01451	1035:0:2	대사	84	BEAR AND BIRD NOT NEED TO HOLD BREATH IN THERE NOW.	
01452	1036:0:0	대사	03:33	URRRRRR!	
01453	1036:0:1	대사	03:33	PLEASE! NOT MY EYES...	
01454	1037:0:0	대사	03:33	LEAVE ME ALONE NOW.	
01455	1037:0:1	대사	03:33	I THINK I NEED SOME QUIET TIME...	
01456	1038:0:0	대사	03:33	TO BE QUITE FRANK, I THINK I FOUGHT QUITE WELL...	
01457	1039:0:0	대사	03:33	OH YES, THIS HAPPENS ALL THE TIME.	
01458	1039:0:1	대사	03:33	IN FACT, I QUITE LIKE BEING UPSIDE DOWN...	
01459	103A:0:0	대사	03:33	DO YOU KNOW WHO I AM?	
01460	103B:0:0	대사	03:33	PLEASE STOP DOING THAT.	
01461	103B:0:1	대사	03:33	I AM DEAD AND HAVE NO MORE JIGGIES!	
01462	103C:0:0	대사	03:33	CEASE FIRING!	
01463	103C:0:1	대사	03:33	I USED TO BE A HERO, DIDN'T YOU KNOW?	
01464	103D:0:0	대사	03:33	OI!	
01465	103D:0:1	대사	03:33	STOP THAT, YOU SCUMBAGS!	
01466	103D:0:2	대사	03:33	I KNOW YOUR FATHER...	
01467	103E:1:0	대사	81	HEY, BANJO!	
01468	103E:1:1	대사	81	I CAN SEE A JIGGY DOWN THERE!	
01469	103E:1:2	대사	80	LET'S TAKE A LOOK...	
01470	103F:0:0	대사	D8	THANKS, SHIPMATES.	
01471	103F:0:1	대사	D8	I'LL BE OFF T' JOLLY'S FOR THEIR QUIZ NIGHT!	
01472	103F:0:3	대사	D8	THAR BE 1000 DOUBLOONS UP FER GRABS, AN' IF I WIN, I'LL BE HAVIN' ME A FINE NEW FLYING MACHINE!	
01473	1040:0:0	대사	C7	RIGHT, FRIEND, LET'S SEE SOME GOLD...	
01474	1041:0:0	대사	C9	OKAY, BIG BOY, SHOW ME THE MONEY...	
01475	1042:0:0	대사	C9	CHEERS!	
01476	1042:0:1	대사	C9	BUT HOW CAN YOU POSSIBLY SLEEP WHILE MY PARTNER IS STILL MISSING?	
01477	1043:0:0	대사	C9	HOW ABOUT MY PARTNER AND I DROPPING BY YOUR ROOM LATER FOR A NIGHTCAP?	
01478	1044:0:0	대사	C9	WELL, REALLY!	
01479	1044:0:2	대사	C9	THAT WAS A BRAND NEW DOOR - HAVE YOU ANY IDEA HOW MUCH THEY COST THESE DAYS?	
01480	1045:0:0	대사	C8	WHAT ARE YOU DOING!?	
01481	1045:0:2	대사	C8	THAT'S NO WAY TO OPEN THE EGG. YOU'LL BLOW MY LITTLE ONE TO PIECES!	
01482	1046:0:0	대사	96	WOW!	
01483	1046:0:1	대사	96	I CAN'T BELIEVE ANYONE COULD BE SO USELESS AND SCORE ONLY 1 POINT...	
01484	1047:0:0	대사	D6	MAIN DRIVE ENGAGED...	
01485	1047:0:1	대사	D6	ACTIVATING NAV-SCANNERS...	
01486	1047:0:2	대사	D6	STRANGE GLOWING LIGHTS ON...	
01487	1047:0:3	대사	D6	ALL SYSTEMS ARE GO!	
01488	1047:0:4	대사	D6	NOW LET'S GET OUT OF THIS AWFUL EARTHLING WATER AND FIND THE KIDS.	
01489	1047:0:5	대사	D6	I THINK THEY EJECTED SOMEWHERE OVER A SNOWY MOUNTAIN...	
01490	1048:0:0	대사	C9	I'M AFRAID OUR JUKEBOX IS BROKEN AT THE MOMENT.	
01491	1048:0:1	대사	C9	A REAL PITY.	
01492	1048:0:2	대사	C9	I JUST LOVE DANCING TO 'THE SALTY SEAMEN SHANTY.'	
01493	1048:0:3	대사	C9	PERHAPS YOU'LL FIND A WAY TO FIX IT...	
01494	1049:0:0	대사	96	WELL, WELL.	
01495	1049:0:1	대사	96	BACK FOR MORE TARGET PRACTICE, HUH?	
01496	1049:0:2	대사	96	THE FEEBLE BEST SCORE SO FAR IS ~ POINTS.	
01497	1049:0:4	대사	96	I'M SURE YOU WON'T BE ABLE TO BEAT IT...	
01498	104A:0:0	대사	96	I'M ALMOST IMPRESSED!	
01499	104A:0:1	대사	96	YOU MANAGED TO GET A NEW HIGH SCORE OF ~ POINTS.	
01500	104B:0:0	대사	96	PASSABLE!	
01501	104B:0:1	대사	96	YOU MANAGED TO EQUAL THE HIGH SCORE OF ~ POINTS.	
01502	104C:0:0	대사	96	PATHETIC!	
01503	104C:0:1	대사	96	THAT SCORE OF ~ POINTS DIDN'T BEAT THE HIGH SCORE OF ~ POINTS.	
01504	104D:0:0	대사	C8	OOOH, I DON'T KNOW WHAT TO DO!	
01505	104D:0:3	대사	C8	IT'S MY BABY.	
01506	104D:0:4	대사	C8	HE'S ABOUT 32 WEEKS LATE.	
01507	104D:0:5	대사	C8	CAN YOU HELP?	
01508	104D:0:8	대사	C8	I'M A REPTILE, NOT A BIRD.	
01509	104D:0:9	대사	C8	HE'S SUPPOSED TO GET OUT HIMSELF.	
01510	104D:1:1	대사	80	WHAT SEEMS TO BE THE PROBLEM, TIPTUP?	
01511	104D:1:4	대사	80	CAN'T YOU JUST SIT ON IT AND HATCH IT?	
01512	104E:0:0	대사	C8	OOOH, I DON'T KNOW WHAT TO DO!	
01513	104E:0:3	대사	C8	IT'S MY BABY.	
01514	104E:0:4	대사	C8	HE'S ABOUT 32 WEEKS LATE.	
01515	104E:0:5	대사	C8	CAN YOU HELP?	
01516	104E:0:8	대사	C8	I'M A REPTILE, NOT A BIRD.	
01517	104E:0:9	대사	C8	HE'S SUPPOSED TO GET OUT HIMSELF.	
01518	104E:1:1	대사	81	WHAT SEEMS TO BE THE PROBLEM, TIPTUP?	
01519	104E:1:4	대사	81	CAN'T YOU JUST SIT ON IT AND HATCH IT?	
01520	104F:0:0	대사	C8	STILL NO SIGN OF HIM HATCHING. I'M GETTING MORE WORRIED BY THE MINUTE!	
01521	104F:0:3	대사	C8	IT HAD BETTER BE.	
01522	104F:0:4	대사	C8	I'VE ALREADY GOT 19 GIRLS!	
01523	104F:1:1	대사	80	HOW DO YOU KNOW IT'S A HIM?	
01524	1050:0:0	대사	C9	OH, HELLO THERE!	
01525	1050:0:1	대사	C9	I'M JOLLY ROGER, TOWN MAYOR AND PROPRIETOR OF THIS LOVELY HARBORSIDE INN.	
01526	1050:0:4	대사	C9	I'D LOVE TO OBLIGE, BUT I'M LESS THAN JOLLY AT THE MOMENT AS MY PARTNER'S GONE MISSING...	
01527	1050:0:7	대사	C9	SHE WAS OUT ON A WAVERACER EARLY YESTERDAY EVENING. I HEARD A BIG GULPING NOISE, AND WHEN I GOT OUTSIDE, SHE WAS GONE!	
01528	1050:0:10	대사	C9	HMMM, MAYBE.	
01529	1050:0:11	대사	C9	IT'S HAPPY HOUR SOON AND I'LL BE NEEDING SOME HELP!	
01530	1050:1:1	대사	80	I'LL HAVE A GINGER BEER, PLEASE.	
01531	1050:1:4	대사	80	OH DEAR.	
01532	1050:1:5	대사	80	WHERE DID YOU LAST SEE HER?	
01533	1050:1:8	대사	80	PERHAPS SHE WENT SHOPPING OR SOMETHING?	
01534	1051:0:0	대사	C9	OH, HELLO THERE!	
01535	1051:0:1	대사	C9	I'M JOLLY ROGER, TOWN MAYOR AND PROPRIETOR OF THIS LOVELY HARBORSIDE INN.	
01536	1051:0:4	대사	C9	I'D LOVE TO OBLIGE, BUT I'M LESS THAN JOLLY AT THE MOMENT AS MY PARTNER'S GONE MISSING...	
01537	1051:0:7	대사	C9	THAT'S NOT VERY CARING OF YOU.	
01538	1051:0:9	대사	C9	SHE WAS OUT ON A WAVERACER EARLY YESTERDAY EVENING. I HEARD A BIG GULPING NOISE, AND WHEN I GOT OUTSIDE, SHE WAS GONE!	
01539	1051:0:12	대사	C9	OH, I HOPE NOT.	
01540	1051:0:13	대사	C9	IT'S HAPPY HOUR SOON AND I'LL BE NEEDING SOME HELP!	
01541	1051:1:1	대사	81	I'LL HAVE A GINGER BEER, PLEASE.	
01542	1051:1:4	대사	81	THAT'S A SHAME.	
01543	1051:1:5	대사	81	NOW HOW ABOUT THAT DRINK?	
01544	1051:1:8	대사	81	OH, SORRY.	
01545	1051:1:9	대사	81	WHERE DID YOU LAST SEE HER?	
01546	1051:1:12	대사	81	PERHAPS SHE WAS EATEN BY A VICIOUS SEA DEMON.	
01547	1052:0:0	대사	C9	THANKS FOR RESCUING MY PARTNER!	
01548	1052:0:3	대사	C9	NO, HONESTLY, I'M RATHER PLEASED.	
01549	1052:0:4	대사	C9	HOW ABOUT A TANKARD OF MY FINEST GINGER BEER, ON THE HOUSE?	
01550	1052:0:7	대사	C9	THEN PLEASE ACCEPT THIS MODEST LITTLE TRINKET INSTEAD...	
01551	1052:1:1	대사	80	IT WAS NOTHING REALLY.	
01552	1052:1:4	대사	80	PERHAPS LATER.	
01553	1053:0:0	대사	C9	THANKS FOR RESCUING MY PARTNER!	
01554	1053:0:3	대사	C9	HOW ABOUT A TANKARD OF MY FINEST GINGER BEER, ON THE HOUSE?	
01555	1053:0:6	대사	C9	OH, VERY WELL.	
01556	1053:0:7	대사	C9	PLEASE ACCEPT THIS MODEST LITTLE TRINKET INSTEAD...	
01557	1053:1:1	대사	81	MY PLEASURE...	
01558	1053:1:2	대사	81	NOW HAND OVER SOMETHING VALUABLE AS A REWARD!	
01559	1053:1:5	대사	81	I THINK YOU CAN DO A BIT BETTER THAN THAT...	
01560	1054:0:0	대사	CA	AH, YOU MUST BE FROM THE RESCUE TEAM.	
01561	1054:0:3	대사	CA	I'M MERRY MAGGIE, PARTNER OF JOLLY ROGER.	
01562	1054:0:4	대사	CA	I WAS OUT ON ONE OF BLUBBER'S WAVERACERS, WHEN THIS FISH KNOCKED ME OFF AND SWALLOWED ME!	
01563	1054:0:7	대사	CA	THAT'S LOVELY.	
01564	1054:0:8	대사	CA	IT'LL SOON BE HAPPY HOUR AT THE INN, AND JOLLY WILL BE NEEDING SOME RELIEF.	
01565	1054:0:11	대사	CA	OH, SEE JOLLY ABOUT THAT. I'M SURE HE'LL GIVE YOU ONE.	
01566	1054:1:1	대사	80	ONLY IF THE PRICE IS RIGHT...	
01567	1054:1:4	대사	80	THE FISH'S MOUTH IS OPEN NOW, SO YOU DON'T HAVE TO STAY IN HERE.	
01568	1054:1:7	대사	80	ANY CHANCE OF A REWARD?	
01569	1055:0:0	대사	CA	THANKS FOR RESCUING ME FROM THE BILE-INFESTED INNARDS OF THAT FEROCIOUS SEA MONSTER.	
01570	1055:0:3	대사	CA	WELL, IT SEEMED LIKE A MONSTER TO ME...	
01571	1055:1:2	대사	81	WASN'T IT JUST A VERY LARGE FISH?	
01572	1056:0:0	대사	CA	THANKS AGAIN.	
01573	1056:0:1	대사	CA	AND REMEMBER, IT'S 'GRAB-A-SAILOR' NIGHT IN HERE EVERY WEDNESDAY!	
01574	1056:0:4	대사	CA	IT'S VERY POPULAR.	
01575	1056:0:5	대사	CA	ONE DOUBLOON GETS YOU FIVE TANKARDS OF SEAMAN'S BREW!	
01576	1056:1:2	대사	80	I THINK I'LL GIVE IT A MISS...	
01577	1057:0:0	대사	C7	GREETINGS, FRIEND, THE NAME'S PAWNO.	
01578	1057:0:1	대사	C7	I'M THE LOCAL PAWNBROKER.	
01579	1057:0:4	대사	C7	AH, YES.	
01580	1057:0:5	대사	C7	A REAL NICE PIECE, CIRCA BANJO-KAZOOIE, SO I WAS TOLD.	
01581	1057:0:6	대사	C7	I RECKON 20 GOLD DOUBLOONS WOULD BE A FAIR PRICE.	
01582	1057:1:1	대사	80	I'M INTERESTED IN THAT JIGGY IN THE CASE.	
01583	1057:1:4	대사	80	20 DOUBLOONS!	
01584	1057:1:5	대사	80	THAT'S RATHER EXPENSIVE.	
01585	1058:0:0	대사	C7	GREETINGS, FRIEND, THE NAME'S PAWNO.	
01586	1058:0:1	대사	C7	I'M THE LOCAL PAWNBROKER.	
01587	1058:0:4	대사	C7	AH, YES.	
01588	1058:0:5	대사	C7	A REAL NICE PIECE, CIRCA BANJO-KAZOOIE, SO I WAS TOLD.	
01589	1058:0:6	대사	C7	I RECKON 20 GOLD DOUBLOONS WOULD BE A FAIR PRICE.	
01590	1058:1:1	대사	81	TELL ME ABOUT THAT JIGGY IN THE CASE BACK THERE.	
01591	1058:1:4	대사	81	20 DOUBLOONS?!	
01592	1058:1:5	대사	81	I ONLY WANT THE JIGGY, NOT YOUR WHOLE SHOP!	
01593	1059:0:0	대사	C7	HELLO AGAIN!	
01594	1059:0:3	대사	C7	FAR FROM WORTHLESS, MY FRIEND.	
01595	1059:0:4	대사	C7	I WAS TOLD THAT PAGE COMES FROM THE LEGENDARY CHEATO BOOK.	
01596	1059:0:7	대사	C7	OH YES.	
01597	1059:0:8	대사	C7	I'M AFRAID I WON'T TAKE LESS THAN 5 DOUBLOONS FOR IT. I DON'T GET QUALITY LIKE THAT IN HERE EVERY DAY!	
01598	1059:1:1	대사	80	HOW MUCH FOR THE WORTHLESS OLD PAGE?	
01599	1059:1:4	대사	80	ARE YOU SURE?	
01600	1059:1:7	대사	80	I GUESS NOT...	
01601	105A:0:0	대사	C7	HELLO AGAIN!	
01602	105A:0:3	대사	C7	FAR FROM WORTHLESS, MY FRIEND.	
01603	105A:0:4	대사	C7	I WAS TOLD THAT PAGE COMES FROM THE LEGENDARY CHEATO BOOK.	
01604	105A:0:7	대사	C7	OH NO, DEFINITELY NOT.	
01605	105A:0:8	대사	C7	SO I'M AFRAID I WON'T TAKE LESS THAN 5 DOUBLOONS FOR IT. I DON'T GET QUALITY LIKE THAT IN HERE EVERY DAY!	
01606	105A:1:1	대사	81	HOW MUCH FOR THE WORTHLESS OLD PAGE?	
01607	105A:1:4	대사	81	I BET IT'S A FAKE!	
01608	105B:0:0	대사	C7	WELCOME BACK.	
01609	105B:0:1	대사	C7	THE PAGE IS STILL AVAILABLE IF YOU WANT IT.	
01610	105B:0:4	대사	C7	IT WOULD STILL BE 5 DOUBLOONS.	
01611	105B:0:5	대사	C7	DO I HAVE A SALE?	
01612	105B:1:1	대사	80	I BET IT WOULD STILL BE HERE NEXT YEAR...	
01613	105C:0:1	대사	C7	SORRY, FRIEND, THE REST OF THE STUFF'S BEEN HERE AGES.	
01614	105C:0:2	대사	C7	I'LL NEVER SELL SOME OF THIS RUBBISH...	
01615	105C:1:0	대사	80	HAVE YOU GOT ANYTHING ELSE INTERESTING?	
01616	105C:1:3	대사	80	THAT'S A SHAME.	
01617	105D:0:1	대사	C7	SORRY, FRIEND, THE REST OF THE STUFF'S BEEN HERE AGES.	
01618	105D:0:2	대사	C7	I'LL NEVER SELL SOME OF THIS RUBBISH...	
01619	105D:1:0	대사	81	GOT ANYTHING ELSE, PAWNO?	
01620	105D:1:3	대사	81	SERVES YOU RIGHT.	
01621	105E:0:0	대사	D7	PERHAPS YOU COULD PROTECT ME WHILE I'M DOWN THERE INSTEAD?	
01622	105F:0:0	대사	D7	DO YOU WANT TO TRY AGAIN?	
01623	1060:0:0	대사	D7	I NEED SOME PROTECTION FROM THE NASTY FISH...	
01624	1060:0:1	대사	D7	BUT YOU DON'T LOOK UP TO THE TASK!	
01625	1061:0:0	대사	D1	HELP US SORT OUR POOL OUT, MR. BEAR!	
01626	1061:0:3	대사	D1	WE WANT TO GO SWIMMING, BUT THE WATER IS POLLUTED AND ICY COLD.	
01627	1061:1:2	대사	80	WHAT'S WRONG WITH IT?	
01628	1061:1:3	대사	80	IT SEEMS OK TO ME.	
01629	1061:1:6	대사	80	HMM...	
01630	1061:1:7	대사	80	THIS ONE MAY TAKE SOME TIME.	
01631	1062:0:0	대사	D1	HELP US SORT OUR POOL OUT, LITTLE BIRD!	
01632	1062:0:3	대사	D1	WE WANT TO GO SWIMMING, BUT THE WATER IS POLLUTED AND ICY COLD.	
01633	1062:1:2	대사	81	WHAT'S WRONG WITH IT?	
01634	1062:1:3	대사	81	LOOKS FINE TO ME.	
01635	1062:1:6	대사	81	OH WELL...	
01636	1062:1:7	대사	81	THIS ONE MAY TAKE SOME TIME.	
01637	1063:0:0	대사	D1	PLEASE FIX THE POOL.	
01638	1063:0:1	대사	D1	PIGGLES PUSHED ME IN THE OTHER WEEK, AND LOOK WHAT'S HAPPENED TO MY ARM!	
01639	1063:0:4	대사	D1	THANKS.	
01640	1063:0:5	대사	D1	I'M A LITTLE TOUCHY ABOUT IT, AS YOU MIGHT EXPECT.	
01641	1063:1:2	대사	80	WELL, I DIDN'T WANT TO SAY ANYTHING...	
01642	1063:1:5	대사	80	I'M SURE NO ONE ELSE HAS NOTICED!	
01643	1064:0:0	대사	D1	PLEASE FIX THE POOL.	
01644	1064:0:1	대사	D1	PIGGLES PUSHED ME IN THE OTHER WEEK, AND LOOK WHAT'S HAPPENED TO MY ARM!	
01645	1064:0:4	대사	D1	THANKS.	
01646	1064:0:5	대사	D1	I'M A LITTLE TOUCHY ABOUT IT, AS YOU MIGHT EXPECT.	
01647	1064:1:2	대사	81	WELL, I DIDN'T WANT TO SAY ANYTHING...	
01648	1064:1:5	대사	81	FREAKO!	
01649	1065:0:0	대사	D1	THE POOL LOOKS MUCH CLEANER NOW, THANKS!	
01650	1065:1:2	대사	81	WE'VE STILL GOT THE TEMPERATURE PROBLEM TO SORT OUT, THOUGH...	
01651	1066:0:0	대사	D1	THE WATER IS CLEANER, BUT THERE'S STILL THE TEMPERATURE TO FIX.	
01652	1066:1:2	대사	80	YES, AND YOUR EXTRA ARM!	
01653	1067:0:0	대사	D1	THE WATER IS MUCH WARMER NOW, BUT WE DAREN'T GO IN BECAUSE OF THE TOXIC WASTE!	
01654	1067:1:2	대사	81	WE'LL TRY AND LOCATE THE SOURCE AND SWITCH IT OFF.	
01655	1068:0:0	대사	D1	IT'S WARMER NOW, BUT I DON'T WANT ANY MORE ARMS!	
01656	1068:1:2	대사	80	WHY NOT?	
01657	1068:1:3	대사	80	GET THREE MORE AND YOU COULD BE SPIDER BOY!	
01658	1069:0:0	대사	D6	PLEASE EXIT OUR SHIP - WE ARE LATE FOR DINNER!	
01659	106A:0:0	대사	D6	WE ARE IN A BIT OF A FIX, BUT YOU DO NOT LOOK CAPABLE OF HELPING US, FEEBLE EARTHLING.	
01660	106B:0:0	대사	D8	AHOY THERE!	
01661	106B:0:1	대사	D8	IT BE YER OL' SHIPMATE, CAP'N BLUBBER!	
01662	106B:0:2	대사	D8	HOW YE GOIN', ME HEARTY?	
01663	106B:0:5	대사	D8	AYE!	
01664	106B:0:6	대사	D8	THESE ADVENTURES ARE ALL THE SAME, SO MANY PLACES T' GO AND THINGS T' FIND...	
01665	106B:0:9	대사	D8	NOT GOOD, LANDLUBBER.	
01666	106B:0:10	대사	D8	ALL ME WAVERACERS ARE SHIPWRECKED, AN' THE LAST ONE WAS EATEN BY A FISH YESTERDAY.	
01667	106B:0:13	대사	D8	NAW, SHIPMATE.	
01668	106B:0:14	대사	D8	BUT I WILL SELL YE ME LAST POSSESSION FOR JUST ~ DOUBLOON.	
01669	106B:0:16	대사	D8	HOW ABOUT IT, ME HEARTY?	
01670	106B:1:2	대사	80	BIT OF A HARD DAY, REALLY.	
01671	106B:1:5	대사	80	BEATS STANDING AROUND, THOUGH.	
01672	106B:1:6	대사	80	HOW'S BUSINESS, BLUBBERGUTS?	
01673	106B:1:9	대사	80	PERHAPS I CAN LEND YOU A DOUBLOON OR TWO.	
01674	106C:1:0	대사	80	--DUMY LINE--	
01675	1078:1:0	대사	80	TESTING.	
01676	1078:1:1	대사	81	YEP, IT WORKS!	
01677	1079:0:0	대사	AC	HEY, GUYS!	
01678	1079:0:1	대사	AC	AM I GLAD TO SEE SOME FAMILIAR FACES!	
01679	1079:0:3	대사	AC	WELL, AS YOU MAY REMEMBER, I WAS ON MY WAY TO THE LAVA WORLD BUT I GOT CAPTURED.	
01680	1079:0:4	대사	AC	BUT NOW THAT YOU'RE HERE, I'LL SOON BE OUT!	
01681	1079:0:6	대사	AC	NO.	
01682	1079:0:8	대사	AC	SNIFF...	
01683	1079:0:9	대사	AC	THAT'S NO WAY TO TREAT AN OLD FRIEND...	
01684	1079:1:1	대사	80	GOBI! WHAT ARE YOU DOING IN THERE?	
01685	1079:1:3	대사	81	WE'LL SEE ABOUT THAT, BEARDY.	
01686	1079:1:4	대사	81	DO YOU HAVE ANY MONEY?	
01687	1079:1:6	대사	81	THEN GET USED TO THAT CAGE, HUMP BOY!	
01688	107A:0:0	대사	AC	AWW, C'MON.	
01689	107A:0:1	대사	AC	I REALLY NEED TO GET OUT OF HERE.	
01690	107B:0:0	대사	AC	GREAT!	
01691	107B:0:1	대사	AC	ON MY WAY TO THE LAVA WORLD AGAIN AT LAST!	
01692	107C:0:0	대사	AD	I CAME ON THE TRAIN TO VISIT THE THEME PARK, BUT THOSE FILTHY RATS CHUCKED ME IN THIS CAGE AND NOW I'M AN EXHIBIT!	
01693	107C:0:2	대사	AD	SIGH...	
01694	107C:0:3	대사	AD	IF I WAS THAT MIGHTY AND EVIL, I'D HAVE ALREADY BUSTED THE DOOR DOWN.	
01695	107C:1:1	대사	80	THE SIGN SAYS YOU'RE A 'MIGHTY EVIL DINOSAUR.' PERHAPS THAT CAGE IS THE BEST PLACE FOR YOU.	
01696	107C:1:3	대사	81	POINT TAKEN.	
01697	107C:1:4	대사	81	C'MON, BANJO, LET'S WRECK THE DOOR!	
01698	107D:0:0	대사	AD	I'M STILL IN HERE...	
01699	107E:0:0	대사	AD	THANKS, STRANGERS!	
01700	107E:0:1	대사	AD	I'M TAKING THE NEXT TRAIN OUT OF HERE!	
01701	107F:0:0	대사	AD	THANKS, BUT I'M NOT GOING ANYWHERE UNTIL THE CHUFFING TRAIN IS IN WITCHYWORLD'S STATION!	
01702	1080:0:0	대사	AD	OH, I THINK I HEARD THE TRAIN ARRIVE.	
01703	1080:0:1	대사	AD	TIME TO LEAVE.	
01704	1081:0:0	대사	AD	ONE-WAY TICKET TO TERRYDACTYLAND, PLEASE!	
01705	1082:0:0	대사	AE	OH DEAR, NOT MORE INTRUDERS!	
01706	1082:0:1	대사	AE	WELL, I'LL SHOW YOU WHO'S BOSS!	
01707	1082:0:2	대사	AE	SEE HOW BIG AND STRONG MR. PATCH IS!	
01708	1082:0:4	대사	AE	OH YEAH?	
01709	1082:0:5	대사	AE	WELL, HOW ABOUT THIS THEN...	
01710	1082:1:1	대사	81	PAH!	
01711	1082:1:2	대사	81	YOU'RE NOT ALL THAT BIG REALLY. THAT KLUNGO FREAK NEAR THE START WAS PROBABLY BIGGER THAN YOU!	
01712	1082:1:4	대사	80	ULP...	
01713	1083:0:1	대사	AE	WELL, ONE DOESN'T LIKE TO BLOW ONE'S OWN TRUMPET...	
01714	1083:0:3	대사	AE	IF YOU INSIST!	
01715	1083:1:0	대사	81	I SUPPOSE YOU THINK YOU'RE CLEVER, DON'T YOU?	
01716	1083:1:2	대사	80	GULP...	
01717	1083:1:3	대사	80	I SENSE A BATTLE COMING ON.	
01718	1084:0:0	대사	AE	UH-OH!	
01719	1084:0:1	대사	AE	LOOKS LIKE TROUBLE...	
01720	1085:0:0	대사	AE	DOH!	
01721	1085:0:1	대사	AE	YOU'VE FOUND A WEAK SPOT.	
01722	1085:0:2	대사	AE	IT LOOKS LIKE I MIGHT NEED SOME HELP HERE...	
01723	1085:0:4	대사	AE	YOU'LL HAVE TO BEAT ME FROM THE AIR NOW!	
01724	1086:0:0	대사	AE	HA, HA, HA!	
01725	1086:0:1	대사	AE	YOU'LL NEVER BEAT ME WITH EGGS AS WEAK AS THAT!	
01726	1087:0:0	대사	AE	C'MON, GUYS, I'M NOT A VIOLENT INFLATABLE. I DON'T WANT TO HURT YOU AGAIN. 	
01727	1087:0:2	대사	AE	TRUE, BUT I SEE YOU NEED ANOTHER LESSON...	
01728	1087:1:1	대사	81	YOU'RE JUST FULL OF HOT AIR!	
01729	1088:0:0	대사	AF	THIS FAIR IS SO MUCH FUN!	
01730	1088:0:1	대사	AF	I'M NOT GOING BACK TO MOTHER, AND THERE'S NOTHING YOU CAN DO TO MAKE ME!	
01731	1089:0:0	대사	AF	OH, THIS PLACE IS GREAT!	
01732	1089:0:1	대사	AF	I'M NEVER GOING BACK TO MOM!	
01733	108A:0:0	대사	AF	OW!	
01734	108A:0:1	대사	AF	WHAT DID YOU DO THAT FOR, MISTER?	
01735	108A:0:2	대사	AF	I'M OFF TO FIND MY MOM AND SHE'LL TELL MY DAD!	
01736	108B:0:0	대사	D1	WILL YOU GIVE ME SOME FOOD?	
01737	108C:0:0	대사	B0	OOOOH, I'M STARVING.	
01738	108C:0:1	대사	B0	GET ME SOME FRIES AND I'LL LEAVE QUIETLY!	
01739	108D:0:0	대사	B0	FRIES! FRIES!	
01740	108D:0:1	대사	B0	ME WANT! ME WANT!	
01741	108E:0:0	대사	B0	WOW, YOU'VE GOT FRIES!	
01742	108E:0:1	대사	B0	CAN I HAVE SOME, CAN I, CAN I?	
01743	108F:0:0	대사	B0	WELL, I'M NOT GOING BACK TO MY MOM UNTIL I'VE HAD SOME FRIES!	
01744	1090:0:0	대사	B0	THANKS, MISTER!	
01745	1090:0:1	대사	B0	I'LL GO AND SEE IF MOM IS READY TO LEAVE...	
01746	1091:0:0	대사	B1	THANK GOODNESS YOU CAME.	
01747	1091:0:1	대사	B1	I'M REALLY HUNGRY!	
01748	1091:0:4	대사	B1	NO WAY!	
01749	1091:0:5	대사	B1	I JUST NEED A BURGER BEFORE I GO FIND MY MOM.	
01750	1091:1:2	대사	81	DON'T YOU THINK YOU'VE HAD ENOUGH?	
01751	1092:0:0	대사	B1	HAVE YOU BOUGHT ME A BURGER YET?	
01752	1093:0:0	대사	B1	OOOOH, YOU'VE GOT SOME BURGERS!	
01753	1093:0:1	대사	B1	PLEASE, PLEASE, PLEASE CAN I HAVE ONE?	
01754	1094:0:0	대사	B1	YOU NASTY BEAR!	
01755	1094:0:1	대사	B1	I REALLY NEED THAT BURGER!	
01756	1095:0:0	대사	B1	YUMMY...	
01757	1095:0:3	대사	B1	BURRRP! 	
01758	1095:0:4	대사	B1	MY TUMMY HURTS!	
01759	1095:0:5	대사	B1	PLEASE CARRY ME BACK TO MOM - I CAN'T STAND UP!	
01760	1095:1:1	대사	80	ARE YOU OKAY, KID?	
01761	1095:1:2	대사	80	YOU'RE LOOKING A LITTLE, ERR... FULL, SHALL WE SAY!	
01762	1095:1:5	대사	81	I'M NOT SURPRISED!	
01763	1096:0:0	대사	B1	PLEASE TAKE ME TO MY MOM! I'M TOO FULL TO WALK THERE MYSELF!	
01764	1097:0:0	대사	B1	HEY, I CAN'T SEE MOM HERE.	
01765	1097:0:1	대사	B1	THIS ISN'T THE RIGHT PLACE!	
01766	1098:0:0	대사	B2	THANKS FOR FINDING THE LITTLE SCAMP FOR ME.	
01767	1098:0:1	대사	B2	THERE'S STILL ANOTHER ~ TO FIND, THOUGH.	
01768	1099:0:0	대사	B2	WELL, THAT'S THE LAST OF THE LITTLE BRATS.	
01769	109A:0:0	대사	B2	HELLO THERE, LITTLE DARLINGS!	
01770	109A:0:3	대사	B2	NOT PERSONALLY, BUT I BELIEVE YOU HELPED MY HUSBAND OUT A WHILE AGO WHEN WE STILL LIVED ON FREEZEEZY PEAK.	
01771	109A:0:6	대사	B2	OH, A LITTLE OLDER, A LITTLE FATTER.	
01772	109A:0:7	대사	B2	HE'S GIVEN UP SLED RACING AND TAKEN TO WATCHING HIS NEW WIDE-SCREEN TV ALL DAY.	
01773	109A:0:8	대사	B2	LAZY OAF!	
01774	109A:0:10	대사	B2	ANYWAY, I MUST BE GETTING BACK HOME.	
01775	109A:0:11	대사	B2	I TOLD MY CHILDREN GROGGY, SOGGY AND MOGGY TO MEET ME HERE.	
01776	109A:0:12	대사	B2	I DON'T SUPPOSE YOU FEEL LIKE ROUNDING THEM UP FOR ME?	
01777	109A:1:1	대사	81	ER, HAVE WE MET, LADY?	
01778	109A:1:4	대사	80	AH, THEN YOU MUST BE MRS. BOGGY!	
01779	109A:1:5	대사	81	HOW IS THE BIG GUY?	
01780	109B:0:0	대사	B2	I'D BE AWFULLY GRATEFUL IF YOU COULD FIND MY CHILDREN GROGGY, SOGGY AND MOGGY AND BRING THEM BACK HERE TO ME.	
01781	109C:0:0	대사	B2	THANKS FOR BRINGING THE LITTLE SCAMP BACK.	
01782	109C:0:1	대사	B2	THERE'S STILL ANOTHER ~ TO FIND, THOUGH.	
01783	109D:0:0	대사	B2	WHAT DID I TELL YOU ABOUT NOT RUNNING OFF?	
01784	109D:0:2	대사	B1	I'M SORRY, MOM...	
01785	109D:0:3	대사	B2	SORRY ISN'T GOOD ENOUGH, YOUNG MAN!	
01786	109D:0:4	대사	B2	YOU'VE BEEN EATING AGAIN, HAVEN'T YOU? WELL, YOU'D STILL BETTER WANT YOUR DINNER!	
01787	109D:0:5	대사	B1	IT WAS THAT STRANGE BEAR, MOM.	
01788	109D:0:6	대사	B1	HE MADE ME EAT THIS BURGER...	
01789	109D:0:8	대사	B2	ENOUGH OF YOUR LIES!	
01790	109E:0:0	대사	B2	WELL, I THINK WE'VE ALL HAD ENOUGH EXCITEMENT TODAY.	
01791	109E:0:1	대사	B2	TIME TO GO BACK HOME TO HAILFIRE PEAKS - BOGGY WILL BE WONDERING WHERE WE'VE GONE TO.	
01792	109E:0:2	대사	B2	HE'D BETTER HAVE THE DINNER IN THE OVEN!	
01793	109E:0:5	대사	B2	THANKS AGAIN, BANJO.	
01794	109E:0:6	대사	B2	TAKE THIS JIGGY I FOUND IN THE TICKET OFFICE EARLIER...	
01795	109E:1:1	대사	80	BYE THEN.	
01796	109F:0:0	대사	B7	AH, WELCOME.	
01797	109F:0:1	대사	B7	I WILL NOW CHOOSE YOUR FATE...	
01798	10A0:0:0	대사	B7	EH?	
01799	10A0:0:1	대사	B7	WHAT ARE YOU DOING IN HERE?	
01800	10A0:0:2	대사	B7	I THINK YOU'D BETTER LEAVE!	
01801	10A1:0:0	대사	B7	YOU WIN A SUPERSECRET EXCLUSIVE CHEAT!	
01802	10A2:0:0	대사	B7	YOU WIN EXTRA EGGS!	
01803	10A3:0:0	대사	B7	YOU WIN EXTRA FIRE EGGS!	
01804	10A4:0:0	대사	B7	YOU WIN EXTRA GRENADE EGGS!	
01805	10A5:0:0	대사	B7	YOU WIN SOME RED FEATHERS!	
01806	10A6:0:0	대사	B7	YOU WIN SOME GOLD FEATHERS!	
01807	10A7:0:0	대사	B7	YOU WIN AN ENERGY BAR REFILL!	
01808	10A8:0:0	대사	B7	YOU WIN A BEATING.	
01809	10A8:0:1	대사	B7	I LIKE THIS ONE!	
01810	10A9:0:0	대사	B7	THE SECRET CHEAT IS...	
01811	10A9:0:1	대사	B7	GETJIGGY	
01812	10A9:0:2	대사	B7	ACTIVATE IT IN THE NORMAL WAY.	
01813	10A9:0:3	대사	B7	NOW GET LOST!	
01814	10AA:0:0	대사	C4	FANCY A BURGER?	
01815	10AA:0:1	대사	C4	BIG AL SELLS THE TASTIEST BURGERS IN WITCHYWORLD!	
01816	10AA:0:4	대사	C4	WELL, I'M NOT SURE REALLY.	
01817	10AA:0:5	대사	C4	I USED TO CLEAN OUT THE TOILETS...	
01818	10AA:0:8	대사	C4	GO ON, GIVE 'EM A TRY.	
01819	10AA:0:9	대사	C4	I'VE GOT A FEW LEFT - DO YOU WANT 'EM?	
01820	10AA:1:2	대사	81	URRGH!	
01821	10AA:1:3	대사	81	HOW ON EARTH DID YOU GET A JOB IN CATERING?	
01822	10AA:1:6	대사	80	I'VE LOST MY APPETITE ALL OF A SUDDEN.	
01823	10AB:0:1	대사	C4	OKAY, KID, BURGERS COMING RIGHT UP. YOU WANT FRIES WITH THAT?	
01824	10AB:0:4	대사	C4	WELL, TOO BAD.	
01825	10AB:0:5	대사	C4	BURGERS IS ALL I GOT. GO SEE SALTY JOE!	
01826	10AB:1:1	대사	81	GIMME SOME BURGERS, AL!	
01827	10AB:1:3	대사	80	OOOOH, YES, PLEASE!	
01828	10AC:0:1	대사	C4	SORRY, KID, I'M SOLD OUT.	
01829	10AC:0:2	대사	C4	COME BACK LATER, HUH?	
01830	10AC:1:1	대사	81	HAND OVER SOME MORE BURGERS!	
01831	10AD:0:0	대사	C5	HURRY UP AND ORDER, WEIRDOS - I'M A BUSY GUY!	
01832	10AD:0:3	대사	C5	QUITE THE COMEDIAN, HUH?	
01833	10AD:0:4	대사	C5	NOW HOW ABOUT SOME OF SALTY JOE'S LIMP, SALTY FRIES?	
01834	10AD:1:2	대사	81	SO I SEE.	
01835	10AD:1:3	대사	81	WE HAD TO FIGHT OUR WAY THROUGH THIS CROWD OF CUSTOMERS YOU HAVE!	
01836	10AE:0:1	대사	C5	YEAH, FRIES COMING RIGHT UP.	
01837	10AE:0:3	대사	C5	ER, HAVE A NICE DAY, I GUESS.	
01838	10AE:1:1	대사	81	GIMME SOME FRIES, JOE!	
01839	10AE:1:3	대사	80	I KNEW HE WOULD SAY THAT!	
01840	10AE:1:4	대사	81	YEP, ME TOO.	
01841	10AF:0:1	대사	C5	TOUGH LUCK, KID.	
01842	10AF:0:2	대사	C5	I'VE BEEN REALLY BUSY, SO I'M SOLD OUT.	
01843	10AF:0:3	대사	C5	NOW BUZZ OFF!	
01844	10AF:1:1	대사	81	WE WANT SOME MORE FRIES!	
01845	10B0:0:0	대사	C6	LET ME SEE YOUR TICKETS, BUDDY.	
01846	10B0:0:3	대사	C6	FOUR TICKETS ARE REQUIRED TO ENTER CONGA'S BIG TOP.	
01847	10B0:0:4	대사	C6	NO TICKETS, NO ENTRY.	
01848	10B0:1:2	대사	81	TICKETS?	
01849	10B0:1:3	대사	81	WHAT DO WE NEED THEM FOR?	
01850	10B0:1:6	대사	80	RIGHT!	
01851	10B0:1:7	대사	80	LET'S GO FIND SOME TICKETS.	
01852	10B1:0:0	대사	C6	LET ME SEE YOUR TICKETS, BUDDY.	
01853	10B1:0:3	대사	C6	FOUR TICKETS ARE REQUIRED TO ENTER CONGA'S BIG TOP.	
01854	10B1:0:4	대사	C6	NO TICKETS, NO ENTRY.	
01855	10B1:0:7	대사	C6	PASS 'EM OVER THEN, PAL...	
01856	10B1:1:2	대사	81	TICKETS?	
01857	10B1:1:3	대사	81	WHAT DO WE NEED THEM FOR?	
01858	10B1:1:6	대사	80	BUT WE HAVE ~ TICKETS!	
01859	10B2:0:0	대사	C6	LOOK, BUDDY, YOU STILL DON'T HAVE FOUR TICKETS, SO YOU AIN'T COMING IN.	
01860	10B2:1:2	대사	81	I BET THE SHOW'S NO GOOD, ANYWAY...	
01861	10B3:0:0	대사	C6	HUH, I SEE YOU HAVE ENOUGH TICKETS NOW.	
01862	10B3:1:2	대사	81	WE SURE DO, MONKEY BOY!	
01863	10B4:0:0	대사	96	THIS IS WHERE YOU PAY TO ENTER WITCHYWORLD'S PREMIUM ATTRACTIONS.	
01864	10B5:0:0	대사	96	PAY HERE TO ENTER THE FEARSOME FURNACE OF THE INFERNO.	
01865	10B6:0:0	대사	96	PAY HERE TO ENTER THE BONE-JARRING DODGEMS CHALLENGE.	
01866	10B7:0:0	대사	96	PAY HERE TO ENTER THE FREAKISH CAVE OF HORRORS.	
01867	10B8:0:0	대사	96	THE RIDE IS NOW OPEN!	
01868	10B9:0:0	대사	96	HEY, DUMMY!	
01869	10B9:0:1	대사	96	YOU'LL NEED A MINIMUM OF TWO RIDERS ON THE CABLE CAR.	
01870	10BA:0:0	대사	96	PRESS {86} TO EXPERIENCE THE SCENIC SPLENDOR OF THE CABLE CAR RIDE ACROSS TO SPACE ZONE!	
01871	10BB:0:0	대사	EC	LEAVE OUR TWINKLIES ALONE!	
01872	10BC:0:0	대사	EC	YOU'RE IN FOR A REAL RAMMIN' THIS TIME, PAL!	
01873	10BD:0:0	대사	EC	ERR, WHICH ONE IS THE GAS PEDAL?	
01874	10BE:0:0	대사	96	WELCOME TO THE BALLOON BURST CHALLENGE!	
01875	10BE:0:1	대사	96	YOU HAVE ~ SECONDS IN WHICH TO SCORE ~ POINTS.	
01876	10BE:0:3	대사	96	DO YOU WANT TO HEAR THE RULES?	
01877	10BF:0:0	대사	96	IT'S REAL SIMPLE. SHOOT THE BALLOONS.	
01878	10BF:0:1	대사	96	BLUE ONES ARE WORTH 3 POINTS...	
01879	10BF:0:3	대사	96	GREEN ONES GET YOU 2 POINTS...	
01880	10BF:0:5	대사	96	AND RED ONES JUST 1 POINT.	
01881	10BF:0:7	대사	96	NOW LET'S SEE WHAT YOU CAN DO!	
01882	10C0:0:0	대사	96	CONGRATULATIONS!	
01883	10C0:0:1	대사	96	YOUR BEST SCORE FOR THE BALLOON BURST CHALLENGE IS NOW ~ POINTS!	
01884	10C1:0:0	대사	96	WELCOME TO THE HOOP HURRY CHALLENGE!	
01885	10C1:0:1	대사	96	YOU HAVE ~ SECONDS IN WHICH TO SCORE ~ POINTS.	
01886	10C1:0:3	대사	96	DO YOU WANT TO HEAR THE RULES?	
01887	10C2:0:0	대사	96	PRETTY SIMPLE, REALLY. JUMP THROUGH THE HOOPS.	
01888	10C2:0:1	대사	96	BLUE ONES ARE WORTH 3 POINTS...	
01889	10C2:0:3	대사	96	GREEN ONES GET YOU 2 POINTS...	
01890	10C2:0:5	대사	96	AND RED ONES JUST 1 POINT.	
01891	10C2:0:7	대사	96	EASY, HUH?	
01892	10C2:0:8	대사	96	LET'S GIVE IT A GO!	
01893	10C3:0:0	대사	96	CONGRATULATIONS!	
01894	10C3:0:1	대사	96	YOUR BEST SCORE FOR THE HOOP HURRY CHALLENGE IS NOW ~ POINTS!	
01895	10C4:0:0	대사	C6	YOU GOT A TICKET FOR CONGA'S BIG TOP!	
01896	10C5:0:0	대사	B5	WHEN THE CROSSHAIR APPEARS, PRESS {81} TO FIRE AT THE TARGETS TO SCORE POINTS.	
01897	10C5:0:1	대사	B5	BLUE TARGETS ARE WORTH 3, GREEN 2 AND RED ONLY 1.	
01898	10C5:0:2	대사	B5	TO GIVE YOU A CHANCE, I'LL GIVE YOU SOME SPECIAL EGGS!	
01899	10C6:0:0	대사	B5	BLEEP!	
01900	10C6:0:1	대사	B5	YOU NEED MORE BLEEPING POINTS THAN THAT FOR THE PRIZE.	
01901	10C6:0:2	대사	B5	BLEEP!	
01902	10C7:0:0	대사	B5	BLEEP!	
01903	10C7:0:1	대사	B5	POINTS MEAN PRIZES. NO POINTS, NO PRIZE.	
01904	10C7:0:2	대사	B5	BLEEP!	
01905	10C8:0:0	대사	B5	BLEEP!	
01906	10C8:0:1	대사	B5	NICE SHOOTING!	
01907	10C8:0:2	대사	B5	YOU WIN A 'GOLDEN' PRIZE!	
01908	10C8:0:4	대사	B5	BLEEP!	
01909	10C9:0:0	대사	B5	BLEEP!	
01910	10C9:0:1	대사	B5	NICE SHOOTING!	
01911	10C9:0:2	대사	B5	YOU WIN A PRIZE!	
01912	10C9:0:4	대사	B5	BLEEP!	
01913	10CA:0:0	대사	B7	MADAME GRUNTY'S TENT IS CLOSED TEMPORARILY FOR REFURBISHMENT.	
01914	10CB:0:0	대사	B7	MADAME GRUNTY'S TENT IS NOW OPEN AGAIN!	
01915	10CC:1:0	대사	80	WHERE DO YOU THINK OUR SEAT WILL BE?	
01916	10CC:1:1	대사	81	I CAN'T SEE ANY SEATS.	
01917	10CC:1:2	대사	81	PERHAPS WE'RE SUPPOSED TO SIT ON THIS BIG LUMP ON THE FLOOR OVER HERE.	
01918	10CC:1:3	대사	80	DOESN'T LOOK VERY COMFY...	
01919	10CD:0:0	대사	96	THAT'S IT THEN.	
01920	10CD:0:1	대사	96	I RECKON PLAYER ~ WINS!	
01921	10CE:0:0	대사	96	TIME'S UP.	
01922	10CE:0:1	대사	96	LET'S CALL THAT ONE A DRAW.	
01923	10CF:0:0	대사	96	GAME OVER.	
01924	10CF:0:1	대사	96	THIS TIME PLAYER ~ WINS!	
01925	10D0:0:0	대사	96	STOP SHOOTING!	
01926	10D0:0:1	대사	96	WE HAVE A DRAW HERE.	
01927	10D1:0:0	대사	96	NO, YOU CAN'T HAVE!	
01928	10D1:0:1	대사	96	YOU SCORED ENOUGH POINTS TO WIN MY HOOP HURRY PRIZE...	
01929	10D2:0:0	대사	96	OH, IT'S SO UNFAIR!	
01930	10D2:0:1	대사	96	YOU SCORED ENOUGH POINTS TO WIN MY BALLOON BURST PRIZE...	
01931	10D3:0:0	대사	96	WHACK THE BEAR!	
01932	10D4:0:0	대사	96	HMM... NOT BAD.	
01933	10D4:0:1	대사	96	YOU'VE BEATEN GAME 1 WITH ~ POINTS.	
01934	10D4:0:3	대사	96	NOW TRY MY SECOND CHALLENGE!	
01935	10D5:0:0	대사	96	HEY, WHAT'S THIS?	
01936	10D5:0:1	대사	96	YOU'VE BEATEN GAME 2 WITH ~ POINTS.	
01937	10D5:0:3	대사	96	BUT THERE'S STILL MY THIRD CHALLENGE...	
01938	10D6:0:0	대사	96	NOOOOO!	
01939	10D6:0:1	대사	96	YOU'VE BEATEN GAME 3 WITH ~ POINTS.	
01940	10D6:0:3	대사	96	I SUPPOSE YOU'LL BE WANTING SOME SORT OF PRIZE...	
01941	10D6:1:1	대사	81	THAT'S RIGHT!	
01942	10D6:1:2	대사	81	HAND IT OVER, YOU BONY HAG!	
01943	10D7:0:0	대사	96	NOT ENOUGH POINTS, BANJO!	
01944	10D7:0:1	대사	96	YOU NEED ~ TO BEAT ME...	
01945	10D8:0:0	대사	96	WELL, I'M AFRAID YOU LOST!	
01946	10D9:0:0	대사	96	GAME OVER.	
01947	10D9:0:1	대사	96	THIS TIME PLAYER ~ WINS!	
01948	10DA:0:0	대사	96	TIME'S UP!	
01949	10DA:0:1	대사	96	A BORING DRAW, I'M AFRAID...	
01950	10DB:0:0	대사	B5	BLEEP!	
01951	10DB:0:1	대사	B5	JUMP ON BOARD TO RIDE THE EXCITING SAUCER OF PERIL!	
01952	10DB:0:2	대사	B5	BLEEP!	
01953	10DC:0:0	대사	B5	BLEEP!	
01954	10DC:0:1	대사	B5	WHY NOT JUMP ABOARD THE SAUCER OF PERIL?	
01955	10DC:0:2	대사	B5	BLEEP!	
01956	10DD:0:0	대사	B5	BLEEP!	
01957	10DD:0:1	대사	B5	THE SAUCER OF PERIL IS CURRENTLY CLOSED DUE TO A LACK OF POWER.	
01958	10DD:0:2	대사	B5	BLEEP!	
01959	10DE:0:0	대사	B5	BLEEP!	
01960	10DE:0:1	대사	B5	THE SAUCER OF PERIL IS STILL CLOSED DUE TO A POWER SHORTAGE.	
01961	10DE:0:2	대사	B5	BLEEP!	
01962	10DF:0:0	대사	C4	I'LL JUST POP IT BACK ON THE GRILL, AND THE PUNTERS WILL NEVER KNOW...	
01963	10DF:0:1	대사	C4	...ULP, I'VE BEEN RUMBLED!	
01964	10E0:0:0	대사	C5	AW SHEESH, SOMEONE FOUND THE SWITCH...	
01965	10E0:0:1	대사	C5	I HATE CUSTOMERS, ALWAYS WANTING THINGS!	
01966	10E1:0:0	대사	B5	BLEEP!	
01967	10E1:0:1	대사	B5	WHEN THE CROSSHAIR APPEARS, PRESS {81} TO FIRE AT THE TARGETS TO SCORE POINTS.	
01968	10E1:0:2	대사	B5	BLUE TARGETS ARE WORTH 3, GREEN 2 AND RED ONLY 1.	
01969	10E1:0:3	대사	B5	BLEEP!	
01970	10E2:0:0	대사	B5	BLEEP!	
01971	10E2:0:1	대사	B5	I DON'T KNOW HOW YOU MANAGED TO WIN ANYTHING WITH A BLEEPING SCORE AS RUBBISH AS THAT!	
01972	10E2:0:2	대사	B5	YOU NEED MORE THAN ~ POINTS TO BEAT THE BEST SCORE.	
01973	10E2:0:4	대사	B5	BLEEP!	
01974	10E3:0:0	대사	B5	BLEEP!	
01975	10E3:0:1	대사	B5	ANOTHER BLEEPING USELESS SCORE!	
01976	10E3:0:2	대사	B5	YOU NEED MORE THAN ~ POINTS TO BEAT THE BEST SCORE.	
01977	10E3:0:4	대사	B5	BLEEP!	
01978	10E4:0:0	대사	B5	BLEEP!	
01979	10E4:0:1	대사	B5	NICE SHOOTING!	
01980	10E4:0:2	대사	B5	YOU SCORED ~ POINTS, A NEW BEST SCORE.	
01981	10E4:0:4	대사	B5	YOU'D WIN A PRIZE IF I HAD ANY LEFT!	
01982	10E4:0:5	대사	B5	BLEEP!	
01983	10E5:0:0	대사	B5	BLEEP!	
01984	10E5:0:1	대사	B5	NICE SHOOTING!	
01985	10E5:0:2	대사	B5	YOU WIN TWO BLEEPING PRIZES!	
01986	10E5:0:3	대사	B5	A PRIMITIVE PAPER THING...	
01987	10E5:0:5	대사	B5	BLEEP!	
01988	10E6:0:0	대사	B5	...AND THIS SHINY GOLD THING.	
01989	10E6:0:2	대사	B5	BLEEP!	
01990	10E7:0:0	대사	B5	I'VE GOT MORE PRIZES TO GIVE AWAY, SO WHY NOT RIDE AGAIN FOR A BETTER SCORE?	
01991	10E7:0:1	대사	B5	BLEEP!	
01992	10E8:0:0	대사	B5	THAT'S ALL MY PRIZES GONE, BUT WHY NOT RIDE AGAIN TO TRY AND BEAT YOUR BEST SCORE?	
01993	10E8:0:1	대사	B5	BLEEP!	
01994	10E9:0:0	대사	96	HEY!	
01995	10E9:0:1	대사	96	CAN'T YOU READ, FURBAG?	
01996	10E9:0:2	대사	96	ALL FOOD MUST BE CONSUMED IN THE THEME PARK.	
01997	10E9:0:4	대사	96	OF COURSE IT'S NOT FAIR!	
01998	10E9:0:5	대사	96	BUT TRY AND LEAVE WITH THAT STUFF YOU'VE GOT, AND I'LL TAKE IT OFF YOU...	
01999	10E9:1:1	대사	81	THAT'S NOT FAIR...	
02000	10EA:0:0	대사	96	THE MANAGEMENT OF WITCHYWORLD THEME PARK REGRETS TO INFORM YOU THAT NO FOOD CAN BE TAKEN OFF THE PREMISES.	
02001	10EA:0:1	대사	96	SO THERE.	
02002	10EB:0:0	대사	96	GRAB MY TWINKLIES!	
02003	10EC:0:0	대사	96	NOT BAD FOR A FURRY FOOL.	
02004	10EC:0:1	대사	96	YOU SCORED ~ POINTS, A NEW BEST SCORE FOR THE 1 VS. 1 CHALLENGE!	
02005	10ED:0:0	대사	96	THAT WAS PATHETIC.	
02006	10ED:0:1	대사	96	THE BEST SCORE FOR THE 1 VS. 1 CHALLENGE IS STILL ~ POINTS.	
02007	10EE:0:0	대사	96	YOU'RE NOT AS USELESS AS YOU LOOK.	
02008	10EE:0:1	대사	96	YOU SCORED ~ POINTS, A NEW BEST SCORE FOR THE 2 VS. 1 CHALLENGE!	
02009	10EF:0:0	대사	96	WHAT APPALLING SKILL!	
02010	10EF:0:1	대사	96	THE BEST SCORE FOR THE 2 VS. 1 CHALLENGE IS STILL ~ POINTS.	
02011	10F0:0:0	대사	96	HRMPH.	
02012	10F0:0:1	대사	96	I SUPPOSE THAT WASN'T TOO BAD.	
02013	10F0:0:2	대사	96	YOU SCORED ~ POINTS, A NEW BEST SCORE FOR THE 3 VS. 1 CHALLENGE!	
02014	10F1:0:0	대사	96	USELESS, I'M AFRAID.	
02015	10F1:0:1	대사	96	THE BEST SCORE FOR THE 3 VS. 1 CHALLENGE IS STILL ~ POINTS.	
02016	10F2:0:0	대사	C6	CHEERS!	
02017	10F2:0:1	대사	C6	I'D BETTER LET YOU IN NOW THEN.	
02018	10F2:0:2	대사	C6	YOU'RE JUST IN TIME - THE SHOW'S ABOUT TO BEGIN!	
02019	10F2:1:1	대사	81	I HOPE THEY'VE GOT ACROBATS AND A HUMAN CANNONBALL!	
02020	10F3:0:0	대사	C6	THAT'S MY SHIFT OVER THEN.	
02021	10F3:0:1	대사	C6	ENJOY THE SHOW!	
02022	10F3:1:1	대사	81	C'MON, BANJO, LET'S GO GRAB A SEAT!	
02023	10F4:0:0	대사	96	OI, YOU VANDAL!	
02024	10F4:0:1	대사	96	YOU'LL HAVE TO PAY FOR ANY DAMAGE CAUSED, YOU KNOW...	
02025	10F5:0:0	대사	96	OH DEAR, OH DEAR.	
02026	10F5:0:1	대사	96	I'M HAPPY TO SAY YOU WON'T WIN A PRIZE WITH THAT SCORE...	
02027	10F6:0:0	대사	96	MMMM... I THOUGHT SO.	
02028	10F6:0:1	대사	96	PREDICTABLY NOT AS GOOD AS THE BEST SCORE OF ~ POINTS!	
02029	10F7:0:0	대사	96	NOT BAD, BIRDBRAIN!	
02030	10F7:0:1	대사	96	BUT YOU'VE ONLY EQUALLED THE BEST, NOT BEATEN IT...	
02031	10F8:0:0	대사	96	OH DEAR...	
02032	10F8:0:1	대사	96	WHAT A PATHETICALLY LOW SCORE THAT WAS.	
02033	10F8:0:2	대사	96	NO PRIZE FOR YOU!	
02034	10F9:0:0	대사	96	AMAZING!	
02035	10F9:0:1	대사	96	YOU MANAGED TO GET EVEN LESS THAN YOUR HOPELESS BEST SCORE OF ~ POINTS!	
02036	10FA:0:0	대사	96	DON'T GET COCKY.	
02037	10FA:0:1	대사	96	YOU'VE ONLY MATCHED YOUR BEST SCORE, NOT BEATEN IT...	
02038	10FB:0:0	대사	96	THIS IS A HIGHLY SKILLED GAME WHICH REQUIRES AIRBORNE EGG ABILITIES.	
02039	10FB:0:1	대사	96	YOU SEEM TO HAVE NONE, SO I SUGGEST YOU GET LOST!	
02040	10FC:0:0	대사	96	LET'S SEE YOU COLLECT ~ POINTS WORTH OF TWINKLIES IN ~ SECONDS.	
02041	10FD:0:0	대사	C5	HMMM, I'D BETTER START FRYING UP SOME MORE 'CAUSE I'M ALL OUT!	
02042	10FD:0:3	대사	C5	WHY, YOU CHEEKY...	
02043	10FD:1:2	대사	81	YES, YOU'D BETTER PREPARE FOR THE IMPENDING RUSH...	
02044	10FE:0:0	대사	C4	WHAT?	
02045	10FE:0:1	대사	C4	I'VE GOT NO MORE BURGERS LEFT!	
02046	10FE:0:2	대사	C4	BETTER ROOT AROUND FOR SOME MORE...	
02047	10FE:0:5	대사	C4	WHERE?	
02048	10FE:0:6	대사	C4	I CAN'T SEE IT...	
02049	10FE:1:2	대사	80	I THINK THERE'S ONE JUST UNDER YOUR LEFT FOOT...	
02050	10FF:0:0	대사	C6	SORRY, BUT I CAN'T LET YOU IN IF YOU DON'T KNOW HOW TO FIRE EGGS IN THE AIR...	
02051	10FF:0:3	대사	C6	THAT'S RIGHT...	
02052	10FF:0:6	대사	C6	TRY THE SPACE ZONE.	
02053	10FF:0:8	대사	C6	SEE YOU LATER...	
02054	10FF:1:2	대사	81	BUT THAT'S RUBBISH!	
02055	10FF:1:3	대사	81	WE KNOW HOW TO AIM EGGS!	
02056	10FF:1:4	대사	80	NOT IN THE AIR, WE DON'T.	
02057	10FF:1:7	대사	80	COME ON, LET'S GO FIND JAMJARS AGAIN...	
02058	10FF:1:10	대사	81	THANKS, BANANA BRAIN.	
02059	1100:0:0	대사	C6	YOU STILL NEED TO LEARN HOW TO FIRE GRENADE EGGS IN THE AIR...	
02060	1101:0:0	대사	C6	YOU SEEM TO HAVE LEARNED ALL OF THE ABILITIES REQUIRED TO ENTER THE BIG TOP.	
02061	1101:0:2	대사	C6	I GUESS YOU CAN GO IN THEN...	
02062	1101:1:2	대사	81	SURE HAVE, MONKEY BOY!	
02063	1102:0:0	대사	B5	WHEN THE CROSSHAIR APPEARS, PRESS {81} TO FIRE AT THE TARGETS TO SCORE POINTS.	
02064	1103:0:0	대사	B5	SCORE ~ POINTS TO WIN 1ST PRIZE, OR ~ POINTS FOR THE 2ND PRIZE.	
02065	1103:0:2	대사	B5	BLEEP!	
02066	1104:0:0	대사	B5	SCORE ~ POINTS TO WIN THE 1ST PRIZE.	
02067	1104:0:2	대사	B5	BLEEP!	
02068	1105:0:0	대사	C4	FANCY A BURGER?	
02069	1105:0:1	대사	C4	BIG AL SELLS THE TASTIEST BURGERS ON THE ISLAND!	
02070	1105:0:4	대사	C4	OH.	
02071	1105:0:5	대사	C4	PERHAPS THEY'RE THE SECOND BEST THEN...	
02072	1105:0:6	대사	C4	DO YOU WANT SOME?	
02073	1105:1:2	대사	80	ARE THEY BETTER THAN MCJIGGY'S?	
02074	1105:1:3	대사	80	I'VE HEARD THEIR JIGGYWIGGY DELUXE IS A CULINARY MASTERPIECE.	
02075	1106:0:1	대사	C4	OKAY, SON, BURGERS COMING RIGHT UP.	
02076	1106:0:2	대사	C4	YOU WANT FRIES WITH THAT?	
02077	1106:0:5	대사	C4	WELL, TOO BAD.	
02078	1106:0:6	대사	C4	BURGERS IS ALL I GOT.	
02079	1106:0:7	대사	C4	GO SEE SALTY JOE!	
02080	1106:1:1	대사	80	GIMME SOME BURGERS, AL!	
02081	1106:1:3	대사	80	OOOOH, YES, PLEASE!	
02082	1107:0:1	대사	C4	SORRY, FURRY GUY.	
02083	1107:0:2	대사	C4	I'M SOLD OUT.	
02084	1107:0:3	대사	C4	COME BACK LATER, HUH?	
02085	1107:1:1	대사	80	CAN I HAVE SOME MORE BURGERS?	
02086	1108:0:0	대사	C5	HURRY UP AND ORDER, WEIRDO, I'M A BUSY GUY!	
02087	1108:0:3	대사	C5	QUITE THE COMEDIAN, HUH?	
02088	1108:0:4	대사	C5	NOW HOW ABOUT SOME OF SALTY JOE'S LIMP, SALTY FRIES?	
02089	1108:1:2	대사	80	HOW'S THAT THEN?	
02090	1108:1:3	대사	80	I SEEM TO BE THE ONLY ONE IN THE QUEUE.	
02091	1109:0:1	대사	C5	YEAH, FRIES COMING RIGHT UP.	
02092	1109:0:3	대사	C5	ER, HAVE A NICE DAY, I GUESS.	
02093	1109:0:6	대사	C5	ERRRRM... YES.	
02094	1109:1:1	대사	80	GIMME SOME FRIES, JOE!	
02095	1109:1:3	대사	80	ARE YOU PAID TO SAY THAT?	
02096	110A:0:1	대사	C5	SORRY, KID.	
02097	110A:0:2	대사	C5	I'VE BEEN REALLY BUSY, SO I'M SOLD OUT.	
02098	110A:0:3	대사	C5	NOW SCRAM!	
02099	110A:1:1	대사	80	GOT ANY MORE LIMP, SALTY FRIES, JOE?	
02100	110B:0:1	대사	C5	HEY, DO YOU NEED A SIDEKICK?	
02101	110B:0:2	대사	C5	I GOT LOADS OF COOL MOVES.	
02102	110B:0:5	대사	C5	SURE.	
02103	110B:0:6	대사	C5	HOW ABOUT THE SALT SHAKER SLAP?	
02104	110B:0:9	대사	C5	WHAT ABOUT MY GREASY HAND GRAB?	
02105	110B:0:12	대사	C5	ER, AND I CAN SPIT FRIES REALLY FAR...	
02106	110B:1:1	대사	80	THANKS.	
02107	110B:1:2	대사	80	I'LL BE OFF TO CONTINUE MY EXCITING ADVENTURE NOW.	
02108	110B:1:5	대사	80	YOU HAVE?	
02109	110B:1:8	대사	80	ERR...	
02110	110B:1:11	대사	80	NO.	
02111	110B:1:14	대사	80	SEE YOU LATER, JOE.	
02112	110C:0:0	대사	B2	HELLO THERE, BIG BEAR!	
02113	110C:0:3	대사	B2	NOT PERSONALLY, BUT I BELIEVE YOU HELPED MY HUSBAND OUT A WHILE AGO WHEN WE STILL LIVED ON FREEZEEZY PEAK.	
02114	110C:0:6	대사	B2	OH, A LITTLE OLDER, A LITTLE FATTER.	
02115	110C:0:7	대사	B2	HE'S GIVEN UP SLED RACING AND TAKEN TO WATCHING HIS NEW WIDE-SCREEN TV ALL DAY.	
02116	110C:0:8	대사	B2	LAZY OAF!	
02117	110C:0:10	대사	B2	ANYWAY, I MUST BE GETTING BACK HOME.	
02118	110C:0:11	대사	B2	I TOLD MY CHILDREN GROGGY, SOGGY AND MOGGY TO MEET ME HERE.	
02119	110C:0:12	대사	B2	I DON'T SUPPOSE YOU FEEL LIKE ROUNDING THEM UP FOR ME?	
02120	110C:1:1	대사	80	DO I KNOW YOU?	
02121	110C:1:4	대사	80	AH, THEN YOU MUST BE MRS. BOGGY!	
02122	110C:1:5	대사	80	HOW IS THAT RASCAL?	
02123	110D:0:0	대사	B2	HELLO THERE, LITTLE BIRD!	
02124	110D:0:3	대사	B2	NOT PERSONALLY, BUT I BELIEVE YOU HELPED MY HUSBAND OUT A WHILE AGO WHEN WE STILL LIVED ON FREEZEEZY PEAK.	
02125	110D:0:6	대사	B2	OH, A LITTLE OLDER, A LITTLE FATTER.	
02126	110D:0:7	대사	B2	HE'S GIVEN UP SLED RACING AND TAKEN TO WATCHING HIS NEW WIDE-SCREEN TV ALL DAY.	
02127	110D:0:8	대사	B2	LAZY OAF!	
02128	110D:0:10	대사	B2	ANYWAY, I MUST BE GETTING BACK HOME.	
02129	110D:0:11	대사	B2	I TOLD MY CHILDREN GROGGY, SOGGY AND MOGGY TO MEET ME HERE.	
02130	110D:0:12	대사	B2	I DON'T SUPPOSE YOU FEEL LIKE ROUNDING THEM UP FOR ME?	
02131	110D:1:1	대사	81	ER, HAVE WE MET, LADY?	
02132	110D:1:4	대사	81	AH, THEN YOU MUST BE MRS. BOGGY!	
02133	110D:1:5	대사	81	HOW IS THE BIG GUY?	
02134	110E:0:0	대사	B2	WELL, I THINK WE'VE ALL HAD ENOUGH EXCITEMENT TODAY.	
02135	110E:0:1	대사	B2	TIME TO GO BACK HOME TO HAILFIRE PEAKS - BOGGY WILL BE WONDERING WHERE WE'VE GONE TO.	
02136	110E:0:2	대사	B2	HE'D BETTER HAVE THE DINNER IN THE OVEN!	
02137	110E:0:5	대사	B2	THANKS AGAIN, KAZOOIE.	
02138	110E:0:6	대사	B2	TAKE THIS JIGGY I FOUND IN THE TICKET OFFICE EARLIER...	
02139	110E:1:1	대사	81	OH, BYE THEN.	
02140	110F:0:0	대사	B1	THANK GOODNESS YOU CAME.	
02141	110F:0:1	대사	B1	I'M REALLY HUNGRY!	
02142	110F:0:4	대사	B1	NO WAY!	
02143	110F:0:5	대사	B1	I JUST NEED A BURGER BEFORE I GO FIND MY MOM.	
02144	110F:1:2	대사	80	YOU LOOK LIKE YOU'VE HAD PLENTY ALREADY.	
02145	1110:0:0	대사	B1	THANK GOODNESS YOU CAME.	
02146	1110:0:1	대사	B1	I'M REALLY HUNGRY!	
02147	1110:0:4	대사	B1	NO WAY!	
02148	1110:0:5	대사	B1	I JUST NEED A BURGER BEFORE I GO FIND MY MOM.	
02149	1110:1:2	대사	81	YOU ARE JOKING, AREN'T YOU?	
02150	1111:0:0	대사	B1	YUMMY...	
02151	1111:0:3	대사	B1	BURRRP!	
02152	1111:0:4	대사	B1	MY TUMMY HURTS!	
02153	1111:0:5	대사	B1	PLEASE CARRY ME BACK TO MOM - I CAN'T STAND UP!	
02154	1111:1:1	대사	80	ARE YOU OKAY?	
02155	1111:1:2	대사	80	YOU'RE LOOKING RATHER BLOATED THERE...	
02156	1111:1:5	대사	80	I'M NOT SURPRISED!	
02157	1112:0:0	대사	C6	SORRY, BUT I CAN'T LET YOU IN IF YOU DON'T KNOW HOW TO USE GRENADE EGGS...	
02158	1112:0:3	대사	C6	HAVE YOU CHECKED THE PINE GROVE AREA?	
02159	1112:0:5	대사	C6	SEE YOU LATER...	
02160	1112:1:2	대사	81	I GUESS WE MUST HAVE MISSED JAMJARS THEN.	
02161	1112:1:5	대사	81	SAY NO MORE, MONKEY BOY!	
02162	1113:0:0	대사	C6	SORRY, BUT I CAN'T LET YOU IN IF YOU DON'T KNOW HOW TO FIRE GRENADE EGGS IN THE AIR...	
02163	1113:0:3	대사	C6	THAT'S RIGHT...	
02164	1113:0:6	대사	C6	TRY THE SPACE ZONE AND THE PINE GROVE AREAS.	
02165	1113:0:8	대사	C6	SEE YOU LATER...	
02166	1113:1:2	대사	81	BUT THAT'S RUBBISH!	
02167	1113:1:3	대사	81	WE KNOW HOW TO AIM EGGS!	
02168	1113:1:4	대사	80	NOT IN THE AIR, WE DON'T.	
02169	1113:1:7	대사	80	COME ON, LET'S GO FIND JAMJARS AGAIN...	
02170	1113:1:10	대사	81	THANKS, BANANA BRAIN.	
02171	1114:0:0	대사	AD	I CAME ON THE TRAIN TO VISIT THE THEME PARK, BUT THOSE FILTHY RATS CHUCKED ME IN THIS CAGE AND NOW I'M AN EXHIBIT!	
02172	1114:0:2	대사	AD	SIGH...	
02173	1114:0:3	대사	AD	IF I WAS THAT MIGHTY AND EVIL, I'D HAVE ALREADY BUSTED THE DOOR DOWN.	
02174	1114:1:1	대사	80	THE SIGN SAYS YOU'RE A 'MIGHTY EVIL DINOSAUR.' PERHAPS THAT CAGE IS THE BEST PLACE FOR YOU.	
02175	1114:1:3	대사	80	THIS IS TRUE.	
02176	1114:1:4	대사	80	I'LL GO AND GET KAZOOIE TO HELP BUST THE LOCK OPEN!	
02177	1115:0:0	대사	AD	I CAME ON THE TRAIN TO VISIT THE THEME PARK, BUT THOSE FILTHY RATS CHUCKED ME IN THIS CAGE AND NOW I'M AN EXHIBIT!	
02178	1115:0:2	대사	AD	SIGH...	
02179	1115:0:3	대사	AD	IF I WAS THAT MIGHTY AND EVIL, I'D HAVE ALREADY BUSTED THE DOOR DOWN.	
02180	1115:1:1	대사	81	THE SIGN SAYS YOU'RE A 'MIGHTY EVIL DINOSAUR.' PERHAPS THAT CAGE IS THE BEST PLACE FOR YOU.	
02181	1115:1:3	대사	81	POINT TAKEN.	
02182	1115:1:4	대사	81	LET ME SEE WHAT I CAN DO TO WRECK THAT DOOR!	
02183	1116:0:0	대사	AC	HEY, BANJO!	
02184	1116:0:1	대사	AC	AM I GLAD TO SEE A FAMILIAR FACE!	
02185	1116:0:3	대사	AC	WELL, AS YOU MAY REMEMBER, I WAS ON MY WAY TO THE LAVA WORLD BUT I GOT CAPTURED.	
02186	1116:0:4	대사	AC	BUT NOW THAT YOU'RE HERE, I'LL SOON BE OUT!	
02187	1116:0:6	대사	AC	I GUESS THEY THOUGHT IT WOULD MAKE ME MORE POPULAR WITH THE VISITORS.	
02188	1116:0:8	대사	AC	ERRM... NO.	
02189	1116:0:10	대사	AC	DON'T LEAVE ME IN HERE... THEY BEAT ME AT NIGHT!	
02190	1116:1:1	대사	80	GOBI! WHAT ARE YOU DOING IN THERE?	
02191	1116:1:3	대사	80	I'M NOT SO SURE.	
02192	1116:1:4	대사	80	WHAT'S WITH THE BEARD?	
02193	1116:1:6	대사	80	IS IT WORKING?	
02194	1116:1:8	대사	80	DIDN'T THINK SO. WELL, BYE THEN...	
02195	1117:0:0	대사	AC	HEY, KAZOOIE!	
02196	1117:0:1	대사	AC	AM I GLAD TO SEE A FAMILIAR FACE!	
02197	1117:0:3	대사	AC	WELL, AS YOU MAY REMEMBER, I WAS ON MY WAY TO THE LAVA WORLD BUT I GOT CAPTURED.	
02198	1117:0:4	대사	AC	BUT NOW THAT YOU'RE HERE, I'LL SOON BE OUT!	
02199	1117:0:6	대사	AC	NO.	
02200	1117:0:8	대사	AC	SNIFF...	
02201	1117:0:9	대사	AC	THAT'S NO WAY TO TREAT AN OLD FRIEND...	
02202	1117:1:1	대사	81	GOBI! WHAT ARE YOU DOING IN THERE?	
02203	1117:1:3	대사	81	WE'LL SEE ABOUT THAT, BEARDY.	
02204	1117:1:4	대사	81	DO YOU HAVE ANY MONEY?	
02205	1117:1:6	대사	81	THEN GET USED TO THAT CAGE, HUMP BOY!	
02206	1118:0:0	대사	96	WELCOME BACK TO THE BALLOON BURST CHALLENGE!	
02207	1118:0:1	대사	96	YOU HAVE ~ SECONDS TO BEAT YOUR HIGH SCORE OF ~ POINTS.	
02208	1118:0:3	대사	96	DO YOU WANT TO HEAR THE RULES AGAIN?	
02209	1119:0:0	대사	96	WELCOME BACK TO THE HOOP HURRY CHALLENGE!	
02210	1119:0:1	대사	96	YOU HAVE ~ SECONDS TO BEAT YOUR HIGH SCORE OF ~ POINTS.	
02211	1119:0:3	대사	96	DO YOU WANT TO HEAR THE RULES AGAIN?	
02212	1140:0:0	대사	AB	THIS IS WHERE YOU ACTIVATE MY CHEATS.	
02213	1140:0:1	대사	AB	STAND ON THIS PODIUM IF YOU WANT TO KNOW HOW.	
02214	1141:0:0	대사	AB	YOU MUST SPELL OUT THE CHEAT CODE I HAVE GIVEN YOU.	
02215	1141:0:1	대사	AB	USE THE CONTROL STICK TO MOVE THE AIMING SIGHT AND PRESS {81} TO FIRE.	
02216	1141:0:2	대사	AB	AIM CAREFULLY, THOUGH. IF YOU HIT A WRONG LETTER, YOU'LL HAVE TO START AGAIN!	
02217	1142:0:0	대사	AB	HELLO AGAIN, BANJO.	
02218	1142:0:1	대사	AB	REMEMBER ME?	
02219	1142:0:2	대사	AB	I'M CHEATO, THE MAGICAL SPELL BOOK.	
02220	1142:0:5	대사	AB	YOU'RE OUT OF LUCK THERE, I'M AFRAID.	
02221	1142:0:6	대사	AB	GRUNTY RIPPED OUT ALL MY PAGES BECAUSE I HELPED YOU IN THE LAST GAME.	
02222	1142:0:7	대사	AB	I'D BE MOST GRATEFUL IF YOU COULD LOOK OUT FOR THEM ON YOUR TRAVELS.	
02223	1142:0:10	대사	AB	WELL, FOR EVERY FIVE PAGES YOU RETURN, I'LL LET YOU IN ON A LITTLE SECRET...	
02224	1142:0:13	대사	AB	WELL, I'M NOT CALLED CHEATO FOR NOTHING...	
02225	1142:1:1	대사	81	YEAH, YEAH, WE KNOW WHO YOU ARE.	
02226	1142:1:2	대사	81	JUST HAND OVER SOMETHING USEFUL.	
02227	1142:1:5	대사	81	MAYBE.	
02228	1142:1:6	대사	81	WHAT'S IN IT FOR US?	
02229	1142:1:9	대사	80	YOU MEAN A CHEAT?	
02230	1143:0:0	대사	AB	WELL DONE!	
02231	1143:0:1	대사	AB	YOU'VE FOUND ONE OF MY MISSING PAGES!	
02232	1143:0:2	대사	AB	COLLECT FIVE, THEN RETURN THEM TO ME IN GRUNTY'S OLD LAIR IN SPIRAL MOUNTAIN...	
02233	1144:0:0	대사	AB	GREAT!	
02234	1144:0:1	대사	AB	YOU'VE GOT ENOUGH PAGES FOR ME TO TELL YOU A NEW SECRET CHEAT...	
02235	1144:0:4	대사	AB	HAND OVER MY PRECIOUS PAGES FIRST...	
02236	1144:1:1	대사	81	ABOUT TIME!	
02237	1144:1:2	대사	81	SPILL THE BEANS!	
02238	1145:0:0	대사	AB	SORRY, BUT YOU'LL HAVE TO FIND MORE PAGES BEFORE I'LL TELL YOU A NEW CHEAT.	
02239	1145:1:1	대사	81	LET'S GO FIND SOME PAGES, BANJO.	
02240	1145:1:2	대사	81	I WANT TO CHEAT!	
02241	1147:0:0	대사	AB	I'VE TOLD YOU ALL MY CHEATS, SO STOP HARASSING ME!	
02242	1147:1:1	대사	81	WE JUST LIKE GLOATING!	
02243	1148:0:0	대사	AB	HERE'S A SMALL CLUE AS TO HOW TO ACTIVATE THE CHEAT.	
02244	1148:0:1	대사	AB	MAYAHEM TEMPLE...CODE CHAMBER...LETTERS...	
02245	1148:0:2	대사	AB	GOT IT?	
02246	1148:1:1	대사	80	NO, I STILL DON'T UNDERSTAND.	
02247	1148:1:2	대사	81	I DO, BANJO!	
02248	1148:1:3	대사	81	C'MON, LET'S GO USE THAT CHEAT!	
02249	1149:0:0	대사	AB	THIS ISN'T ANY USE TO YOU, AS YOU HAVEN'T EARNED ANY OF MY CHEATS YET...	
02250	114A:0:0	대사	AB	FIVE PAGES AT LAST!	
02251	114A:0:1	대사	AB	COME AND SEE ME IN GRUNTY'S OLD LAIR IN SPIRAL MOUNTAIN, AND I'LL TELL YOU YOUR FIRST SECRET CHEAT!	
02252	114B:0:0	대사	AB	MY FIRST CHEAT IS...	
02253	114B:0:1	대사	AB	FEATHERS	
02254	114B:0:2	대사	AB	GOT IT?	
02255	114C:0:0	대사	AB	MY SECOND CHEAT IS...	
02256	114C:0:1	대사	AB	EGGS	
02257	114C:0:2	대사	AB	GOT IT?	
02258	114D:0:0	대사	AB	MY THIRD CHEAT IS...	
02259	114D:0:1	대사	AB	FALLPROOF	
02260	114D:0:2	대사	AB	GOT IT?	
02261	114E:0:0	대사	AB	MY FOURTH CHEAT IS...	
02262	114E:0:1	대사	AB	HONEYBACK	
02263	114E:0:2	대사	AB	GOT IT?	
02264	114F:0:0	대사	AB	MY FIFTH CHEAT IS...	
02265	114F:0:1	대사	AB	JUKEBOX	
02266	114F:0:2	대사	AB	GOT IT?	
02267	1150:0:0	대사	AB	THE FEATHERS CHEAT WILL DOUBLE THE MAXIMUM NUMBER OF RED AND GOLD FEATHERS THAT YOU CAN CARRY.	
02268	1151:0:0	대사	AB	THE EGGS CHEAT WILL DOUBLE THE MAXIMUM NUMBER OF EGGS THAT YOU CAN CARRY.	
02269	1152:0:0	대사	AB	THE FALLPROOF CHEAT WILL KEEP YOU FROM BEING HURT IN LONG FALLS.	
02270	1153:0:0	대사	AB	THE HONEYBACK CHEAT WILL AUTOMATICALLY REPLENISH YOUR ENERGY OVER TIME.	
02271	1154:0:0	대사	AB	THE JUKEBOX CHEAT WILL ACTIVATE THE JUKEBOX AT JOLLY'S.	
02272	1155:0:0	대사	AB	THE GETJIGGY CHEAT WILL ACTIVATE THE SIGNPOSTS IN JIGGYWIGGY'S TEMPLE.	
02273	1156:0:0	대사	AB	THE SUPERBANJO CHEAT WILL ALLOW YOU TO RUN FASTER.	
02274	1157:0:0	대사	AB	THE SUPERBADDY CHEAT WILL MAKE THE BADDIES RUN FASTER.	
02275	1158:0:0	대사	AB	THE HONEYKING CHEAT WILL GIVE YOU INFINITE ENERGY AND AIR.	
02276	1159:0:0	대사	AB	THE NESTKING CHEAT WILL GIVE YOU INFINITE EGGS AND FEATHERS.	
02277	115A:0:0	대사	AB	THAT'S NOT HOW YOU SPELL ONE OF MY CHEATS!	
02278	115A:0:1	대사	AB	I'M AFRAID YOU'LL HAVE TO START WITH THE FIRST LETTER AGAIN...	
02279	115B:0:0	대사	AB	NICE SHOOTING!	
02280	115B:0:1	대사	AB	NOW STEP ACROSS TO THE CHEAT SHEET ON THE WALL OVER THERE AND PRESS {86} TO VIEW YOUR NEW CHEAT!	
02281	115C:0:0	대사	AB	THIS IS WHERE YOU ACTIVATE MY CHEATS.	
02282	115C:0:1	대사	AB	YOU CAN'T USE IT JUST YET, AS YOU DON'T KNOW HOW TO AIM EGGS ACCURATELY.	
02283	115C:0:2	대사	AB	THE ONE KNOWN AS JAMJARS MAY BE ABLE TO HELP...	
02284	115D:0:0	대사	AB	MUCH OBLIGED.	
02285	115E:0:0	대사	AB	WELL, THAT'S ALL THE CHEATS I CAN GIVE YOU FOR NOW.	
02286	115E:0:1	대사	AB	IF YOU FIND ANY MORE PAGES, YOU KNOW WHERE TO FIND ME...	
02287	115F:0:0	대사	AB	THE JIGGYWIGGYSPECIAL CHEAT WILL OPEN UP ALL JIGGYWIGGY'S DOORS ON THE ISLE O' HAGS.	
02288	1160:0:0	대사	AB	THE CHARACTER PARADE HAS NOW BEEN OPENED UP.	
02289	1160:0:1	대사	AB	SEE THE CINEMA OPTION UNDER THE REPLAY MENU IN THE GAME SELECT ROOM...	
02290	1161:0:0	대사	AB	ALL FRONT END OPTIONS HAVE NOW BEEN UNLOCKED.	
02291	1161:0:1	대사	AB	SEE THE REPLAY MENU IN THE GAME SELECT ROOM...	
02292	1162:0:0	대사	AB	THE HOMING CHEAT WILL MAKE EGGS HOME IN ON BADDIES.	
02293	11A4:0:0	대사	B4	BIG HEAP WELCOME TO LITTLE BEAR AND BIRD.	
02294	11A4:0:3	대사	B4	ME HUMBA WUMBA, BEST MAGIC PERSON ON ISLAND.	
02295	11A4:0:6	대사	B4	NOT TRUE.	
02296	11A4:0:7	대사	B4	MUMBO AMATEUR.	
02297	11A4:0:8	대사	B4	WUMBA BEST. YOU BRING GLOWBO MAGIC CREATURES HERE!	
02298	11A4:1:2	대사	80	I'M BANJO AND MY FEATHERED FRIEND IS KAZOOIE.	
02299	11A4:1:5	대사	81	WE HEARD THAT MUMBO WAS THE BEST...	
02300	11A5:0:0	대사	B4	WUMBA CALL THIS STONY.	
02301	11A5:0:1	대사	B4	USE CONTROL STICK TO MOVE AND PRESS {86} FOR BIG HEAP BARGE ATTACK.	
02302	11A6:0:0	대사	B4	WUMBA CALL THIS DETONATOR.	
02303	11A6:0:1	대사	B4	USE CONTROL STICK TO MOVE AND PRESS {86} FOR SELF-DESTRUCT ATTACK.	
02304	11A7:0:0	대사	B4	WUMBA CALL THIS SUBMARINE.	
02305	11A7:0:1	대사	B4	USE CONTROL STICK TO TURN ON SPOT AND {87} FOR MUCH SPEED.	
02306	11A7:0:2	대사	B4	PRESS {86} FOR SONIC PING ATTACK OR {81} FOR TORPEDO ATTACK.	
02307	11A8:0:0	대사	B4	WUMBA CALL THIS VAN.	
02308	11A8:0:1	대사	B4	VAN CARRIES MUCH COINS.	
02309	11A8:0:2	대사	B4	USE CONTROL STICK TO MOVE AND PRESS {86} FOR HORN.	
02310	11A9:0:0	대사	B4	WUMBA CALL THIS BABY T-REX.	
02311	11A9:0:1	대사	B4	USE CONTROL STICK TO MOVE.	
02312	11AA:0:0	대사	B4	WUMBA CALL THIS DADDY T-REX.	
02313	11AA:0:1	대사	B4	USE CONTROL STICK TO MOVE AND {86} TO MAKE MUCH NOISE.	
02314	11AB:0:0	대사	B4	WUMBA CALL THIS WASHER.	
02315	11AB:0:1	대사	B4	USE CONTROL STICK TO MOVE AND PRESS {81} TO FIRE PLENTY UNDERWEAR.	
02316	11AC:0:0	대사	B4	WUMBA CALL THIS SNOWBALL.	
02317	11AC:0:1	대사	B4	USE CONTROL STICK TO MOVE AND HOLD {86} FOR BIG HEAP ROLL ATTACK.	
02318	11AD:0:0	대사	B4	WUMBA CALL THIS BEE.	
02319	11AD:0:1	대사	B4	PRESS {87} TO JUMP AND {87} AGAIN WHEN IN AIR TO FLY.	
02320	11AD:0:2	대사	B4	USE CONTROL STICK TO STEER AND PRESS {87} TO FLY HIGHER.	
02321	11AD:0:3	대사	B4	ALSO PRESS {81} FOR STINGER ATTACK.	
02322	11AE:0:0	대사	B4	ME AFRAID THIS DIALOG NOT USED...	
02323	11AF:0:0	대사	B4	MUMBO NOT WELCOME.	
02324	11AF:0:1	대사	B4	LEAVE NOW OR BE IN BIG HEAP TROUBLE!	
02325	11B0:0:0	대사	B4	YOU HAVE GLOWBO.	
02326	11B0:0:1	대사	B4	WANT TO GIVE TO HUMBA?	
02327	11B1:1:0	대사	80	SURE.	
02328	11B1:1:1	대사	80	I'LL JUST THROW IT IN.	
02329	11B2:1:1	대사	80	NOT AT THE MOMENT, THANKS.	
02330	11B3:0:0	대사	B4	YOU NOT HAVE GLOWBO.	
02331	11B3:0:1	대사	B4	COME BACK WHEN DO.	
02332	11B4:0:0	대사	B4	MAGIC READY.	
02333	11B4:0:1	대사	B4	JUMP IN WUMBA POOL.	
02334	11B5:0:0	대사	B4	JUMP BACK IN WUMBA POOL WHEN WANT TO BE BEAR AND BIRD AGAIN.	
02335	11B6:0:0	대사	B4	THIS WUMBA MAGIC NOT NEED GLOWBO NEXT TIME.	
02336	11B6:0:1	대사	B4	BEAR CHANGE FOR FREE.	
02337	11B7:0:0	대사	B4	WUMBA CALL THIS DRAGON.	
02338	11B7:0:3	대사	B4	KAZOOIE NOW BIG HEAP DRAGON, BURN MANY BADDIES!	
02339	11B7:1:2	대사	80	BUT WHAT'S CHANGED...?	
02340	11B8:0:0	대사	B4	JUMP IN WUMBA POOL TO CHANGE.	
02341	11B9:0:0	대사	B4	JUMP IN POOL IF WANT TO BE BEAR AND BIRD AGAIN.	
02342	11BA:0:0	대사	B4	MUMBO GET OUT OF POOL.	
02343	11BB:0:0	대사	B4	MUST NOT PLAY IN WUMBA'S POOL.	
02344	11BB:0:1	대사	B4	MAGIC POOL NOT A TOY.	
02345	11BC:0:0	대사	B4	MUMBO NOT WELCOME.	
02346	11BD:0:0	대사	B4	I HAVE VERY SPECIAL SPELL, BUT NEED LEGENDARY MEGA-GLOWBO.	
02347	11BD:0:2	대사	B4	BIRD CORRECT.	
02348	11BD:0:3	대사	B4	NOW GO AND FIND.	
02349	11BD:1:2	대사	81	LET ME GUESS.	
02350	11BD:1:3	대사	81	I BET THERE'S ONLY ONE OF THESE MEGA-GLOWBO THINGS, AND IT'S REAL HARD TO FIND?	
02351	11BE:0:0	대사	B4	ME MUCH SURPRISED.	
02352	11BE:0:1	대사	B4	YOU HAVE THE LEGENDARY MEGA-GLOWBO!	
02353	11BE:0:2	대사	B4	WANT TO GIVE TO HUMBA?	
02354	11BF:0:0	대사	B4	YOU NOT HAVE MEGA-GLOWBO...	
02355	11BF:0:1	대사	B4	RETURN WHEN DO.	
02356	11D6:0:0	대사	84	AH, BEAR AND BIRD HERE AT LAST.	
02357	11D6:0:1	대사	84	MUMBO BEST SHAMAN IN GAME, SO BUILT NEW SKULL.	
02358	11D6:0:2	대사	84	MUMBO ALSO WANT TO HELP, BUT MUST FIND ME MAGIC CREATURE!	
02359	11D7:0:1	대사	84	MUST GIVE MAGIC CREATURE TO MUMBO IF WANT HELP.	
02360	11D7:0:3	대사	84	WANT MUMBO'S HELP?	
02361	11D7:1:1	대사	80	WE'VE GOT A GLOWBO.	
02362	11D8:0:1	대사	84	THROW IT IN MUMBO'S BAG!	
02363	11D8:1:1	대사	80	SURE, WE NEED ALL THE HELP WE CAN GET!	
02364	11D9:1:0	대사	80	WE DON'T NEED YOUR HELP YET, THANKS.	
02365	11DA:0:0	대사	84	MUMBO WANT TO HELP BUT NEEDS MAGIC CREATURE.	
02366	11DA:0:1	대사	84	BEAR AND BIRD GOT NONE.	
02367	11DB:0:0	대사	84	YOU WANT MUMBO'S HELP AGAIN?	
02368	11DC:0:0	대사	84	THIS MUMBO PAD.	
02369	11DC:0:1	대사	84	MUMBO STAND ON IT TO PERFORM GREAT MAGIC.	
02370	11DD:0:0	대사	84	PRESS {86} TO SEE MIGHTY MUMBO MAGIC!	
02371	11DE:0:0	대사	84	HOPE THIS WORKS...	
02372	11DF:0:0	대사	84	HELLO, BANJO.	
02373	11DF:0:1	대사	84	MUMBO HAS BIG SURPRISE FOR YOU.	
02374	11DF:1:1	대사	80	OOOH, I LIKE SURPRISES...	
02375	11E0:0:0	대사	EB	HAR-HAR-HARRR!	
02376	11E0:0:1	대사	EB	FOOLISH BEAR, YOU FELL STRAIGHT INTO MY TRAP!	
02377	11E0:0:2	대사	EB	I'M NOT THAT PATHETIC SHAMAN YOU THINK I AM!	
02378	11E0:0:3	대사	EB	I'M MINGY JONGO, AND YOUR WORTHLESS QUEST ENDS HERE...	
02379	11E1:0:0	대사	EB	BZZARRGH!	
02380	11E1:0:1	대사	EB	I CALCULATE MY CHANCES OF STOPPING YOU ARE NOW MINIMAL...	
02381	11E2:0:0	대사	EB	FOOLISH BEAR, WHY DO YOU RETURN?	
02382	11E2:0:1	대사	EB	A FEW MORE SHOCKS FROM MY STICK SEEM NECESSARY...	
02383	11E3:0:0	대사	EB	AS YOU SEE, THERE'S NO ESCAPE AND RESISTANCE IS FUTILE!	
02384	11E4:0:0	대사	84	WELCOME AGAIN, BEAR AND BIRD.	
02385	11E5:0:0	대사	EB	BZZARRGH!	
02386	11E5:0:1	대사	EB	MY ELABORATE DISGUISE IS RUINED, REVEALING MY EVIL CYBOTIC-NESS!	
02387	11E6:0:0	대사	84	AH, MUMBO GET TO BE HERO AT LAST!	
02388	11E6:0:1	대사	84	PRESS {86} TO SEE MIGHTY SHAMAN ZAP STICK.	
02389	11E6:0:2	대사	84	RETURN ME TO MY CHAIR WHEN WANT TO BE BEAR AND BIRD AGAIN.	
02390	11E7:0:0	대사	84	MUMBO MAGIC MAKE GOLDEN GOLIATH RISE.	
02391	11E7:0:1	대사	84	MAGIC ONLY LAST SHORT TIME.	
02392	11E7:0:2	대사	84	TO CONTROL ME AGAIN, RETURN STATUE TO ITS BASE AND PRESS {86}.	
02393	11E8:0:0	대사	84	MUMBO MAGIC RUN OUT...	
02394	11E9:0:0	대사	84	MUMBO MAGIC ONLY WORK ON ONE THING AT A TIME.	
02395	11E9:0:1	대사	84	MUST WAIT UNTIL OTHER SPELL FINISHED...	
02396	11EA:1:0	대사	80	SORRY, NOT AT THE MOMENT.	
02397	11EB:0:0	대사	84	MUMBO NOT HELP UNLESS BEAR AND BIRD BOTH SAFE IN SKULL.	
02398	11EC:0:0	대사	84	MUMBO NOT FIND ANYTHING TO USE MAGIC ON.	
02399	11EC:0:1	대사	84	MAYBE FIND LATER...	
02400	1208:0:0	대사	D1	SORRY, BUT I'LL ONLY SPEAK TO BANJO...	
02401	1209:0:0	대사	D1	SORRY, BUT I'LL ONLY SPEAK TO KAZOOIE WHEN SHE'S IN HER OWN...	
02402	120A:0:0	대사	D1	SORRY, BUT YOU CAN ONLY COME IN HERE WHEN BANJO AND KAZOOIE ARE TOGETHER...	
02403	120B:0:0	대사	D1	SORRY, BUT I'LL ONLY TALK TO BANJO OR KAZOOIE!	
02404	120C:0:0	대사	D1	TELL THAT BEAR I SAID HELLO IF YOU SEE HIM AROUND.	
02405	120D:0:0	대사	D1	PLEASE THANK THAT BEAR FOR ME AGAIN IF YOU SEE HIM, WON'T YOU?	
02406	120E:0:0	대사	D1	SORRY, BUT THERE IS NO WAY YOU ARE COMING IN HERE!	
02407	120F:0:0	대사	D1	I'VE NO IDEA WHO YOU ARE, BUT IT'S NICE TO MEET YOU ANYWAY!	
02408	1210:0:0	대사	D1	SORRY, BUT I'M AFRAID I'M NOT ALLOWED TO SERVE YOUR KIND...	
02409	1211:0:0	대사	E3	HEY!	
02410	1211:0:1	대사	E3	YOU CAN'T GET IN HERE AS THAT SORT OF CREATURE!	
02411	1212:1:0	대사	81	HEY, BANJO!	
02412	1212:1:1	대사	81	YOU'RE NOT LEAVING THIS WORLD WITHOUT ME!	
02413	1213:1:0	대사	80	COME ON, KAZOOIE, DON'T LEAVE ME IN THIS WORLD ALONE...	
02414	1214:0:0	대사	84	MUMBO NOT WANT TO LEAVE THIS WORLD.	
02415	1214:0:1	대사	84	NASTY MEN WOULD LOOT SKULL.	
02416	1215:0:0	대사	84	ME GET STUCK IF MUMBO GO IN THERE!	
02417	1216:0:0	대사	E3	HEY, RUSTBRAIN!	
02418	1216:0:1	대사	E3	YOU CAN'T GO THROUGH THERE!	
02419	1217:0:0	대사	B4	HUMBA MAGIC NOT WORK IF GO THROUGH THERE.	
02420	1217:0:1	대사	B4	ONLY BEAR AND BIRD CAN LEAVE...	
02421	1218:0:0	대사	E3	AFRAID NOT!	
02422	1218:0:1	대사	E3	JUST BECAUSE YOU ARE PLAYING THIS AT SPACEWORLD DOESN'T	
02423	1218:0:2	대사	E3	MEAN YOU CAN GO THROUGH EVERY EXIT!	
02424	1219:0:0	대사	E3	STOP!	
02425	1219:0:1	대사	E3	THE WATER PRESSURE'S FAR TOO MUCH FOR YOU DOWN THERE, BANJO.	
02426	121A:0:0	대사	E3	STOP!	
02427	121A:0:1	대사	E3	ONLY BEARS AND BIRDS TOGETHER ARE ALLOWED IN HERE!	
02428	121B:0:0	대사	B4	SORRY, BUT WUMBA ONLY TALK TO BEAR AND BIRD TOGETHER.	
02429	121C:0:0	대사	B4	WELCOME, BANJO BEAR.	
02430	121C:0:1	대사	B4	WHERE IS DUMB BIRD?	
02431	121D:0:0	대사	B4	WHAT WRONG, BIRD?	
02432	121D:0:1	대사	B4	YOU LOST BANJO BUDDY?	
02433	121E:0:0	대사	D1	SORRY, BUT YOU CAN ONLY COME IN HERE WHEN BANJO AND KAZOOIE ARE TOGETHER...	
02434	121F:0:0	대사	E3	THESE ARE THE SPRINGY STEP SHOES, BUT YOU'LL HAVE TO COME AND FIND ME BEFORE YOU CAN USE 'EM!	
02435	1220:0:0	대사	E3	THESE ARE THE CLAW CLAMBER BOOTS, BUT YOU'LL HAVE TO COME AND FIND ME BEFORE YOU CAN USE 'EM!	
02436	1221:0:0	대사	96	HEY!	
02437	1221:0:1	대사	96	DON'T EVEN THINK ABOUT IT!	
02438	1221:0:2	대사	96	YOU'RE NOT GOING IN THERE UNTIL BOTH OF THOSE BEAR AND BIRD LOSERS ARE TOGETHER...	
02439	1222:0:0	대사	D1	SORRY, BUT MOM SAID I'M NOT ALLOWED TO TALK TO STRANGERS.	
02440	1223:0:0	대사	D1	HEY!	
02441	1223:0:1	대사	D1	YOU CAN'T GO IN THERE LIKE THAT - IT'S TOO DANGEROUS!	
02442	1224:0:0	대사	03:22	ATTENTION!	
02443	1224:0:1	대사	03:22	ONLY ACCOMPANIED PERSONNEL ARE ALLOWED INTO THE REPAIR DEPOT...	
02444	1225:0:0	대사	D1	YOU CAN'T PAY WITH EGGS!	
02445	1225:0:1	대사	D1	COME BACK LATER WITH THE CASH-CARRYING BEAR.	
02446	1226:0:0	대사	E3	HALT!	
02447	1226:0:1	대사	E3	YOU NEED TO KNOW HOW TO USE GRENADE EGGS UNDERWATER TO GO IN THERE...	
02448	1227:0:0	대사	96	FIGHTING YOU WOULD BE NO FUN AT ALL!	
02449	1227:0:1	대사	96	GET BACK TO MAYAHEM TEMPLE AND COMPLETE YOUR TRAINING!	
02450	1228:0:0	대사	96	NOT SO FAST! THE DODGEMS CHALLENGE IS ONLY OPEN TO THE STUPID BEAR AND BIRD TOGETHER!	
02451	1229:0:0	대사	E3	NOT SO FAST! THE BUBBLE CAN ONLY BE USED BY BANJO AND KAZOOIE TOGETHER. DON'T ASK ME WHY - IT'S JUST THE WAY IT IS!	
02452	122A:0:0	대사	96	FIGHTING YOU WOULD BE NO FUN AT ALL!	
02453	122A:0:1	대사	96	GET BACK TO THE WASTELAND AND COMPLETE YOUR TRAINING!	
02454	122B:0:0	대사	03:22	I'M AFRAID YOU CAN'T GO IN THERE WITHOUT THE PROPER EQUIPMENT!	
02455	122B:0:1	대사	03:22	GET BACK TO THE PINE GROVE AREA AND COMPLETE YOUR TRAINING!	
02456	122C:0:0	대사	EA	YOU DON'T STAND A CHANCE AGAINST ME!	
02457	122C:0:1	대사	EA	GET BACK TO THE CLIFF TOP AREA AND COMPLETE YOUR TRAINING!	
02458	126C:0:0	대사	03:26	HEY, YOUNG MAN!	
02459	126C:0:1	대사	03:26	I'M MILDRED ICE CUBE, BUT I SEEM TO HAVE MISPLACED MY HUSBAND, GEORGE.	
02460	126C:0:2	대사	03:26	THERE WAS THIS TERRIBLE BLIZZARD, AND HE WAS WHISKED OFF INTO THE SKY!	
02461	126C:0:5	대사	03:26	ISN'T IT OBVIOUS?	
02462	126C:0:6	대사	03:26	I WANT YOU TO GO AND LOOK FOR HIM!	
02463	126C:1:2	대사	81	SO?	
02464	126D:0:0	대사	03:26	MY HUSBAND GEORGE WAS BLOWN AWAY INTO THE SKY.	
02465	126D:0:1	대사	03:26	DON'T THINK YOU'RE TAKING THIS LITTLE MAN I'VE ACQUIRED EITHER!	
02466	126E:0:0	대사	AC	TWO YEARS...	
02467	126E:0:1	대사	AC	FINALLY, I'VE MADE IT TO THE WARMTH OF LAVA WORLD WITH A BELLY FULL OF WATER!	
02468	126F:0:0	대사	03:27	I'M BIGGAFOOT.	
02469	126F:0:1	대사	03:27	I HAVE AN ENORMOUS FOOT.	
02470	126F:0:4	대사	03:27	YES, IT IS, ISN'T IT?	
02471	126F:0:5	대사	03:27	AND IF YOU TRY TO STEAL MY SHOES, YOU'LL BE SEEING IT CLOSE UP!	
02472	126F:0:8	대사	03:27	I DON'T CARE.	
02473	126F:0:9	대사	03:27	YOU'RE NOT HAVING THEM.	
02474	126F:1:2	대사	80	THAT'S NICE.	
02475	126F:1:5	대사	81	BUT THOSE SHOES WON'T EVEN FIT YOU!	
02476	1270:0:0	대사	03:27	I'VE ALREADY TOLD YOU, YOU'RE NOT HAVING MY SHOES!	
02477	1271:0:0	대사	03:29	MANY THANKS, YOUNG SIR!	
02478	1271:0:1	대사	03:29	WHY, I'VE BEEN FROZEN IN THERE SINCE 1984.	
02479	1271:0:3	대사	84	MUMBO THINK SEEN CRAZY OLD MAN BEFORE PERHAPS?	
02480	1271:0:5	대사	03:29	IT'S QUITE POSSIBLE.	
02481	1271:0:6	대사	03:29	I COME FROM A GOLDEN AGE WHERE WOLVES WERE KINGS...	
02482	1271:0:7	대사	03:29	THE NAME'S SABREMAN.	
02483	1271:0:8	대사	03:29	ADVENTURING IS MY GAME... OR, AT LEAST, WAS MY GAME.	
02484	1271:0:10	대사	84	WHAT CABLEMAN DOING IN ICE BLOCK?	
02485	1271:0:12	대사	03:29	THAT CURSED SABRE WULF CHASED ME ALL THE WAY HERE, WHERE I WAS FROZEN IN MY TRACKS BY THE ICE DRAGON...	
02486	1271:0:13	대사	03:29	I'M RATHER COLD. COULD YOU SEE YOUR WAY TO WARMING ME UP?	
02487	1271:0:15	대사	84	MUMBO NOT DO THAT, BUT KNOW BEAR THAT MIGHT...	
02488	1272:0:0	대사	03:29	I SAY, ANY CHANCE OF A LITTLE HEAT?	
02489	1273:0:0	대사	03:29	THAT'S SO MUCH BETTER!	
02490	1273:0:3	대사	03:29	BEING FROZEN FOR SO LONG HAS TIRED ME.	
02491	1273:0:4	대사	03:29	I NEED A CUP OF TEA AND 40 WINKS.	
02492	1273:0:5	대사	03:29	COULD YOU POSSIBLY HELP ME OUT JUST ONE MORE TIME?	
02493	1273:0:8	대사	03:29	CAN YOU CARRY ME BACK TO MY TENT?	
02494	1273:0:9	대사	03:29	IT'S OVER ON THE FIERY SIDE OF THE MOUNTAIN...IF IT HASN'T BURNT DOWN BY NOW.	
02495	1273:1:2	대사	80	GLAD TO HELP AN OLD HERO.	
02496	1273:1:5	대사	81	OF COURSE.	
02497	1273:1:6	대사	81	THIS SOUNDS LIKE A JOB FOR YOU, BANJO!	
02498	1274:0:0	대사	03:29	I SAY, COULD YOU PLEASE TAKE ME TO MY TENT ON THE FIERY SIDE OF THE MOUNTAIN?	
02499	1274:1:2	대사	81	TAXIS REQUIRE PAYMENT, Y'KNOW...	
02500	1275:0:0	대사	03:29	MY TENT!	
02501	1275:0:1	대사	03:29	MY EQUIPMENT!	
02502	1275:0:2	대사	03:29	IT'S JUST AS I LEFT IT ALL THOSE YEARS AGO!	
02503	1275:0:4	대사	03:29	MY TREASURE IS STILL HERE TOO!	
02504	1275:0:5	대사	03:29	YOU MAY HAVE IT, KIND SIR.	
02505	1275:0:6	대사	03:29	IT'S A FINE GOLDEN JIGSAW PIECE. NO USE TO ME - I'M HANGING UP MY BOOTS.	
02506	1275:1:2	대사	80	IT'S PROBABLY WORTHLESS ANYWAY.	
02507	1276:0:0	대사	03:29	NO, NO, THIS ISN'T RIGHT.	
02508	1276:0:1	대사	03:29	I DON'T REMEMBER PITCHING MY TENT HERE...	
02509	1277:0:0	대사	A7	WELCOME TO THE COLOSSEUM PROFESSIONAL KICKBALL CHAMPIONSHIPS!	
02510	1277:0:1	대사	A7	WE LIKE TO DO THINGS A LITTLE DIFFERENTLY HERE. THE LOWEST SCORE ALWAYS WINS!	
02511	1277:0:2	대사	A7	WE'RE JUST ABOUT TO BEGIN THE QUARTERFINALS...	
02512	1278:0:0	대사	A7	TO PLAY ANY OF THE GAMES, JUST WALK THROUGH AN OPEN DOOR!	
02513	1279:0:0	대사	A7	ASLIG WEUK WEKL POSJ MLAS.	
02514	1279:1:2	대사	80	AW NO, NOT THIS AGAIN...	
02515	127A:0:0	대사	A7	MAY THE BEST STONY WIN!	
02516	127B:0:0	대사	A7	NOT THE LOWEST SCORE, I'M AFRAID.	
02517	127B:0:1	대사	A7	DO YOU WANT TO TRY AGAIN?	
02518	127C:0:0	대사	A7	YOU'VE WON YOUR QUARTERFINAL!	
02519	127C:0:1	대사	A7	NOW YOU MAY MOVE ON TO THE SEMIFINALS...	
02520	127D:0:0	대사	A7	YOU'VE WON YOUR SEMIFINAL!	
02521	127D:0:1	대사	A7	THE COLOSSEUM KICKBALL FINAL AWAITS...	
02522	127E:0:0	대사	A9	I DECLARE YOU THE NEW COLOSSEUM KICKBALL CHAMPION!	
02523	127E:0:2	대사	A9	OF COURSE.	
02524	127E:1:2	대사	80	DO WE GET A TROPHY?	
02525	127F:0:0	대사	A7	NICE TRY, BUT YOU DIDN'T GET THE LOWEST SCORE.	
02526	1280:0:0	대사	A7	OH DEAR.	
02527	1280:0:1	대사	A7	LOOKS LIKE YOU GOT THE HIGHEST SCORE!	
02528	1281:0:0	대사	A8	YOU'VE BEATEN EVERYBODY.	
02529	1281:0:1	대사	A8	HAVE A JIGGY ON US!	
02530	1282:0:1	대사	03:46	MUMMY?	
02531	1282:0:3	대사	03:46	S-S-SO COLD!	
02532	1282:0:4	대사	03:46	MUMMY... DADDY!	
02533	1282:0:5	대사	03:46	ME NO LIKE COLD EARTHLING PLANET!	
02534	1282:1:1	대사	81	COOL, A LITTLE ALIEN BABY.	
02535	1282:1:3	대사	81	DON'T LOOK AT ME, KID!	
02536	1283:0:0	대사	03:46	F-F-FREEZING.	
02537	1283:0:1	대사	03:46	WARM BABY, PLEASE!	
02538	1283:1:2	대사	81	AWW... ER, I MEAN STOP WHINING, KID!	
02539	1284:0:0	대사	03:36	THANKS, EARTHLING!	
02540	1285:0:0	대사	03:45	THANK YOU!	
02541	1285:0:1	대사	03:45	EARTHLINGS NOT ALL BRAIN DEAD!	
02542	1286:0:0	대사	03:46	GREAT!	
02543	1286:0:1	대사	03:46	ME NICE AND TOASTY NOW.	
02544	1286:0:2	대사	03:46	TIME TO GO HOME!	
02545	1287:0:0	대사	D6	BIG DROP HURT LOTS.	
02546	1287:0:1	대사	D6	WHERE AM I?	
02547	1287:0:3	대사	84	YOU DEAD.	
02548	1287:0:4	대사	84	MUMBO USE POWERFUL SHAMAN MAGIC.	
02549	1287:0:5	대사	84	YOU ALIVE.	
02550	1287:0:7	대사	D6	DIDN'T NEED PUNY EARTHLING MAGIC - COULD HAVE USED SPECIAL POWERS INSTEAD!	
02551	1287:0:9	대사	84	SPACEMAN UNGRATEFUL, WASTE MUMBO'S TIME.	
02552	1287:0:10	대사	84	ME SHOULD TEACH LESSON!	
02553	1287:0:12	대사	D6	SORRY, STRANGE FRIEND!	
02554	1287:0:13	대사	D6	MY SPECIAL POWERS ARE LOW AND WE NEED YOUR HELP.	
02555	1287:0:14	대사	D6	OUR THREE CHILDREN ESCAPED THE SHIP BEFORE WE CRASHED IN THE LAGOON.	
02556	1287:0:15	대사	D6	IF YOU CAN FIND AND RETURN THEM TO ME SAFELY, I'LL BESTOW THE EARTH WITH WONDROUS GIFTS!	
02557	1287:0:17	대사	84	MUMBO LIKE GIFTS.	
02558	1287:0:18	대사	84	NOT TACKY ALIEN MERCHANDISE, THOUGH...	
02559	1288:0:0	대사	D6	ACTIVATE JETPACK...	
02560	1288:0:1	대사	D6	... ... ...	
02561	1289:0:0	대사	D6	URRGMPH!	
02562	1289:0:1	대사	D6	NEVER MIND, I'M OKAY!	
02563	1289:0:2	대사	D6	...WAIT A MINUTE...	
02564	1289:0:3	대사	D6	...NO, I'M NOT...	
02565	1289:0:4	대사	D6	...I'M...DEAD...	
02566	128A:0:0	대사	A8	GET AS LOW A SCORE AS YOU CAN!	
02567	128A:0:1	대사	A8	OBDIALOG COLLCOACHADV1	
02568	128B:0:0	대사	A8	SHOOT THE GOOD BALLS INTO YOUR OWN GOAL!	
02569	128B:0:1	대사	A8	OBDIALOG COLLCOACHADV2	
02570	128C:0:0	대사	A8	STOP THE OTHER PLAYERS FROM SCORING.	
02571	128C:0:1	대사	A8	OBDIALOG COLLCOACHADV3	
02572	128D:0:0	대사	A8	LOOK OUT FOR THE FLASHING BALLS.	
02573	128D:0:1	대사	A8	OBDIALOG COLLCOACHADV1GAME2	
02574	128E:0:0	대사	A8	MIND THE BOMB BALLS.	
02575	128E:0:1	대사	A8	OBDIALOG COLLCOACHADV2GAME2	
02576	128F:0:0	대사	A8	DON'T FORGET TO SHOWER AFTER THE GAME.	
02577	1290:0:0	대사	A8	WHAT ELSE CAN WE TELL YOU?	
02578	1290:0:1	대사	A8	OBDIALOG COLLCOACHADV1GAME3	
02579	1291:0:0	대사	A8	YOU'RE DOING VERY WELL TO GET TO THE THIRD ROUND.	
02580	1291:0:1	대사	A8	OBDIALOG COLLCOACHADV2GAME3	
02581	1292:0:0	대사	A8	YOU'LL PROBABLY GET A JIGGY IF YOU WIN AGAIN!	
02582	1292:0:2	대사	A8	OBDIALOG COLLCOACHADV3GAME3	
02583	1292:1:2	대사	80	I THINK WE COULD HAVE WORKED THAT ONE OUT FOR OURSELVES.	
02584	1293:0:0	대사	03:29	ZZZ... I WONDER WHAT ADVENTURES MAY AWAIT ME...	
02585	1294:0:0	대사	03:29	ZZZ... PERHAPS I'LL RIDE ON A DOLPHIN...	
02586	1295:0:0	대사	03:29	ZZZ... BEARS IN THEIR OWN ADVENTURES... PAH!	
02587	1296:0:0	대사	E9	AH... AT LAST!	
02588	1296:0:1	대사	E9	YOU MUST BE THE PIZZA DELIVERY BOY.	
02589	1296:0:3	대사	E9	LIES!	
02590	1296:0:4	대사	E9	I BET YOU'VE GOT MY 12-FOOT ANCHOVY DELUXE IN THAT BACKPACK.	
02591	1296:0:6	대사	E9	THEN I'LL EAT YOU INSTEAD!	
02592	1296:1:1	대사	80	NO, JUST THE LOCAL JIGGY HUNTERS.	
02593	1296:1:3	대사	81	'FRAID NOT, WARTFACE.	
02594	1297:0:0	대사	EA	AH... AT LAST!	
02595	1297:0:1	대사	EA	YOU MUST BE THE PIZZA DELIVERY BOY.	
02596	1297:0:3	대사	EA	LIES!	
02597	1297:0:4	대사	EA	I BET YOU'VE GOT MY 12-FOOT SPICY MEAT SPECIAL IN THAT BACKPACK.	
02598	1297:0:6	대사	EA	THEN I'LL EAT YOU INSTEAD!	
02599	1297:1:1	대사	80	NO, JUST THE LOCAL JIGGY HUNTERS.	
02600	1297:1:3	대사	81	'FRAID NOT, WARTFACE.	
02601	1298:0:0	대사	E9	HAVE YOU GOT MY ANCHOVY DELUXE PIZZA YET?	
02602	1298:0:2	대사	E9	THEN I'LL CHEW YOUR BONES ONCE MORE!	
02603	1298:1:1	대사	81	NO.	
02604	1299:0:0	대사	EA	HAVE YOU GOT MY SPICY MEAT SPECIAL PIZZA YET?	
02605	1299:0:2	대사	EA	THEN I'LL FEAST ON YOUR FURRY HIDE ONCE MORE!	
02606	1299:1:1	대사	80	SORRY, NO.	
02607	129A:0:0	대사	E9	YOU MUST BE THE PIZZA DELIVERY BOY MY BROTHER TOLD ME ABOUT.	
02608	129A:0:2	대사	E9	I'M SURE YOU HAVE.	
02609	129A:0:3	대사	E9	GIVE ME MY ANCHOVY DELUXE!	
02610	129A:1:1	대사	80	AW NO.	
02611	129A:1:2	대사	80	NOT YOU, AS WELL.	
02612	129A:1:3	대사	81	CAN'T YOU TWO GET IT INTO YOUR TINY BRAINS - WE HAVE NO PIZZA!	
02613	129B:0:0	대사	EA	YOU MUST BE THE PIZZA DELIVERY BOY MY BROTHER TOLD ME ABOUT.	
02614	129B:0:2	대사	EA	I'M SURE YOU HAVE.	
02615	129B:0:3	대사	EA	GIVE ME MY SPICY MEAT SPECIAL!	
02616	129B:1:1	대사	80	AW NO.	
02617	129B:1:2	대사	80	NOT YOU, AS WELL.	
02618	129B:1:3	대사	81	CAN'T YOU TWO GET IT INTO YOUR TINY BRAINS - WE HAVE NO PIZZA!	
02619	129C:0:0	대사	E9	YOU MUST BE THE PIZZA DELIVERY BOY THAT BEAT UP MY POOR BROTHER.	
02620	129C:0:2	대사	E9	YES, PLEASE, I ORDERED AN ANCHOVY DELUXE.	
02621	129C:0:4	대사	E9	I'M SURE YOU HAVE.	
02622	129C:0:5	대사	E9	GIVE ME MY PIZZA!	
02623	129C:1:1	대사	80	HE TRIED TO EAT US.	
02624	129C:1:2	대사	81	I SUPPOSE YOU'LL BE WANTING PIZZA TOO?	
02625	129C:1:4	대사	81	WELL, TOUGH.	
02626	129C:1:5	대사	81	WE'VE GOT NONE.	
02627	129D:0:0	대사	EA	YOU MUST BE THE PIZZA DELIVERY BOY THAT BEAT UP MY POOR BROTHER.	
02628	129D:0:2	대사	EA	YES, PLEASE, I ORDERED A SPICY MEAT SPECIAL.	
02629	129D:0:4	대사	EA	I'M SURE YOU HAVE.	
02630	129D:0:5	대사	EA	GIVE ME MY PIZZA!	
02631	129D:1:1	대사	80	HE TRIED TO EAT US.	
02632	129D:1:2	대사	81	I SUPPOSE YOU'LL BE WANTING PIZZA TOO?	
02633	129D:1:4	대사	81	WELL, TOUGH.	
02634	129D:1:5	대사	81	WE'VE GOT NONE.	
02635	129E:0:0	대사	E9	THAT FEEBLE EGG WON'T HURT MY ICY BODY!	
02636	129F:0:0	대사	EA	THAT FEEBLE EGG WON'T HURT MY FIERY BODY!	
02637	12A0:0:0	대사	D6	SCANNERS INDICATE LOCATION OF KIDS' EVACUATION FOUND.	
02638	12A0:0:1	대사	D6	EXTERIOR DOOR OPENING TO ENABLE MANUAL VIEWING...	
02639	12A0:0:3	대사	D6	DETECTING EARTHLING CROSS WIND.	
02640	12A0:0:4	대사	D6	BE CAREFUL...	
02641	12A1:0:0	대사	E9	STOP IT!	
02642	12A1:0:1	대사	E9	I'VE CHANGED MY MIND.	
02643	12A1:0:2	대사	E9	FORGET THE PIZZA, BUT I'M SURE MY BROTHER WILL STILL WANT HIS...	
02644	12A2:0:0	대사	EA	ENOUGH!	
02645	12A2:0:1	대사	EA	I'VE CHANGED MY MIND.	
02646	12A2:0:2	대사	EA	FORGET THE PIZZA, BUT I'M SURE MY BROTHER WILL STILL WANT HIS...	
02647	12A3:0:0	대사	E9	STOP IT!	
02648	12A3:0:1	대사	E9	I DON'T WANT PIZZA ANYMORE.	
02649	12A3:0:2	대사	E9	I'LL GO AND GET A TAKEOUT INSTEAD.	
02650	12A3:0:4	대사	E9	A TROPHY, EH?	
02651	12A3:0:5	대사	E9	HOW ABOUT THIS...	
02652	12A3:1:1	대사	81	HOLD ON, YOU FROSTY FOOL.	
02653	12A3:1:2	대사	81	WE'VE BEATEN BOTH OF YOU NOW, SO I RECKON WE SHOULD GET A TROPHY.	
02654	12A4:0:0	대사	EA	STOP IT!	
02655	12A4:0:1	대사	EA	I DON'T WANT PIZZA ANYMORE.	
02656	12A4:0:2	대사	EA	I'LL GO AND GET A TAKEOUT INSTEAD.	
02657	12A4:0:4	대사	EA	A TROPHY, EH?	
02658	12A4:0:5	대사	EA	I'VE ONLY GOT THIS...	
02659	12A4:1:1	대사	81	WAIT A MINUTE, BUDDY!	
02660	12A4:1:2	대사	81	WE'VE BEATEN BOTH OF YOU NOW, SO I RECKON WE SHOULD GET A TROPHY.	
02661	12A5:0:0	대사	E9	LET ME HAVE JUST A LITTLE TASTE...	
02662	12A6:0:0	대사	EA	I'LL SOON HAVE YOU LICKED...	
02663	12A7:0:0	대사	D6	YOUR PROGRESS SURPRISES ME, EARTHLING.	
02664	12A7:0:1	대사	D6	YOU ONLY HAVE ONE MORE TO FIND.	
02665	12A8:0:0	대사	D6	I CALCULATE REASONABLE PROGRESS.	
02666	12A8:0:1	대사	D6	TWO MORE KIDS ARE STILL OUT THERE SOMEWHERE...	
02667	12A9:0:0	대사	D6	USELESS EARTHLING!	
02668	12A9:0:1	대사	D6	YOUR KID RETRIEVAL RATE IS STILL 0 PERCENT.	
02669	12AA:0:0	대사	D6	YOU HAVE DONE WELL, EARTHLING, BUT I SHALL NOW HAVE TO EXTERMINATE YOU ALL FOR TAKING SO LONG!	
02670	12AA:0:1	대사	D6	... ... ...	
02671	12AA:0:2	대사	D6	ER, HAVE YOU KIDS SEEN MY LASER ANYWHERE?	
02672	12AA:0:3	대사	D6	... ... ...	
02673	12AA:0:4	대사	D6	AH, IT MUST BE ON THE SHIP.	
02674	12AA:0:5	대사	D6	YOUR RACE IS SPARED FOR NOW, EARTHLING.	
02675	12AA:0:6	대사	D6	STAND CLEAR, BEAMING-UP SEQUENCE INITIATING!	
02676	12AB:0:0	대사	03:36	I'M NOT SURE HOW I ENDED UP UNDER THAT ICE BLOCK, BUT THANKS!	
02677	12AC:0:0	대사	03:45	WOW!	
02678	12AC:0:1	대사	03:45	I WAS DEAD AND YOU USED MAGIC?	
02679	12AC:0:2	대사	03:45	LET'S DO IT AGAIN!	
02680	12AD:0:0	대사	03:46	I'M GETTING COLD AGAIN.	
02681	12AD:0:1	대사	03:46	GO FIND THE OTHERS...	
02682	12AE:0:0	대사	E9	AIEEE...	
02683	12AE:0:1	대사	E9	IT BURNS!	
02684	12AF:0:0	대사	EA	BRRRR...	
02685	12AF:0:1	대사	EA	SO COLD!	
02686	12B0:0:0	대사	03:1F	THAT WATER'S FAR TOO HOT FOR OUR SWIMMING POOL...	
02687	12B1:0:0	대사	03:27	PACKS QUITE A WALLOP, DOESN'T IT?	
02688	12B1:0:1	대사	03:27	I'M REAL PROUD OF MY ENORMOUS FOOT.	
02689	12B2:0:0	대사	03:27	OOO-OOO-AAAHHH!	
02690	12B2:0:1	대사	03:27	MY POOR ENORMOUS FOOT!	
02691	12B2:0:2	대사	03:27	WHERE'S THE FIRST AID KIT?	
02692	12B3:0:0	대사	D6	YOIKS, I CALCULATE IT'S A LONG WAY DOWN...	
02693	12B3:0:1	대사	D6	HUH?	
02694	12B3:0:2	대사	D6	.........	
02695	12B3:0:3	대사	D6	WHAT'S GOING ON?	
02696	12B3:0:4	대사	D6	KEEP SHIP STEADY...	
02697	12B4:0:0	대사	D6	KIDS WILL BE HIDING FROM DANGER UNTIL THEY DETECT ALIEN SIGNAL...	
02698	12B4:0:1	대사	84	MUMBO IMPRESSED.	
02699	12B4:0:2	대사	84	BUT MUMBO MAGIC BETTER!	
02700	12B5:0:0	대사	AF	JUMPING ON MOM AND POP'S BED IS ALMOST AS MUCH FUN AS THE FAIR!	
02701	12B6:0:0	대사	AF	I TOLD MY DAD YOU HIT ME, AND HE'S GOING TO BASH YOU AFTER HIS DVD HAS FINISHED...	
02702	12B7:0:0	대사	B0	THANKS FOR THE FRIES, MR. BEAR.	
02703	12B8:0:0	대사	B0	LOOK AT MOGGY ON MOM'S BED.	
02704	12B8:0:1	대사	B0	I'M GOING TO TELL HER, AND HE'LL BE IN SO MUCH TROUBLE...	
02705	12B9:0:0	대사	B1	CHEERS FOR THE BURGER BACK AT THE FAIR!	
02706	12BA:0:0	대사	B1	I THINK I NEED TO USE THE BATHROOM, BUT I CAN'T SEEM TO GET UP...	
02707	12BB:0:0	대사	B2	THANKS FOR ALL YOUR HELP, BANJO.	
02708	12BC:0:0	대사	B2	BOGGY'S SO LAZY NOWADAYS.	
02709	12BC:0:1	대사	B2	CAN'T YOU TAKE HIM WITH YOU ON YOUR ADVENTURES?	
02710	12BD:0:0	대사	E3	THAT SWITCH LOOKS RUSTY.	
02711	12BD:0:1	대사	E3	YOU'LL NEED MORE WEIGHT...	
02712	12BE:0:0	대사	E3	LET'S SEE IF THERE'S ANYTHING WORTH DIGGING UP DOWN THERE...	
02713	12BF:0:1	대사	BB	TAKE A LOOK AT MY NEW WIDE-SCREEN TV.	
02714	12BF:0:2	대사	BB	IT'S GOT LOADS OF FEATURES.	
02715	12BF:0:4	대사	BB	IT HAS, ACTUALLY.	
02716	12BF:0:5	대사	BB	100HZ SCANNING, DULLBY 5.1 SURROUND SOUND, 9999 CHANNELS, 15 SCART SOCKETS, 3 REMOTE CONTROLS...	
02717	12BF:0:7	대사	BB	OH, SORRY.	
02718	12BF:0:8	대사	BB	BUT IT'S GOT NO ON-LINE SHOPPING AND I'M REALLY HUNGRY!	
02719	12BF:0:10	대사	BB	A BIG, HOT FISH WOULD BE GREAT!	
02720	12BF:1:0	대사	80	HELLO, BOGGY.	
02721	12BF:1:2	대사	81	I'M SURE IT HAS.	
02722	12BF:1:4	대사	81	YAWN...	
02723	12BF:1:6	대사	80	SIGH.	
02724	12BF:1:7	대사	80	WHAT DO YOU WANT?	
02725	12C0:0:0	대사	BB	ANY PROGRESS WITH MY FISH YET?	
02726	12C0:0:2	대사	BB	AW, KEEP LOOKING, WON'T YOU?	
02727	12C0:0:3	대사	BB	NOW, IF I SET MY SATELLITE TO 11.671, I RECKON IT SHOULD BE TIME FOR BEAR BABES 'N' ESKIMOS!	
02728	12C0:1:1	대사	80	NO.	
02729	12C1:0:0	대사	BB	W-WHAT WAS THAT!?	
02730	12C1:0:2	대사	BB	WELL, IF IT'S NOT EDIBLE, I DON'T WANT IT.	
02731	12C1:0:4	대사	BB	BE MY GUEST.	
02732	12C1:0:5	대사	BB	I GOT STUFF TO WATCH...	
02733	12C1:1:1	대사	80	WOW, THE FISH MUST'VE SWALLOWED A JIGGY.	
02734	12C1:1:3	대사	80	FAIR ENOUGH, BOGGY.	
02735	12C1:1:4	대사	80	I'LL ADD IT TO OUR COLLECTION.	
02736	12C2:0:0	대사	BB	LOVELY FISH, THAT.	
02737	12C2:0:1	대사	BB	WHY NOT STAY A WHILE?	
02738	12C2:0:2	대사	BB	I'VE JUST GOT THE NEW BEAR BABES DVD - SHOULD BE HOT STUFF...	
02739	12C3:0:0	대사	AC	PLEASE...	
02740	12C3:0:1	대사	AC	NOT MY PRECIOUS WATER AGAIN...	
02741	12C4:0:0	대사	AC	AW NO...	
02742	12C4:0:1	대사	AC	IT TOOK ME SINCE THE LAST GAME TO SAVE THAT...	
02743	12C5:0:0	대사	B6	SORRY, BUT I CAN'T GO THERE.	
02744	12C5:0:1	대사	B6	THE SUDDEN DROP IN TEMPERATURE WOULD CRACK MY BOILER, AND IT WOULD BE CURTAINS FOR ME...	
02745	12C5:0:2	대사	B6	HOWEVER, IF YOU CAN FIND A WAY TO COOL MY BOILER A LITTLE...	
02746	12C6:0:0	대사	B6	AHHH...	
02747	12C6:0:1	대사	B6	YES, THAT SEEMS TO HAVE COOLED MY BOILER ENOUGH!	
02748	12C6:0:2	대사	B6	I'LL LET YOU TAKE THE CHUFFIN' TRAIN TO THE ICE SIDE NOW...	
02749	12C7:0:0	대사	D4	THIS AIN'T THE MAYAN LEAGUE NOW!	
02750	12C8:0:0	대사	D4	YOU'RE PLAYIN' WITH THE BIG BOYS NOW!	
02751	12C9:0:0	대사	D4	YOU'LL NEVER BE THE COLOSSEUM CHAMPION!	
02752	12CA:0:0	대사	E9	NOW, WHICH WAY IS IT TO THE FLY-THRU MCJIGGY'S?	
02753	12CB:0:0	대사	EA	HMM... I RECKON I'LL GO GET A COUPLE OF BIG AL BURGERS...	
02754	12CC:0:0	대사	A7	YOU'RE TOO GOOD. YOU BEAT THEM ALL AGAIN.	
02755	12CD:0:0	대사	A7	HA!	
02756	12CD:0:1	대사	A7	THE CHAMPION WASN'T SO GOOD THAT TIME...	
02757	12CE:1:0	대사	81	WHAT'S WRONG WITH IT?	
02758	12CE:1:1	대사	80	BEATS ME.	
02759	12CE:1:2	대사	80	YOU COULD TRY BEAK-TO-MOUTH RESUSCITATION...	
02760	12CE:1:3	대사	81	URRGH!	
02761	12CE:1:4	대사	81	NO CHANCE!	
02762	12CE:1:5	대사	80	THEN THIS IS A JOB FOR A PROFESSIONALLY QUALIFIED DOCTOR...	
02763	12CF:0:0	대사	EA	HEY!	
02764	12CF:0:1	대사	EA	I DON'T RECALL YOU PAYING FOR A TOUR OF MY VOLCANO!	
02765	12CF:0:2	대사	EA	I'M GONNA BURN YOUR FURRY HIDE...	
02766	12D0:0:0	대사	E9	WHAT CHEEK!	
02767	12D0:0:1	대사	E9	FANCY TRESPASSING ON MY GLACIER WITHOUT MY PERMISSION!	
02768	12D0:0:2	대사	E9	BOY, ARE YOU GOING TO SUFFER...	
02769	12D1:0:0	대사	A7	GAME OVER.	
02770	12D1:0:1	대사	A7	THIS TIME PLAYER ~ WINS!	
02771	12D2:0:0	대사	A7	TIME'S UP!	
02772	12D2:0:1	대사	A7	A BORING DRAW, I'M AFRAID...	
02773	12D3:0:0	대사	03:26	ARRRGH!	
02774	12D3:0:1	대사	03:26	TELL GEORGE HIS DINNER IS IN THE...	
02775	12D4:0:0	대사	A7	YOU SCORED ~ POINTS, A NEW BEST SCORE.	
02776	12D5:0:0	대사	D6	MANY THANKS, EARTHLING MAGIC MAN.	
02777	12D5:0:1	대사	D6	IF YOU SEE THAT BEAR, TELL HIM TO HURRY UP AND GET ALL MY KIDS BACK!	
02778	12D6:0:0	대사	03:36	HURRY UP AND FIND THE OTHERS, THEN WE CAN ALL GO HOME...	
02779	12D7:0:0	대사	03:36	MY DAD SAYS YOU'RE NEARLY AS GOOD AT MAGIC AS HE IS.	
02780	12D8:0:0	대사	03:26	HEY, YOUNG MAN!	
02781	12D8:0:1	대사	03:26	I'M MILDRED ICE CUBE, BUT I SEEM TO HAVE MISPLACED MY HUSBAND, GEORGE.	
02782	12D8:0:2	대사	03:26	THERE WAS THIS TERRIBLE BLIZZARD, AND HE WAS WHISKED OFF INTO THE SKY!	
02783	12D8:0:5	대사	03:26	WELL, YOU COULD GO UP THERE AND LOOK FOR HIM!	
02784	12D8:1:2	대사	80	ANYTHING I CAN DO TO HELP?	
02785	12D9:0:0	대사	03:29	THAT'S SO MUCH BETTER!	
02786	12D9:0:3	대사	03:29	BEING FROZEN FOR SO LONG HAS TIRED ME.	
02787	12D9:0:4	대사	03:29	I NEED A CUP OF TEA AND 40 WINKS.	
02788	12D9:0:5	대사	03:29	COULD YOU POSSIBLY HELP ME OUT JUST ONE MORE TIME?	
02789	12D9:0:8	대사	03:29	CAN YOU CARRY ME BACK TO MY TENT?	
02790	12D9:0:9	대사	03:29	IT'S OVER ON THE FIERY SIDE OF THE MOUNTAIN...IF IT HASN'T BURNT DOWN BY NOW.	
02791	12D9:1:2	대사	81	GLAD TO HELP AN OLD HERO.	
02792	12D9:1:5	대사	81	ANYTHING FOR A JIGGY.	
02793	12D9:1:8	대사	81	I'LL GO AND GET BANJO THEN...	
02794	12DA:0:0	대사	03:29	I SAY, COULD YOU PLEASE TAKE ME TO MY TENT ON THE FIERY SIDE OF THE MOUNTAIN?	
02795	12DB:0:0	대사	03:29	I SAY, COULD YOU PLEASE TAKE ME TO MY TENT ON THE FIERY SIDE OF THE MOUNTAIN?	
02796	12DB:0:2	대사	84	MUMBO DONE MUCH HELP ALREADY!	
02797	12DB:0:3	대사	84	CABLEMAN UNGRATEFUL - NEEDS SLAP!	
02798	12DC:0:1	대사	BB	TAKE A LOOK AT MY NEW WIDE-SCREEN TV.	
02799	12DC:0:2	대사	BB	IT'S GOT LOADS OF FEATURES.	
02800	12DC:0:4	대사	BB	IT HAS, ACTUALLY.	
02801	12DC:0:5	대사	BB	100HZ SCANNING, DULLBY 5.1 SURROUND SOUND, 9999 CHANNELS, 15 SCART SOCKETS, 3 REMOTE CONTROLS...	
02802	12DC:0:7	대사	BB	OH, SORRY.	
02803	12DC:0:8	대사	BB	BUT IT'S GOT NO ON-LINE SHOPPING AND I'M REALLY HUNGRY!	
02804	12DC:0:10	대사	BB	A BIG, HOT FISH WOULD BE GREAT!	
02805	12DC:1:0	대사	80	HELLO, BOGGY.	
02806	12DC:1:2	대사	80	REALLY?	
02807	12DC:1:4	대사	80	I GET THE IDEA...	
02808	12DC:1:6	대사	80	SIGH.	
02809	12DC:1:7	대사	80	WHAT DO YOU WANT?	
02810	12DD:0:1	대사	BB	TAKE A LOOK AT MY NEW WIDE-SCREEN TV.	
02811	12DD:0:2	대사	BB	IT'S GOT LOADS OF FEATURES.	
02812	12DD:0:4	대사	BB	IT HAS ACTUALLY.	
02813	12DD:0:5	대사	BB	100HZ SCANNING, DULLBY 5.1 SURROUND SOUND, 9999 CHANNELS, 15 SCART SOCKETS, 3 REMOTE CONTROLS...	
02814	12DD:0:7	대사	BB	OH, SORRY.	
02815	12DD:0:8	대사	BB	BUT IT'S GOT NO ON-LINE SHOPPING AND I'M REALLY HUNGRY!	
02816	12DD:0:10	대사	BB	A BIG, HOT FISH WOULD BE GREAT!	
02817	12DD:1:0	대사	81	HEY, BOGGY!	
02818	12DD:1:2	대사	81	I'M SURE IT HAS.	
02819	12DD:1:4	대사	81	YAWN...	
02820	12DD:1:6	대사	81	SIGH.	
02821	12DD:1:7	대사	81	WHAT DO YOU WANT?	
02822	12DE:0:0	대사	BB	ANY PROGRESS WITH MY FISH YET?	
02823	12DE:0:2	대사	BB	AW, KEEP LOOKING, WON'T YOU?	
02824	12DE:0:3	대사	BB	NOW, IF I SET MY SATELLITE TO 11.671, I RECKON IT SHOULD BE TIME FOR BEAR BABES 'N' ESKIMOS!	
02825	12DE:1:1	대사	81	NO.	
02826	12DF:0:0	대사	A7	ASLIG WEUK WEKL POSJ MLAS.	
02827	12DF:1:2	대사	81	OH NO, NOT THIS AGAIN...	
02828	12E0:0:0	대사	A7	ASLIG WEUK WEKL POSJ MLAS.	
02829	12E0:0:1	대사	84	MUMBO NOT UNDERSTAND STONY MAN...	
02830	1334:0:0	대사	03:22	INTRUDER IN THE TRASH COMPACTOR!	
02831	1334:0:1	대사	03:22	CLEANUP DROIDS REPORT TO FLOOR 1.	
02832	1335:0:0	대사	03:22	ACCESS DENIED!	
02833	1335:0:1	대사	03:22	DOOR CAN BE ACCESSED BY MECHANICAL PERSONNEL ONLY.	
02834	1336:0:0	대사	03:22	ACCESS GRANTED.	
02835	1336:0:1	대사	03:22	YOU MAY ENTER.	
02836	1337:0:0	대사	03:22	MAGNET MALFUNCTION!	
02837	1337:0:1	대사	03:22	AUTO-FIXING PROGRAM INITIATED.	
02838	1337:0:2	대사	03:22	MAGNET WILL BE REACTIVATED IN ~ SECONDS.	
02839	1338:0:0	대사	03:22	THE ELECTROMAGNET HAS BEEN REACTIVATED.	
02840	1339:0:0	대사	03:22	BELT CRUSHER MALFUNCTION!	
02841	1339:0:1	대사	03:22	INITIALIZE AUTO-FIXING PROGRAM. 	
02842	1339:0:2	대사	03:22	CRUSHER WILL BE REACTIVATED IN ~ SECONDS.	
02843	133A:0:0	대사	03:22	THE CRUSHER HAS BEEN REACTIVATED.	
02844	133B:0:0	대사	03:22	INTRUDER ALERT!	
02845	133B:0:1	대사	03:22	BACKUP REQUIRED TO DEFEND GRUNTY'S TREASURE!	
02846	133C:0:0	대사	03:22	EXTRACTOR FAN NOT REQUIRED.	
02847	133D:0:0	대사	03:22	INITIATE DETOXIFYING SEQUENCE...	
02848	133D:0:1	대사	03:22	10...	
02849	133D:0:2	대사	03:22	9...	
02850	133D:0:3	대사	03:22	8...	
02851	133D:0:4	대사	03:22	7...	
02852	133D:0:5	대사	03:22	6...	
02853	133D:0:6	대사	03:22	5...	
02854	133D:0:7	대사	03:22	4...	
02855	133D:0:8	대사	03:22	3...	
02856	133D:0:9	대사	03:22	2...	
02857	133D:0:10	대사	03:22	1...	
02858	133D:0:11	대사	03:22	IT IS NOW SAFE TO RE-ENTER.	
02859	133E:0:0	대사	03:22	TOXIC GAS ALERT!	
02860	133E:0:1	대사	03:22	ALL PERSONNEL EVACUATE AND ACTIVATE EXTRACTOR FANS!	
02861	133F:0:0	대사	03:22	ACCESS DENIED!	
02862	133F:0:1	대사	03:22	THE SERVICE ELEVATOR CAN BE USED BY MECHANICAL PERSONNEL ONLY.	
02863	1340:0:0	대사	03:22	THE WALL CRUSHER HAS NOW BEEN SWITCHED OFF.	
02864	1341:0:0	대사	03:2C	HEY THERE, BANJO.	
02865	1341:0:3	대사	03:2C	WELL, GRUNTY RIPPED ME OUT OF HER MANSION AND STUCK ME IN HERE.	
02866	1341:0:4	대사	03:2C	BOY, YOU SHOULD SEE THE MESS SOME OF THOSE WORKERS MAKE...	
02867	1341:0:7	대사	03:2C	ANYWAY, SOMEONE THOUGHT IT FUNNY TO FILL ME FULL OF PAPER.	
02868	1341:0:8	대사	03:2C	I REALLY NEED UNBLOCKING, IF YOU WOULDN'T MIND...	
02869	1341:1:2	대사	80	LOGGO!	
02870	1341:1:3	대사	80	WHAT ARE YOU DOING HERE?	
02871	1341:1:6	대사	81	I DON'T WANT TO KNOW!	
02872	1341:1:8	대사	81	WE DO, ACTUALLY.	
02873	1342:0:0	대사	03:2C	I'M ALL BLOCKED UP...	
02874	1342:0:1	대사	03:2C	HELP!	
02875	1342:0:4	대사	03:2C	I DON'T THINK HE ACTUALLY DOES THAT KIND OF WORK ANYMORE...	
02876	1342:1:2	대사	81	THEN CALL A PLUMBER.	
02877	1342:1:3	대사	81	I THINK MARIO'S FREE AT THE MOMENT.	
02878	1343:0:1	대사	03:2C	YEP, I CAN FEEL A MOVEMENT IN MY U-BEND!	
02879	1343:0:2	대사	03:2C	YOU'D BETTER STAND BACK - THIS COULD BE MESSY...	
02880	1343:1:0	대사	81	DID THAT HELP?	
02881	1344:0:0	대사	03:22	TWINKLY PACKING CHALLENGE HAS BEEN LOCATED!	
02882	1344:0:1	대사	03:22	GAME RULES ARE AVAILABLE IF REQUIRED.	
02883	1345:0:0	대사	03:22	TWINKLIES APPEAR FROM THE MESH FLOOR.	
02884	1345:0:1	대사	03:22	THE PACKER MUST COLLECT THEM BEFORE THEY DISAPPEAR AND TAKE THEM TO THE CORRECT LOADING CHUTES.	
02885	1345:0:2	대사	03:22	STAND ON THE PLATFORM NEAR THE CHUTE TO LOAD THEM.	
02886	1345:0:3	대사	03:22	TWINKLIES ARE HEAVY, SO THE MORE YOU CARRY, THE SLOWER YOU RUN.	
02887	1345:0:4	대사	03:22	BLUE ONES ARE WORTH 3 POINTS, GREEN ONES ARE WORTH 2 AND RED ARE ONLY WORTH 1.	
02888	1345:0:5	대사	03:22	SCORE ~ POINTS TO EARN A BASIC PACKER'S BONUS.	
02889	1346:0:0	대사	03:22	PACKING REQUIREMENTS HAVE BEEN MET.	
02890	1346:0:1	대사	03:22	A BONUS WILL NOW BE AWARDED.	
02891	1347:0:0	대사	03:22	BEST SCORE FOR THE TWINKLY PACKING CHALLENGE IS NOW ~ POINTS.	
02892	1348:0:0	대사	03:22	GAME TERMINATED.	
02893	1348:0:1	대사	03:22	PLAYER ~ WINS!	
02894	1349:0:0	대사	03:22	CEASE PACKING.	
02895	1349:0:1	대사	03:22	I CALCULATE A DRAW.	
02896	134A:0:0	대사	03:0E	LOOK AT THE STATE OF MY OVERALLS!	
02897	134A:0:1	대사	03:0E	I'LL BE IN REAL TROUBLE IF I CAN'T FIND A WAY OF GETTING THEM CLEAN...	
02898	134B:0:0	대사	03:0E	PLEASE FIND A WAY OF GETTING MY OVERALLS CLEAN.	
02899	134C:0:0	대사	03:0E	A WASHING MACHINE!	
02900	134C:0:1	대사	03:0E	CAN YOU GIVE MY OVERALLS A QUICK SPIN?	
02901	134C:0:3	대사	03:0E	IS IT SAFE?	
02902	134C:0:4	대사	03:0E	I DON'T WANT THEM TO GET RIPPED...	
02903	134C:1:2	대사	80	THROW THEM INSIDE AND I'LL GIVE IT A TRY.	
02904	134C:1:4	대사	81	JUST DROP YOUR SHORTS, BUDDY.	
02905	134C:1:5	대사	81	WE HAVEN'T GOT ALL DAY!	
02906	134D:0:0	대사	03:0E	HEAVY SOIL WASH, IF YOU DON'T MIND.	
02907	134E:0:0	대사	03:0D	THAT'S BETTER.	
02908	134E:0:1	대사	03:0D	TRY AND FIND MY ~ SKIVVY WORK MATES - THEIR OVERALLS WILL PROBABLY NEED A QUICK RINSE TOO...	
02909	134F:0:0	대사	03:0D	GREAT!	
02910	134F:0:1	대사	03:0D	I'VE GOT JUST ONE MORE SKIVVY WORK MATE WHOSE OVERALLS WILL NEED WASHING...	
02911	1350:0:0	대사	03:0D	THAT'S THE WHOLE TEAM'S OVERALLS WASHED.	
02912	1350:0:1	대사	03:0D	WE'D LIKE YOU TO HAVE THIS...	
02913	1351:0:0	대사	03:0D	I'M NICE AND CLEAN NOW.	
02914	1351:0:1	대사	03:0D	GO AND FIND MY DIRTY WORK MATES.	
02915	1352:0:0	대사	03:22	ACCESS DENIED!	
02916	1352:0:1	대사	03:22	DOOR HAS INSUFFICIENT POWER TO OPEN. BATTERY REQUIRED!	
02917	1353:0:0	대사	03:22	ADDITIONAL BATTERY POWER CHANNELED TO DOOR.	
02918	1353:0:1	대사	03:22	ACCESS IS NOW GRANTED.	
02919	1354:0:0	대사	03:22	SENSORS INDICATE INSUFFICIENT WEIGHT TO ACTIVATE SWITCH.	
02920	1355:0:0	대사	03:34	AHEM.	
02921	1355:0:1	대사	03:34	I BELIEVE IT STATES QUITE CLEARLY IN THE WORKER'S GUIDELINES THAT BEARS ARE NOT TO BE LET INTO THE BUILDING.	
02922	1355:0:3	대사	03:34	WELL, YOU'RE A BEAR, AREN'T YOU?	
02923	1355:0:5	대사	03:34	DOH!	
02924	1355:0:6	대사	03:34	I MUST REMEMBER TO WEAR MY GLASSES.	
02925	1355:0:7	대사	03:34	WELL, I'M OUT NOW, SO I MIGHT AS WELL GO TO WORK ON YOU!	
02926	1355:1:1	대사	81	SO?	
02927	1355:1:3	대사	80	ER, NO.	
02928	1356:0:0	대사	03:34	ARE YOU A BEAR?	
02929	1356:1:1	대사	81	YES, AND YOU'RE HEADING FOR THE RECYCLING PLANT!	
02930	1357:0:0	대사	03:34	TIME TO TURN UP THE POWER DIAL, I THINK...	
02931	1358:0:0	대사	03:34	YOU'LL HAVE TO COME CLOSER - I CAN'T SEE TO HIT YOU!	
02932	1359:0:0	대사	03:34	UGGMMFF!	
02933	1359:0:1	대사	03:34	PLEASE REFRAIN FROM DOING THAT - I'M FULL OF FLAMMABLE GAS!	
02934	135A:0:0	대사	03:34	HOW ABOUT A FEW NUTS 'N' BOLTS?	
02935	135B:0:0	대사	03:34	PERHAPS IF I USED MY WEIGHT A LITTLE MORE...	
02936	135C:0:0	대사	03:34	DON'T MAKE ME COME AFTER YOU!	
02937	135D:0:0	대사	03:34	OH WELL, LOOKS LIKE MY WELDING DAYS ARE OVER...	
02938	135E:0:0	대사	03:34	THIS ISN'T GOING AS PLANNED...	
02939	135E:0:1	대사	03:34	WHERE'S MY EMERGENCY SWITCH LOCATED?	
02940	135F:0:0	대사	03:34	THAT'S BETTER!	
02941	135F:0:1	대사	03:34	NOW LET'S SEE HOW NIMBLE YOU ARE!	
02942	1360:0:0	대사	03:34	GROAN...	
02943	1360:0:1	대사	03:34	I APPEAR TO BE QUITE BADLY INJURED...	
02944	1360:0:3	대사	03:34	SIGH. I GUESS I CAN LET YOU HAVE THIS...	
02945	1360:1:2	대사	81	THAT'S TOO BAD. NOW WHERE'S OUR PRIZE?	
02946	1361:0:0	대사	03:34	SIGH...	
02947	1361:0:1	대사	03:34	MY POOR EYESIGHT IS THE LEAST OF MY WORRIES NOW...	
02948	1362:0:0	대사	03:34	LOOK WHAT YOU'VE DONE TO ME! I'M IN RATHER A LOT OF PAIN!	
02949	1363:0:0	대사	03:34	I WAS ONLY MESSING AROUND, BUT YOU HAD TO GO TOO FAR!	
02950	1364:0:0	대사	03:34	I DON'T SUPPOSE YOU CAN RECOMMEND A DECENT REPAIRMAN?	
02951	1365:0:0	대사	03:22	ECONOMY DETOX ACTIVATED.	
02952	1365:0:1	대사	03:22	ROOM SHOULD NOW BE CLEAR...	
02953	1366:1:0	대사	80	WHAT ON EARTH IS THAT?!	
02954	1366:1:1	대사	81	I THINK IT LOOKS LIKE AN ENORMOUS TOILET CLEANER!	
02955	1366:1:2	대사	80	WELL, HE DOESN'T SEEM TO BE VERY MOBILE.	
02956	1366:1:3	대사	80	SEE HOW THE POOR THING STRUGGLES TO GET IN HERE.	
02957	1366:1:4	대사	81	THIS SHOULDN'T BE MUCH TROUBLE THEN...	
02958	1367:0:0	대사	03:2C	IT'S A CHEATO BOOK PAGE!	
02959	1367:0:1	대사	03:2C	NO USE TO ME, THOUGH. I ONLY LIKE THE QUILTED STUFF.	
02960	1367:0:2	대사	03:2C	I GUESS YOU CAN HAVE IT...	
02961	1368:0:0	대사	03:2C	CAN YOU LOCK THE DOOR ON THE WAY OUT?	
02962	1368:0:1	대사	03:2C	I'VE JUST BEEN CLEANED, AND I DON'T WANT THEM FILTHY WORKERS MESSING ME UP!	
02963	1369:0:0	대사	03:22	ALERT!	
02964	1369:0:1	대사	03:22	INTRUDERS DETECTED!	
02965	1369:0:2	대사	03:22	ACTIVATE THE TINTOPS...	
02966	136A:0:0	대사	03:0E	URRGH...	
02967	136A:0:1	대사	03:0E	MUST BE THE CURRY FROM LAST NIGHT...	
02968	136B:0:0	대사	03:0E	OH NO...	
02969	136B:0:1	대사	03:0E	THERE'S NO TISSUE ROLL LEFT!	
02970	136C:0:0	대사	03:0E	IS THERE SOMEONE OUT THERE?	
02971	136C:0:1	대사	03:0E	THE LOCK'S JAMMED...	
02972	136D:0:0	대사	03:0E	I WOULDN'T COME IN HERE AFTER ME FOR ABOUT TEN MINUTES...	
02973	136E:0:0	대사	03:0E	ARGGHH!	
02974	136E:0:1	대사	03:0E	THE BOWL'S OVERFLOWING...	
02975	136F:0:0	대사	03:0E	I'D LIKE TO SEE TOILET DUCKY DEAL WITH THIS ONE...	
02976	1370:0:0	대사	03:22	ATTENTION!	
02977	1370:0:1	대사	03:22	THE CLINKERS HAVE INVADED THE SEWER SYSTEM AND ARE BLOCKING THE VENTS.	
02978	1370:0:2	대사	03:22	NEUTRALIZE THEM ALL BEFORE THE AIR BECOMES TOXIC.	
02979	1371:0:0	대사	03:22	ATTENTION!	
02980	1371:0:1	대사	03:22	SENSORS INDICATE THE TOXIC LEVELS IN THE SEWER ARE NOW UNACCEPTABLE!	
02981	1371:0:2	대사	03:22	ALL PERSONNEL MAKE THEIR WAY TO THE EXIT!	
02982	1372:0:0	대사	03:22	SENSORS INDICATE CLINKER THREAT HAS BEEN NEUTRALIZED.	
02983	1372:0:1	대사	03:22	A CLEANUP BONUS WILL BE AWARDED...	
02984	1373:0:0	대사	03:22	SENSORS STILL INDICATE CLINKER PRESENCE.	
02985	1373:0:1	대사	03:22	CLEANUP BONUS WILL BE WITHHELD UNTIL THEY HAVE BEEN NEUTRALIZED.	
02986	1374:0:0	대사	03:22	CHECKING LOADED STOCK...	
02987	1374:0:1	대사	03:22	PACKING EFFORT SHOWN IS INSUFFICIENT TO EARN A BONUS...	
02988	1375:0:0	대사	03:22	PACKING WAS POOR.	
02989	1375:0:1	대사	03:22	PREVIOUS BEST SCORE OF ~ HAS NOT BEEN SURPASSED...	
02990	1376:0:0	대사	03:22	PACKING WAS ACCEPTABLE.	
02991	1376:0:1	대사	03:22	PREVIOUS BEST SCORE HAS BEEN EQUALLED...	
02992	1377:0:0	대사	03:0E	OOOOYAH!	
02993	1377:0:1	대사	03:0E	THAT ONE REALLY STUNG ON THE WAY OUT...	
02994	1378:0:0	대사	03:0E	YURRGGHHH!	
02995	1378:0:1	대사	03:0E	MY FINGERS HAVE JUST GONE THROUGH THE PAPER...	
02996	1379:0:0	대사	03:0E	LOOK AT MY PANTS...	
02997	1379:0:1	대사	03:0E	MOM'S GONNA KILL ME!	
02998	137A:0:0	대사	03:0E	AIEEE!	
02999	137A:0:1	대사	03:0E	SPLASHBACK...	
03000	137B:0:0	대사	03:22	ULP.	
03001	137B:0:1	대사	03:22	INTRUDER HAS DEFEATED THE TINTOPS!	
03002	137B:0:2	대사	03:22	GRUNTY'S TREASURE HAS BEEN LOST...	
03003	137C:0:0	대사	03:22	THE TIME TO BEAT IS ~ SECONDS.	
03004	137D:0:0	대사	03:22	~ SECONDS.	
03005	137D:0:2	대사	03:22	A NEW CLEANUP RECORD HAS BEEN ACHIEVED.	
03006	137E:0:0	대사	03:22	~ SECONDS.	
03007	137E:0:2	대사	03:22	CLEANUP RECORD HAS BEEN EQUALLED.	
03008	137F:0:0	대사	03:22	~ SECONDS.	
03009	137F:0:2	대사	03:22	CLEANUP RECORD HAS NOT BEEN SURPASSED.	
03010	1380:0:0	대사	03:2C	HANG ON A MINUTE...	
03011	1380:0:1	대사	03:2C	I CAN FEEL A MOVEMENT IN MY U-BEND!	
03012	1380:0:2	대사	03:2C	YOU'D BETTER STAND BACK - THIS COULD BE MESSY...	
03013	1381:0:0	대사	03:2C	HEY THERE, BANJO.	
03014	1381:0:3	대사	03:2C	WELL, GRUNTY RIPPED ME OUT OF HER MANSION AND STUCK ME IN HERE.	
03015	1381:0:4	대사	03:2C	BOY, YOU SHOULD SEE THE MESS SOME OF THOSE WORKERS MAKE...	
03016	1381:0:7	대사	03:2C	ANYWAY, SOMEONE THOUGHT IT FUNNY TO FILL ME FULL OF PAPER.	
03017	1381:0:8	대사	03:2C	I REALLY NEED UNBLOCKING, IF YOU WOULDN'T MIND...	
03018	1381:1:2	대사	80	LOGGO!	
03019	1381:1:3	대사	80	WHAT ARE YOU DOING HERE?	
03020	1381:1:6	대사	80	I DON'T WANT TO KNOW!	
03021	1381:1:8	대사	80	THIS SOUNDS LIKE A JOB FOR KAZOOIE...	
03022	1382:0:0	대사	03:2C	HEY THERE, KAZOOIE.	
03023	1382:0:3	대사	03:2C	WELL, GRUNTY RIPPED ME OUT OF HER MANSION AND STUCK ME IN HERE.	
03024	1382:0:4	대사	03:2C	BOY, YOU SHOULD SEE THE MESS SOME OF THOSE WORKERS MAKE...	
03025	1382:0:7	대사	03:2C	ANYWAY, SOMEONE THOUGHT IT FUNNY TO FILL ME FULL OF PAPER.	
03026	1382:0:8	대사	03:2C	I REALLY NEED UNBLOCKING, IF YOU WOULDN'T MIND...	
03027	1382:1:2	대사	80	LOGGO!	
03028	1382:1:3	대사	81	WHAT'S A FOUL-BREATH TOILET LIKE YOU DOING IN A PLACE LIKE THIS?	
03029	1382:1:6	대사	81	I DON'T WANT TO KNOW!	
03030	1382:1:8	대사	81	I DO, ACTUALLY.	
03031	1383:0:0	대사	03:2C	I'M ALL BLOCKED UP...	
03032	1383:0:1	대사	03:2C	HELP!	
03033	1383:0:4	대사	03:2C	I DON'T THINK HE ACTUALLY DOES THAT KIND OF WORK ANYMORE...	
03034	1383:1:2	대사	80	THEN CALL A PLUMBER.	
03035	1383:1:3	대사	80	I THINK MARIO'S FREE AT THE MOMENT.	
03036	1384:0:1	대사	03:34	YOU MAY USE IT TO GET BACK OUT. I STASHED MY JIGGY BEHIND THE GIANT FAN FOR SAFEKEEPING, BUT THERE'S NOTHING TO STOP YOU FROM REACHING IT NOW...	
03037	1384:0:2	대사	03:34	DOH! WHEN WILL I LEARN TO KEEP MY BIG MOUTH SHUT?	
03038	1384:1:1	대사	81	IS THAT ALL WE GET? YOU GOTTA BE KIDDING!	
03039	1385:0:0	대사	03:22	WELCOME BACK TO THE TWINKLY PACKING CHALLENGE!	
03040	1385:0:1	대사	03:22	THE CURRENT PACKING HI SCORE IS ~ POINTS.	
03041	1385:0:3	대사	03:22	WOULD YOU LIKE A REMINDER OF THE RULES?	
03042	13CA:0:0	대사	03:28	HEY, YOUNG MAN!	
03043	13CA:0:1	대사	03:28	I'M GEORGE ICE CUBE, STUCK UP HERE AT THIS PERILOUS ALTITUDE.	
03044	13CA:0:3	대사	03:28	I WAS OUT WALKING ON THE ICY SIDE OF HAILFIRE PEAKS WITH MY WIFE MILDRED, WHEN A HUGE BLIZZARD CAME ALONG AND BLEW ME AWAY!	
03045	13CA:0:5	대사	03:28	I'M AFRAID OF HEIGHTS.	
03046	13CA:0:6	대사	03:28	NOW, I RECKON I'M ABOVE THE ICY SIDE, SO IF YOU COULD JUST GIVE A LITTLE PUSH...	
03047	13CA:1:1	대사	80	WHAT HAPPENED, GEORGE?	
03048	13CA:1:3	대사	81	WHY NOT STAY UP HERE?	
03049	13CA:1:4	대사	80	LOVELY VIEW.	
03050	13CB:0:0	대사	03:28	PLEASE GIVE ME A NUDGE OVER THE EDGE.	
03051	13CB:0:1	대사	03:28	HOW I LONG TO SEE MY WIFE ON THE ICY SIDE OF HAILFIRE PEAKS AGAIN...	
03052	13CC:0:0	대사	03:28	NOOOOO!	
03053	13CC:0:1	대사	03:28	WRONG SIDE!	
03054	13CC:0:2	대사	03:28	TELL MILDRED I LOVE H...	
03055	13CD:0:0	대사	96	WELCOME!	
03056	13CD:0:1	대사	96	YOU'RE IN MY FABLED POT O' GOLD SHOOTING CHALLENGE.	
03057	13CD:0:2	대사	96	TO WIN AN ILL-DESERVED PRIZE, YOU MUST HIT AT LEAST ~ JIGGIES IN ~ SECONDS.	
03058	13CD:0:4	대사	96	IF YOU MANAGE TO BEAT ~, I WILL GIVE YOU AN EXTRA PRIZE.	
03059	13CD:0:6	대사	96	I RECKON YOU WON'T EVEN HIT 20.	
03060	13CD:0:7	대사	96	FANCY A GO?	
03061	13CE:0:0	대사	96	THIS DIALOG IS NOT USED ANYMORE REMOVE.	
03062	13CF:0:0	대사	96	REMEMBER, ~ JIGGIES IN ~ SECONDS WINS YOU SECOND PRIZE!	
03063	13CF:0:2	대사	96	~ JIGGIES WINS YOU FIRST PRIZE AS WELL.	
03064	13CF:0:4	대사	96	HOW ABOUT ANOTHER FEEBLE ATTEMPT?	
03065	13D0:0:0	대사	96	NOW LET'S SEE YOU HIT ~ JIGGIES IN ~ SECONDS TO WIN FIRST PRIZE.	
03066	13D0:0:2	대사	96	HOW ABOUT IT?	
03067	13D1:0:0	대사	96	YOU MIGHT HAVE WON ALL MY PRIZES, BUT I BET YOU CAN'T HIT ALL 100!	
03068	13D1:0:1	대사	96	GIVE IT A TRY?	
03069	13D2:0:0	대사	96	YOU HIT ~ JIGGIES.	
03070	13D2:0:2	대사	96	I'M PLEASED TO ANNOUNCE THAT WINS YOU ABSOLUTELY NOTHING!	
03071	13D3:0:0	대사	96	OOOOH, YOU LUCKY FLEABAG!	
03072	13D3:0:1	대사	96	YOU HIT ~ JIGGIES, WHICH WINS YOU SECOND PRIZE!	
03073	13D4:0:0	대사	96	DID YOU CHEAT?	
03074	13D4:0:1	대사	96	YES, YOU MUST HAVE!	
03075	13D4:0:2	대사	96	YOU SOMEHOW HIT ~ JIGGIES AND WIN FIRST AND SECOND PRIZES AT ONCE!	
03076	13D5:0:0	대사	96	~ JIGGIES THIS TIME.	
03077	13D5:0:2	대사	96	SO SAD.	
03078	13D5:0:3	대사	96	YOU'LL NEVER WIN THE FIRST PRIZE!	
03079	13D6:0:0	대사	96	OH NOOOO...	
03080	13D6:0:1	대사	96	I KNEW IT WAS TOO EASY!	
03081	13D6:0:2	대사	96	YOU HIT ~ JIGGIES AND WIN MY GOLDEN FIRST PRIZE!	
03082	13D7:0:0	대사	96	YOU HIT ~ JIGGIES THAT TIME.	
03083	13D7:0:2	대사	96	PATHETIC.	
03084	13D7:0:3	대사	96	NOWHERE NEAR THE BEST SCORE OF ~.	
03085	13D8:0:0	대사	96	MMM...NOT BAD.	
03086	13D8:0:1	대사	96	YOU HIT A NEW BEST SCORE OF ~, BEATING THE PREVIOUS USELESS BEST SCORE OF ~.	
03087	13D9:0:0	대사	96	SO CLOSE!	
03088	13D9:0:1	대사	96	YOU EQUALLED THE RUBBISH BEST SCORE OF ~.	
03089	13DA:0:0	대사	96	HAVE YOU HAD ENOUGH, YOU PATHETIC BEAR, OR DO YOU WANT TO TRY AGAIN?	
03090	13DB:0:0	대사	DD	GREETINGS, FLESHY ONES!	
03091	13DB:0:2	대사	DD	CORRECT.	
03092	13DB:0:3	대사	DD	I'M A SUPER STASH DELUXE, FOUR-DIGIT, INFINITE-COMBINATION REINFORCED STRONGBOX.	
03093	13DB:0:5	대사	DD	HEY, NO ONE LIKES A WISE GUY.	
03094	13DB:0:6	대사	DD	IT'S ENOUGH UP HERE.	
03095	13DB:0:8	대사	DD	OH, THAT MIGHT BE A PROBLEM. I SEEM TO HAVE FORGOTTEN MY OWN COMBINATION.	
03096	13DB:0:10	대사	DD	I KNOW.	
03097	13DB:0:11	대사	DD	SORRY, FLESHY ONES.	
03098	13DB:0:12	대사	DD	BUT IF YOU CAN FIND THE COMBINATION, I'LL GLADLY OPEN UP!	
03099	13DB:1:1	대사	80	WOW, A TALKING SAFE!	
03100	13DB:1:3	대사	81	BUT FOUR DIGITS ONLY GIVES YOU 10,000 COMBINATIONS!	
03101	13DB:1:5	대사	80	LET'S HAVE A LOOK INSIDE THEN.	
03102	13DB:1:7	대사	81	PERHAPS THEY SHOULD HAVE SPENT A LITTLE MORE ON YOUR INTELLIGENCE CHIP...	
03103	13DC:0:0	대사	DD	REMEMBER, FLESHY ONES, IF YOU CAN FIND MY COMBINATION, YOU'RE WELCOME TO ANYTHING THAT'S INSIDE ME!	
03104	13DD:0:0	대사	DD	OH YEAH, 1984!	
03105	13DD:0:1	대사	DD	I SHOULD'VE REMEMBERED THAT. IT'S A REAL RARE DATE.	
03106	13DE:0:0	대사	DE	I THINK PLAYER ~ WON WITH A SCORE OF ~!	
03107	13DF:0:0	대사	DE	I LOST COUNT.	
03108	13DF:0:1	대사	DE	WE'LL CALL THAT ONE A DRAW.	
03109	13E0:0:0	대사	DF	FANCY A LITTLE PHYSICAL EXERCISE, FURBALL?	
03110	13E0:0:2	대사	DF	RIGHT.	
03111	13E0:0:3	대사	DF	I'M MR. FIT AND I'M REALLY FIT, I AM.	
03112	13E0:0:4	대사	DF	SO FIT, IN FACT, THAT IF YOU CAN BEAT ME IN THREE EVENTS, I'LL GIVE YOU MY FITNESS GOLD MEDAL!	
03113	13E0:0:7	대사	DF	IT IS, ACTUALLY.	
03114	13E0:0:8	대사	DF	AS YOU CAN PROBABLY SEE, EVENT 1 IS THE HIGH JUMP.	
03115	13E0:0:9	대사	DF	THE BAR'S SET AT MY BEST HEIGHT.	
03116	13E0:0:10	대사	DF	ALL YOU NEED TO DO IS JUMP OVER IT TO WIN!	
03117	13E0:1:1	대사	80	NOT REALLY.	
03118	13E0:1:3	대사	81	YES YOU DO, BANJO.	
03119	13E0:1:6	대사	81	THAT'S NICE.	
03120	13E1:0:0	대사	DF	C'MON, FURBALL, LET'S SEE YOU JUMP OVER THAT BAR!	
03121	13E2:0:0	대사	DF	H-HOW DID YOU DO THAT?!	
03122	13E2:0:1	대사	DF	NEVER MIND.	
03123	13E2:0:2	대사	DF	WE'LL MOVE ON TO EVENT 2 WHEN YOU FIND ME.	
03124	13E3:0:0	대사	DF	AH, THERE YOU ARE, FURBALL.	
03125	13E3:0:1	대사	DF	EVENT 2 IS THE SACK RACE.	
03126	13E3:0:2	대사	DF	FIND A SACK FROM SOMEWHERE AND RACE ME TO THE FINISH LINE.	
03127	13E4:0:0	대사	DF	C'MON, FURBALL, GRAB A SACK AND LET'S RACE!	
03128	13E5:0:0	대사	DF	READY?	
03129	13E5:0:1	대사	DF	3...	
03130	13E5:0:2	대사	DF	2...	
03131	13E5:0:3	대사	DF	1...	
03132	13E5:0:4	대사	DF	GO!	
03133	13E6:0:0	대사	DF	W-WHAT?	
03134	13E6:0:1	대사	DF	YOU MUST HAVE CHEATED!	
03135	13E6:0:3	대사	DF	YOU AIN'T WON YET, FURBALL.	
03136	13E6:0:5	대사	DF	SEE YOU AROUND FOR EVENT 3.	
03137	13E7:0:0	대사	DF	AS I THOUGHT.	
03138	13E7:0:1	대사	DF	A PREDICTABLY EASY VICTORY FOR MR. FIT.	
03139	13E7:0:2	대사	DF	HOW ABOUT ANOTHER RACE?	
03140	13E8:0:0	대사	DF	I CAN'T HIDE FROM YOU, CAN I, FURBALL?	
03141	13E8:0:1	대사	DF	EVENT 3 IS THE LAST ONE, INVOLVING A SPRINT RACE TO THE FINISH LINE AND THE GOLD MEDAL!	
03142	13E8:0:2	대사	DF	FANCY YOUR CHANCES?	
03143	13E9:0:0	대사	DF	EVENT 3 IS THE SPRINT RACE.	
03144	13E9:0:1	대사	DF	PUT ON YOUR RUNNING SHOES AND RACE ME TO THE FINISH LINE!	
03145	13E9:0:2	대사	DF	FANCY YOUR CHANCES?	
03146	13EA:0:0	대사	DF	READY?	
03147	13EA:0:1	대사	DF	3...	
03148	13EA:0:2	대사	DF	2...	
03149	13EA:0:3	대사	DF	1...	
03150	13EA:0:4	대사	DF	GO!	
03151	13EB:0:0	대사	DF	I-I LOST...	
03152	13EB:0:1	대사	DF	I CAN'T BELIEVE I WAS BEATEN BY A BAG OF FEATHERS...	
03153	13EB:0:2	대사	DF	TAKE MY MEDAL - I'M OFF TO THE GYM TO TRAIN FOR NEXT SEASON...	
03154	13EC:0:0	대사	DF	NO NEED FOR A PHOTO FINISH THERE.	
03155	13EC:0:1	대사	DF	MR. FIT IS STILL THE CHAMPION!	
03156	13EC:0:2	대사	DF	HOW ABOUT A REMATCH?	
03157	13ED:0:0	대사	DE	READY?	
03158	13ED:0:1	대사	DE	3...	
03159	13ED:0:2	대사	DE	2...	
03160	13ED:0:3	대사	DE	1...	
03161	13ED:0:4	대사	DE	GO!	
03162	13EE:0:0	대사	DE	A VISITOR!	
03163	13EE:0:2	대사	DE	GUFFO DOESN'T GET MANY VISITORS IN HIS TRASH CAN.	
03164	13EE:0:4	대사	DE	I PREFER TO THINK OF IT AS AN ACQUIRED AROMA.	
03165	13EE:0:5	대사	DE	PERHAPS YOU CAN HELP ME.	
03166	13EE:0:6	대사	DE	I'M FACING EVICTION FROM MY TRASH CAN BY THE HEALTH AND HYGIENE DEPARTMENT UNLESS I CLEAN THE PLACE UP!	
03167	13EE:0:7	대사	DE	SHALL I TELL YOU ABOUT THE PROBLEM?	
03168	13EE:1:1	대사	81	I'M NOT SURPRISED.	
03169	13EE:1:2	대사	81	IT STINKS!	
03170	13EF:0:0	대사	DE	PLEASE KILL ~ POINTS WORTH OF GERMS OR I'LL BE EVICTED!	
03171	13EF:0:3	대사	DE	WILL YOU HELP ME?	
03172	13F0:0:0	대사	DE	MY HOME IS SAFE NOW, BUT YOU CAN KILL MORE GERMS TO TRY AND BEAT THE HIGH SCORE OF ~.	
03173	13F0:0:3	대사	DE	WANNA TRY?	
03174	13F1:0:0	대사	DE	IT'S THESE FILTHY GERMS THAT LIVE IN HERE.	
03175	13F1:0:2	대사	DE	I'VE BEEN TOLD TO GET RID OF ~ POINTS WORTH!	
03176	13F1:0:5	대사	DE	KILLING A RED GERM SCORES 1 POINT...	
03177	13F1:0:7	대사	DE	GREEN ONES ARE WORTH 2...	
03178	13F1:0:9	대사	DE	AND THESE NASTY BLUE GERMS GET YOU 3 POINTS.	
03179	13F1:0:11	대사	DE	WILL YOU GIVE IT A TRY?	
03180	13F2:0:0	대사	DE	WILL YOU HELP ME BY KILLING ~ POINTS WORTH OF GERMS?	
03181	13F3:0:1	대사	DE	SNIFF!	
03182	13F3:0:2	대사	DE	WELL, IT'S BEEN A GREAT HOME. I'LL BE SORRY TO BE THROWN OUT.	
03183	13F3:1:1	대사	81	NOPE.	
03184	13F4:0:0	대사	DE	YOU'VE GOT ~ SECONDS TO KILL ~ POINTS WORTH OF GERMS!	
03185	13F4:0:2	대사	DE	READY?	
03186	13F4:0:3	대사	DE	3...	
03187	13F4:0:4	대사	DE	2...	
03188	13F4:0:5	대사	DE	1...	
03189	13F4:0:6	대사	DE	GO!	
03190	13F5:0:0	대사	DE	YOU'VE GOT ~ SECONDS TO BEAT THE BEST SCORE OF ~.	
03191	13F5:0:2	대사	DE	READY?	
03192	13F5:0:3	대사	DE	3...	
03193	13F5:0:4	대사	DE	2...	
03194	13F5:0:5	대사	DE	1...	
03195	13F5:0:6	대사	DE	GO!	
03196	13F6:0:0	대사	DE	YOU KILLED ~ POINTS WORTH.	
03197	13F6:0:2	대사	DE	IT'S NOT ENOUGH, I'M AFRAID...	
03198	13F7:0:0	대사	DE	GREAT, YOU KILLED ~ POINTS WORTH!	
03199	13F7:0:2	대사	DE	I GET TO KEEP MY LOVELY TRASH CAN, AND YOU GET TO KEEP THIS...	
03200	13F8:0:0	대사	DE	YOU KILLED ~ POINTS WORTH.	
03201	13F8:0:2	대사	DE	BUT I'M AFRAID THE BEST SCORE IS ~!	
03202	13F9:0:0	대사	DE	SO CLOSE!	
03203	13F9:0:1	대사	DE	YOU KILLED ~ POINTS WORTH, WHICH EQUALS THE BEST SCORE!	
03204	13FA:0:0	대사	DE	WOW!	
03205	13FA:0:1	대사	DE	YOU JUST KILLED ~ POINTS WORTH AND SET A NEW BEST SCORE!	
03206	13FB:0:0	대사	DE	I DON'T WANT TO BE EVICTED.	
03207	13FB:0:1	대사	DE	PLEASE TRY AGAIN?	
03208	13FC:0:0	대사	DE	FANCY TRYING FOR A NEW GERM BEST SCORE?	
03209	13FD:0:0	대사	DE	SEE YOU LATER.	
03210	13FD:0:1	대사	DE	TELL ALL YOUR FRIENDS THEY'RE WELCOME TO VISIT!	
03211	13FE:0:0	대사	DE	HEY!	
03212	13FE:0:1	대사	DE	I DIDN'T SEE YOU COME IN THROUGH THE FRONT DOOR!	
03213	13FE:0:2	대사	DE	PLEASE LEAVE AND ENTER PROPERLY LIKE EVERYONE ELSE.	
03214	13FF:0:0	대사	DE	WOE IS ME...	
03215	13FF:0:1	대사	DE	I'M GONNA BE HOMELESS SOON...	
03216	1400:0:0	대사	DE	IF ONLY SOMEONE COULD SORT THOSE GERMS OUT...	
03217	1401:0:0	대사	DE	HEY!	
03218	1401:0:1	대사	DE	STOP MESSING ABOUT AND KILL THOSE GERMS!	
03219	1402:0:0	대사	DE	MY HOME IS AT STAKE!	
03220	1402:0:1	대사	DE	GET RID OF THE GERMS NOW!	
03221	1403:0:0	대사	DE	YOU NEED SOME ADVICE?	
03222	1403:0:1	대사	DE	KILL THE GERMS!	
03223	1404:0:0	대사	DE	WHY ARE YOU TALKING TO ME?	
03224	1405:0:0	대사	03:18	GREETINGZZZ!	
03225	1405:0:1	대사	03:18	AZZZ YOU CAN ZZZEE, WE ZZZUBBAS HAVE A NEW NEZZZT!	
03226	1405:0:2	대사	03:18	TO CELEBRATE, WE'VE ARRANGED A LITTLE ZZZHOOTING GAME!	
03227	1405:0:3	대사	03:18	IF YOU ZZZCORE ~ POINTZZZ OR MORE, WE'LL GIVE YOU A PRIZZZE.	
03228	1405:0:5	대사	03:18	MANAGE TO BEAT ~ POINTZZZ, THEN THERE'ZZZ AN EXTRA ZZZPECIAL PRIZZZE FOR YOU!	
03229	1406:0:0	대사	03:18	GREETINGZZZ!	
03230	1406:0:1	대사	03:18	I ZZZEE YOU ARE BACK TO PLAY OUR LITTLE ZZZHOOTING GAME!	
03231	1406:0:2	대사	03:18	THERE'ZZZ ZZZTILL A PRIZZZE TO BE HAD IN HERE IF YOU CAN ZZZSCORE ~ POINTS OR MORE!	
03232	1407:0:0	대사	03:18	GREETINGZZZ!	
03233	1407:0:1	대사	03:18	I ZZZEE YOU ARE BACK TO PLAY OUR LITTLE ZZZHOOTING GAME!	
03234	1407:0:2	대사	03:18	ALL THE ZZZTUFF IZZZ GONE, BUT YOU CAN JUZZZT BLAZZZT UZZZ FOR FUN!	
03235	1408:0:0	대사	03:18	DO YOU NEED ANY INZZZTRUCTIONZZZ?	
03236	1409:0:0	대사	03:18	IT'S REALLY EAZZZY.	
03237	1409:0:1	대사	03:18	JUST ZZZHOOT MY FRIENDZZZ AZZZ THEY FLY AROUND.	
03238	1409:0:2	대사	03:18	TRY TO ZZZCORE AS MANY POINTZZZ AZZZ YOU CAN WITHIN ~ ZZZECONDZZZ.	
03239	1409:0:5	대사	03:18	BLUE ONEZZZ ARE WORTH 3 POINTZZZ...	
03240	1409:0:7	대사	03:18	GREEN ONEZZZ ZZZCORE 2 POINTZZZ...	
03241	1409:0:9	대사	03:18	...AND RED ONEZZZ JUZZZT 1 POINT!	
03242	140A:0:0	대사	03:18	NICE ZZZHOOTING!	
03243	140A:0:1	대사	03:18	YOU ZZZCORED ENOUGH TO WIN ZZZECOND PRIZZZE!	
03244	140B:0:0	대사	03:18	AMAZZZING!	
03245	140B:0:1	대사	03:18	YOU ALZZZO GOT ENOUGH TO WIN THE FIRZZZT PRIZZZE TOO!	
03246	140C:0:0	대사	03:18	CONGRATULATIONZZZ!	
03247	140C:0:1	대사	03:18	YOU BLAZZZTED ENOUGH OF UZZZ TO WIN FIRZZZT PRIZZZE!	
03248	140D:0:0	대사	03:18	WELL DONE!	
03249	140D:0:1	대사	03:18	YOUR NEW BEZZZT ZZZCORE IS ~ POINTZZZ!	
03250	140E:0:0	대사	03:18	NOT BAD!	
03251	140E:0:1	대사	03:18	YOU ZZZCORED ~ POINTZZZ, WHICH WINZZZ YOU NOTHING.	
03252	140F:0:0	대사	03:18	HARD LUCK! YOU ONLY ZZZSCORED ~ POINTZZZ.	
03253	140F:0:2	대사	03:18	YOUR BEZZZT ZZZCORE IZZZ ZZZTILL ~ POINTZZZ.	
03254	1410:0:0	대사	03:18	RUBBIZZZH!	
03255	1410:0:1	대사	03:18	YOU DIDN'T ZZZCORE ANY POINTZZZ AT ALL.	
03256	1411:0:0	대사	DF	C'MON, FURBALL, GRAB A SACK AND LET'S RACE!	
03257	1412:0:0	대사	DF	I DON'T BLAME YOU.	
03258	1412:0:2	대사	DF	I'M FAR TOO MUCH OF AN ATHLETE FOR YOU!	
03259	1413:0:0	대사	DF	I THOUGHT AS MUCH.	
03260	1413:0:2	대사	DF	SCARED TO CHALLENGE MR. FIT AGAIN, HUH?	
03261	1414:0:0	대사	DF	INTIMIDATED BY MY PHYSIQUE?	
03262	1414:0:2	대사	DF	IT TOOK ME YEARS OF TRAINING TO LOOK LIKE THIS!	
03263	1415:0:0	대사	DF	I UNDERSTAND.	
03264	1415:0:2	대사	DF	NOT EVERYONE IS IN AS GOOD SHAPE AS I AM!	
03265	1416:0:0	대사	03:18	NOW ZZZHOOT THIZZZ LOTZZZ OF TIMEZZZ!	
03266	1417:0:0	대사	03:18	GOOD ZZZHOT!	
03267	1417:0:1	대사	03:18	BUT ONLY ZZZTINGY ONEZZZ CAN ENTER OUR HIVE...	
03268	1418:0:0	대사	03:18	NICE ZZZHOOTING!	
03269	1418:0:1	대사	03:18	WHY NOT COME INZZZIDE?	
03270	1419:0:0	대사	03:18	YOUR ZZZHOOTING IZZZ NOT GOOD ENOUGH...	
03271	141A:0:0	대사	96	SOMEONE'S IN THE AIR!	
03272	141A:0:1	대사	96	DEFEND YOUR JIGGY AT ALL COSTS!	
03273	141B:0:0	대사	96	QUICK, YOU FOOL, PASS THE JIGGY ON...	
03274	141C:0:0	대사	96	MY RARE EYEBALLUS JIGGIUM PLANTS... YOU'VE KILLED THEM ALL...	
03275	141D:0:0	대사	96	GET LOST THEN.	
03276	141D:0:1	대사	96	THIS GAME'S TOO GOOD FOR YOU ANYWAY!	
03277	141E:0:0	대사	96	I KNEW YOU WOULDN'T DO IT!	
03278	141E:0:1	대사	96	YOU ONLY HIT ~ JIGGIES OUT OF 100...	
03279	141F:0:0	대사	96	YOU TOOK ~ SECONDS.	
03280	141F:0:2	대사	96	THE RECORD IS ~ SECONDS.	
03281	141F:0:4	대사	96	IN MY BOOK THAT MAKES YOU A FAILURE.	
03282	1420:0:0	대사	96	WELL, YOU TOOK ~ SECONDS, BUT THE RECORD WAS ALREADY ~ SECONDS.	
03283	1420:0:2	대사	96	USELESS!	
03284	1421:0:0	대사	96	I'M SLIGHTLY IMPRESSED!	
03285	1421:0:1	대사	96	YOU ONLY TOOK ~ SECONDS, WHICH BEATS THE OLD RECORD OF ~ SECONDS.	
03286	1422:0:0	대사	96	REASONABLE.	
03287	1422:0:1	대사	96	YOU HIT 100 IN ONLY ~ SECONDS.	
03288	1422:0:3	대사	96	NOW THAT'S THE TIME TO BEAT...	
03289	1423:0:0	대사	96	HEY, HOW DID YOU MANAGE TO HIT 100 IN ~ SECONDS?	
03290	1423:0:2	대사	96	TAKE MY FIRST PRIZE, BUT I SMELL A RAT HERE...	
03291	1424:0:0	대사	96	WHAT'S GOING ON!?	
03292	1424:0:1	대사	96	HOW ON EARTH DID YOU MANAGE TO HIT ALL 100 IN ~ SECONDS?	
03293	1424:0:3	대사	96	TAKE THESE PRIZES, BUT THERE'LL BE TROUBLE IF I FIND OUT YOU CHEATED...	
03294	1425:0:0	대사	96	PAH!	
03295	1425:0:1	대사	96	YOU MAY HAVE HIT ALL 100, BUT CAN YOU DO IT FASTER THAN THE RECORD OF ~ SECONDS?	
03296	1425:0:3	대사	96	HOW ABOUT IT?	
03297	1426:0:1	대사	AA	THAT'S ME!	
03298	1426:0:2	대사	AA	NOW HOW ABOUT ANOTHER RACE?	
03299	1426:0:4	대사	AA	DON'T WORRY. YOU CAN USE THIS CLOCKWORK MOUSE I'VE FOUND INSTEAD.	
03300	1426:0:6	대사	AA	OH YES.	
03301	1426:0:7	대사	AA	GO ON, JUMP ON BOARD AND PRESS {87} AS FAST AS YOU CAN TO POWER THE MOUSE ALONG.	
03302	1426:1:0	대사	81	HEY, BANJO, IT'S THAT CRAZY CANARY WOMAN AGAIN!	
03303	1426:1:2	대사	80	BUT THE HANDCART'S STILL DOWN IN THE MINE...	
03304	1426:1:4	대사	81	CLOCKWORK MOUSE?	
03305	1426:1:5	대사	81	ARE YOU MAD?	
03306	1427:0:0	대사	AA	HOP ON THE MOUSE TO RACE.	
03307	1427:0:1	대사	AA	PRESS {87} AS FAST AS YOU CAN TO POWER IT ALONG.	
03308	1428:0:0	대사	AA	WOOHOO!	
03309	1428:0:1	대사	AA	LOOKS LIKE I'M STILL QUEEN OF THE CLOUDS!	
03310	1428:0:2	대사	AA	BUT WHY NOT TRY AGAIN BY JUMPING ON THE MOUSE?	
03311	1429:0:0	대사	AA	TOO SLOW!	
03312	1429:0:1	대사	AA	I THINK WE'LL START AGAIN...	
03313	142A:0:0	대사	AA	YOU BEAT ME AGAIN!	
03314	142A:0:2	대사	AA	OH NO, YOU DIDN'T!	
03315	142A:0:3	대사	AA	LOOK WHAT I FOUND UP HERE...	
03316	142A:1:1	대사	81	YEP.	
03317	142A:1:2	대사	81	THE USUAL PRIZE WILL SUFFICE...	
03318	142A:1:3	대사	80	DON'T BE GREEDY, KAZOOIE.	
03319	142A:1:4	대사	80	WE WON ALL HER POSSESSIONS IN THE MINE.	
03320	142B:0:0	대사	AA	I ALSO FOUND ANOTHER PAPERY THING.	
03321	142B:0:1	대사	AA	HOP ON THE MOUSE IF YOU WANT TO TRY AND WIN IT...	
03322	142C:0:0	대사	AA	WOOHOO!	
03323	142C:0:1	대사	AA	THIS OLD BIRD SURE CAN STILL FLY.	
03324	142C:0:2	대사	AA	HOP ON THE MOUSE FOR A REMATCH...	
03325	142D:0:0	대사	AA	WHERE ARE YOU?	
03326	142D:0:1	대사	AA	PERHAPS WE'D BETTER START AGAIN...	
03327	142E:0:0	대사	AA	DID I LOSE?	
03328	142E:0:2	대사	AA	MY LAST POSSESSION...	
03329	142E:1:1	대사	81	SURE DID, LADY.	
03330	142E:1:2	대사	81	NOW HAND OVER THAT PAPERY THING!	
03331	142F:0:0	대사	AA	WELL, THAT'S IT THEN.	
03332	142F:0:1	대사	AA	I RECKON I'LL BE OFF FOR MY DINNER.	
03333	142F:0:3	대사	AA	A NICE WORM SANDWICH AND A TASTY BAG OF MILLET.	
03334	142F:0:5	대사	AA	WELL... NO.	
03335	142F:0:6	대사	AA	YOU'D PROBABLY WIN AND THEN I'D GO HUNGRY.	
03336	142F:0:7	대사	AA	SEE YOU AROUND, FELLOW BIRD AND BEAR BUDDY!	
03337	142F:1:1	대사	80	WHAT ARE YOU HAVING?	
03338	142F:1:3	대사	81	MMM... SOUNDS GOOD.	
03339	142F:1:4	대사	81	HOW ABOUT A THIRD RACE TO LET US TRY AND WIN YOUR DINNER?	
03340	1430:1:0	대사	80	I'VE FOUND A STRANGE-LOOKING SEED!	
03341	1430:1:1	대사	81	IS IT EDIBLE?	
03342	1431:0:0	대사	E3	WOW! THAT'S A RARE FLOATUS FLOATIUM CREATURE, IF I'M NOT MISTAKEN.	
03343	1432:0:0	대사	E3	FLOATERS CAN'T SPEAK, BUT I'M SURE THEIR LIGHTER-THAN-AIR ABILITY IS USEFUL FOR SOMETHING...	
03344	1433:0:0	대사	E3	FLOATERS CAN'T SPEAK, BUT I'M SURE THEIR LIGHTER-THAN-AIR ABILITY IS USEFUL FOR SOMETHING...	
03345	1434:0:0	대사	DF	I SEE YOU HAVE A SACK, FURBALL.	
03346	1434:0:2	대사	DF	FANCY A LITTLE RACE ACROSS THIS THORNY COURSE?	
03347	1435:0:0	대사	DF	BACK AGAIN, HUH?	
03348	1435:0:2	대사	DF	READY FOR ANOTHER HOP?	
03349	1436:0:0	대사	AA	HOP ON THE MOUSE TO RACE AGAIN.	
03350	1437:0:0	대사	DF	I SEE YOU HAVE YOUR RUNNING SHOES ON.	
03351	1437:0:2	대사	DF	DO YOU THINK YOU CAN BEAT ME TO THE FINISH LINE AND THE GOLD MEDAL?	
03352	1438:0:0	대사	96	THIS IS STILL MY POT O' GOLD GAME.	
03353	1438:0:1	대사	96	JUST SHOOT LOADS OF JIGGIES REALLY QUICK.	
03354	1438:0:2	대사	96	I'LL GIVE YOU ~ SECONDS TO BEAT THE PATHETIC HIGH SCORE OF ~.	
03355	1439:0:0	대사	96	I'LL LET YOU HAVE ABOUT ~ SECONDS TO SHOOT ALL THE JIGGIES.	
03356	1439:0:2	대사	96	BUT, REALLY, THE AIM OF THIS GAME IS TO SHOOT ALL 100 IN LESS THAN ~ SECONDS, BEATING THE RECORD.	
03357	143A:0:0	대사	96	PAH!	
03358	143A:0:1	대사	96	YOU ONLY SHOT ~ JIGGIES, AND NOT QUICK ENOUGH EITHER!	
03359	143B:0:0	대사	96	WELL, YOU FINISHED IN ~ SECONDS, BUT PREDICTABLY NOT AS QUICK AS THE BEST OF ~.	
03360	143C:0:0	대사	96	MMM...REASONABLE.	
03361	143C:0:1	대사	96	YOU COMPLETED THE GAME IN ~ SECONDS AND EQUALLED THE FASTEST TIME.	
03362	143D:0:0	대사	96	ABOUT TIME!	
03363	143D:0:1	대사	96	YOU COMPLETED THE TASK IN ~ SECONDS, BEATING THE PREVIOUS EFFORT OF ~!	
03364	143E:0:0	대사	96	OKAY...	
03365	143E:0:1	대사	96	YOU SHOT ALL 100 IN ~ SECONDS, SO NOW ALL YOU CAN DO IS TRY AND DO IT FASTER.	
03366	143F:0:0	대사	96	YOU MANAGED ~ JIGGIES, WHICH AIN'T GOING TO BEAT THE RECORD OF ~.	
03367	1440:0:0	대사	96	I RECKON YOU BLASTED ~ JIGGIES, WHICH EQUALS THE PALTRY RECORD.	
03368	1441:0:0	대사	96	WELL, WELL...	
03369	1441:0:1	대사	96	~ JIGGIES WERE HIT, BEATING THE RECORD OF ~!	
03370	1442:0:0	대사	96	HOW ABOUT ANOTHER GO?	
03371	1443:0:0	대사	DE	WELCOME TO GUFFO'S LUXURY TRASH CAN.	
03372	1443:0:1	대사	DE	I'M SAFE FROM EVICTION NOW, BUT YOU CAN STILL PLAY FOR FUN.	
03373	1443:0:2	대사	DE	DO YOU NEED ANY ADVICE?	
03374	1444:0:0	대사	DE	YOU'VE GOT ~ SECONDS TO BEAT ~!	
03375	1444:0:2	대사	DE	READY?	
03376	1444:0:3	대사	DE	3...	
03377	1444:0:4	대사	DE	2...	
03378	1444:0:5	대사	DE	1...	
03379	1444:0:6	대사	DE	GO!	
03380	1445:0:0	대사	DE	OH DEAR.	
03381	1445:0:1	대사	DE	ONLY ~ POINTS THIS TIME, NOT ENOUGH TO BEAT THE HIGH SCORE OF ~.	
03382	1446:0:0	대사	DE	SO CLOSE!	
03383	1446:0:1	대사	DE	YOU GOT ~ POINTS, WHICH EQUALS THE HIGH SCORE!	
03384	1447:0:0	대사	DE	WOW!	
03385	1447:0:1	대사	DE	THAT SCORE OF ~ POINTS IS NOW A NEW RECORD!	
03386	1448:0:0	대사	DE	HOW ABOUT ANOTHER GO?	
03387	1449:0:0	대사	03:18	GREETINGZZZ!	
03388	1449:0:1	대사	03:18	ZZZCORE ~ POINTZZZ TO WIN ZZZECOND PRIZZZE OR ~ FOR FIRZZZT.	
03389	144A:0:0	대사	03:18	LIZZZTEN...	
03390	144A:0:1	대사	03:18	ZZZSCORE ~ POINTZZZ OR MORE TO WIN A PRIZZZE!	
03391	144B:0:0	대사	03:18	YOU AGAIN!	
03392	144B:0:1	대사	03:18	ALL THE ZZZTUFF IZZZ GONE, BUT BLAZZZT UZZZ FOR FUN!	
03393	144C:0:0	대사	03:18	RUBBIZZZH!	
03394	144C:0:1	대사	03:18	YOU ZZZCORED ~ POINT, WHICH WINZZZ YOU NOTHING.	
03395	144D:0:0	대사	03:18	GREETINGZZZ!	
03396	144D:0:1	대사	03:18	I ZZZEE YOU ARE BACK TO PLAY OUR LITTLE ZZZHOOTING GAME!	
03397	144D:0:2	대사	03:18	THE BEZZZT ZZZCORE ZZZO FAR IZZZ ~ POINTZZZ.	
03398	144E:0:0	대사	03:18	CONGRATULATIONZZZ!	
03399	144E:0:1	대사	03:18	YOU MANAGED TO GET A NEW BEZZZT ZZZCORE OF ~ POINTZZZ.	
03400	144F:0:0	대사	03:18	NOT BAD!	
03401	144F:0:1	대사	03:18	YOU MANAGED TO EQUAL THE BEZZZT ZZZCORE OF ~ POINTZZZ.	
03402	1450:0:0	대사	03:18	RUBBIZZZH!	
03403	1450:0:1	대사	03:18	YOU ONLY ZZZCORED ~ POINTZZZ, WHICH DIDN'T BEAT THE BEZZZT ZZZCORE OF ~ POINTZZZ.	
03404	1451:0:0	대사	DE	I'LL GIVE YOU ~ SECONDS TO EXTERMINATE AS MANY FILTHY, HORRIBLE GERMS AS POSSIBLE.	
03405	1451:0:3	대사	DE	KILLING A RED GERM SCORES 1 POINT...	
03406	1451:0:5	대사	DE	GREEN ONES ARE WORTH 2...	
03407	1451:0:7	대사	DE	AND IT'S 3 FOR THESE NASTY BLUE ONES!	
03408	1452:0:0	대사	03:28	HEY, YOUNG MAN!	
03409	1452:0:1	대사	03:28	I'M GEORGE ICECUBE, STUCK UP HERE AT THIS PERILOUS ALTITUDE.	
03410	1452:0:3	대사	03:28	I WAS OUT WALKING ON THE ICY SIDE OF HAILFIRE PEAKS WITH MY WIFE MILDRED, WHEN A HUGE BLIZZARD CAME ALONG AND BLEW ME AWAY!	
03411	1452:0:5	대사	03:28	I'M AFRAID OF HEIGHTS.	
03412	1452:0:6	대사	03:28	NOW, I RECKON I'M ABOVE THE ICY SIDE, SO IF YOU COULD JUST GIVE A LITTLE PUSH...	
03413	1452:1:1	대사	80	WHAT HAPPENED, GEORGE?	
03414	1452:1:3	대사	80	WHY NOT STAY UP HERE?	
03415	1452:1:4	대사	80	AFTER ALL, IT'S A LOVELY VIEW.	
03416	1453:0:0	대사	03:28	HEY, YOUNG LADY!	
03417	1453:0:1	대사	03:28	I'M GEORGE ICECUBE, STUCK UP HERE AT THIS PERILOUS ALTITUDE.	
03418	1453:0:3	대사	03:28	I WAS OUT WALKING ON THE ICY SIDE OF HAILFIRE PEAKS WITH MY WIFE MILDRED, WHEN A HUGE BLIZZARD CAME ALONG AND BLEW ME AWAY!	
03419	1453:0:5	대사	03:28	I'M AFRAID OF HEIGHTS.	
03420	1453:0:6	대사	03:28	NOW, I RECKON I'M ABOVE THE ICY SIDE, SO IF YOU COULD JUST GIVE A LITTLE PUSH...	
03421	1453:1:1	대사	81	WHAT HAPPENED, GEORGE?	
03422	1453:1:3	대사	81	YOU SHOULD STAY UP HERE...	
03423	1453:1:4	대사	81	AFTER ALL, IT'S A LOVELY VIEW.	
03424	1454:0:0	대사	DF	FANCY A LITTLE PHYSICAL EXERCISE, FURBALL?	
03425	1454:0:2	대사	DF	I'M MR. FIT AND I'M REALLY FIT, I AM.	
03426	1454:0:3	대사	DF	SO FIT, IN FACT, THAT IF YOU CAN BEAT ME IN THREE EVENTS, I'LL GIVE YOU MY FITNESS GOLD MEDAL!	
03427	1454:0:6	대사	DF	IT IS, ACTUALLY.	
03428	1454:0:7	대사	DF	AS YOU CAN PROBABLY SEE, EVENT 1 IS THE HIGH JUMP.	
03429	1454:0:8	대사	DF	THE BAR'S SET AT MY BEST HEIGHT.	
03430	1454:0:9	대사	DF	ALL YOU NEED TO DO IS JUMP OVER IT TO WIN!	
03431	1454:1:1	대사	80	NOT REALLY.	
03432	1454:1:4	대사	80	THAT'S NICE.	
03433	1455:0:0	대사	DF	FANCY A LITTLE PHYSICAL EXERCISE, CHICKEN LEGS?	
03434	1455:0:2	대사	DF	I'M MR. FIT AND I'M REALLY FIT, I AM.	
03435	1455:0:3	대사	DF	SO FIT, IN FACT, THAT IF YOU CAN BEAT ME IN THREE EVENTS, I'LL GIVE YOU MY FITNESS GOLD MEDAL!	
03436	1455:0:6	대사	DF	IT IS, ACTUALLY.	
03437	1455:0:7	대사	DF	AS YOU CAN PROBABLY SEE, EVENT 1 IS THE HIGH JUMP.	
03438	1455:0:8	대사	DF	THE BAR'S SET AT MY BEST HEIGHT.	
03439	1455:0:9	대사	DF	ALL YOU NEED TO DO IS JUMP OVER IT TO WIN!	
03440	1455:1:1	대사	81	YOU'VE GOT THE WRONG PERSON.	
03441	1455:1:4	대사	81	THAT'S NICE.	
03442	1456:0:0	대사	DF	C'MON, CHICKEN LEGS, LET'S SEE YOU JUMP OVER THAT BAR!	
03443	1457:0:0	대사	DD	GREETINGS, FLESHY ONE!	
03444	1457:0:2	대사	DD	CORRECT.	
03445	1457:0:3	대사	DD	I'M A SUPER STASH DELUXE, FOUR-DIGIT, INFINITE-COMBINATION REINFORCED STRONGBOX.	
03446	1457:0:5	대사	DD	HEY, NO ONE LIKES A WISE GUY.	
03447	1457:0:6	대사	DD	IT'S ENOUGH UP HERE.	
03448	1457:0:8	대사	DD	OH, THAT MIGHT BE A PROBLEM. I SEEM TO HAVE FORGOTTEN MY OWN COMBINATION.	
03449	1457:0:10	대사	DD	I KNOW.	
03450	1457:0:11	대사	DD	SORRY, FLESHY ONE.	
03451	1457:0:12	대사	DD	BUT IF YOU CAN FIND THE COMBINATION, I'LL GLADLY OPEN UP!	
03452	1457:1:1	대사	80	WOW, A TALKING SAFE!	
03453	1457:1:3	대사	80	BUT FOUR DIGITS ONLY GIVES YOU 10,000 COMBINATIONS!	
03454	1457:1:5	대사	80	LET'S HAVE A LOOK INSIDE THEN.	
03455	1457:1:7	대사	80	PERHAPS THEY SHOULD HAVE SPENT A LITTLE MORE ON YOUR INTELLIGENCE CHIP...	
03456	1458:0:0	대사	DD	GREETINGS, FLESHY ONE!	
03457	1458:0:2	대사	DD	CORRECT.	
03458	1458:0:3	대사	DD	I'M A SUPER STASH DELUXE, FOUR-DIGIT, INFINITE-COMBINATION REINFORCED STRONGBOX.	
03459	1458:0:5	대사	DD	HEY, NO ONE LIKES A WISE GUY.	
03460	1458:0:6	대사	DD	IT'S ENOUGH UP HERE.	
03461	1458:0:8	대사	DD	OH, THAT MIGHT BE A PROBLEM. I SEEM TO HAVE FORGOTTEN MY OWN COMBINATION.	
03462	1458:0:10	대사	DD	I KNOW.	
03463	1458:0:11	대사	DD	SORRY, FLESHY ONE.	
03464	1458:0:12	대사	DD	BUT IF YOU CAN FIND THE COMBINATION, I'LL GLADLY OPEN UP!	
03465	1458:1:1	대사	81	WOW, A TALKING SAFE!	
03466	1458:1:3	대사	81	BUT FOUR DIGITS ONLY GIVES YOU 10,000 COMBINATIONS!	
03467	1458:1:5	대사	81	LET'S HAVE A LOOK INSIDE THEN.	
03468	1458:1:7	대사	81	PERHAPS THEY SHOULD HAVE SPENT A LITTLE MORE ON YOUR INTELLIGENCE CHIP...	
03469	1460:1:0	대사	C1	THANK YOU, THANK YOU...	
03470	1460:1:1	대사	C1	I'M GRUNTY, YOUR HOST, AND MAY I WELCOME YOU TO MY TOWER OF TRAGEDY QUIZ!	
03471	1461:1:0	대사	C1	LET ME RUN THROUGH THE RULES FOR YOU ALL.	
03472	1461:1:1	대사	C1	THERE ARE THREE ROUNDS OF GENERAL KNOWLEDGE QUESTIONS, AND THE PERSON WITH THE LOWEST SCORE AT THE END OF EACH ROUND WILL BE ELIMINATED!	
03473	1461:1:2	대사	C1	CORRECT ANSWERS SCORE 2 POINTS, WITH 1 POINT BEING AWARDED IF IT WAS A SECOND GUESS FOLLOWING THE INCORRECT ANSWER FROM ANOTHER CONTESTANT.	
03474	1461:1:3	대사	C1	GET ONE WRONG AND I'LL TAKE 2 POINTS OFF YOU!	
03475	1461:1:4	대사	C1	PRESS {86} TO BUZZ IN AND THEN {87} TO ANSWER IF YOU CAN.	
03476	1461:1:5	대사	C1	NOW LET'S MEET TONIGHT'S VICTIMS, ERR... I MEAN CONTESTANTS, SHALL WE?	
03477	1462:1:0	대사	C1	NOW LISTEN CAREFULLY, DUNCE.	
03478	1462:1:1	대사	C1	I'M CHANGING THE RULES FOR THE FINAL ROUND.	
03479	1462:1:2	대사	C1	TO MAKE IT HARDER, I WON'T SHOW YOU THE ANSWERS UNLESS YOU BUZZ IN!	
03480	1462:1:3	대사	C1	IF YOU DON'T KNOW THE ANSWER, I'LL LET YOU PRESS {81} TO PASS AND MOVE ON TO THE NEXT QUESTION.	
03481	1462:1:4	대사	C1	I'LL SET A NICE LITTLE SCORE FOR YOU TO BEAT WITHIN THE GIVEN TIME.	
03482	1462:1:5	대사	C1	I WISH YOU PLENTY OF BAD LUCK.	
03483	1462:1:6	대사	C1	LET'S PLAY!	
03484	1463:1:0	대사	C1	INTRODUCING ON THE LEFT... 	
03485	1463:1:2	대사	C1	IT'S MY GORGEOUS, SLIM SISTER, MINGELLA!	
03486	1464:1:0	대사	C1	AND IN THE MIDDLE...	
03487	1464:1:2	대사	C1	JUST SOME LOSER BEAR CALLED BANJO.	
03488	1465:1:0	대사	C1	ON THE RIGHT WE HAVE... 	
03489	1465:1:2	대사	C1	MY LOVELY, ERR... SHAPELY SISTER, BLOBBELDA!	
03490	1466:1:0	대사	C1	LET'S START WITH ROUND 1...	
03491	1467:1:0	대사	C1	TIME TO MOVE ON TO ROUND 2...	
03492	1468:1:0	대사	C1	IT'S THE FINAL ROUND...	
03493	1469:1:0	대사	C1	WELCOME TO MY TOWER OF TRAGEDY QUIZ.	
03494	1469:1:1	대사	C1	DO YOU PATHETIC LOT NEED THE RULES?	
03495	146A:1:0	대사	C1	THE TRAGIC BEAR RETURNS.	
03496	146A:1:1	대사	C1	LOOKS LIKE WE'VE GOT TO START WITH ROUND 1 AGAIN...	
03497	146B:1:0	대사	C1	WELL, WELL, LOOK WHO'S BACK.	
03498	146B:1:1	대사	C1	LET'S PLAY ROUND 2 AGAIN FOR THE USELESS BEAR...	
03499	146C:1:0	대사	C1	HOW'S YOUR HEAD, FLEABAG?	
03500	146C:1:1	대사	C1	HERE WE GO WITH THE FINAL ROUND ONCE MORE...	
03501	146D:1:0	대사	C1	NEXT ONE THEN...	
03502	146E:1:0	대사	C1	LET'S MOVE ON...	
03503	146F:1:0	대사	C1	HERE'S ANOTHER...	
03504	1470:1:0	대사	C1	MISSED YOUR CHANCE...	
03505	1471:1:0	대사	C1	BUZZER BROKEN, HUH?	
03506	1472:1:0	대사	C1	SCARED TO ANSWER?	
03507	1473:1:0	대사	C1	HMM... OKAY.	
03508	1474:1:0	대사	C1	NOT BAD.	
03509	1475:1:0	대사	C1	A LUCKY GUESS.	
03510	1476:1:0	대사	C1	FAIR ENOUGH.	
03511	1477:1:0	대사	C1	I'LL ACCEPT THAT.	
03512	1478:1:0	대사	C1	YOU KNOW-IT-ALL.	
03513	1479:1:0	대사	C1	YOU FOOL!	
03514	1479:1:1	대사	C1	ANYONE ELSE?	
03515	147A:1:0	대사	C1	THICKO!	
03516	147A:1:1	대사	C1	ANYONE ELSE?	
03517	147B:1:0	대사	C1	DUNCE!	
03518	147B:1:1	대사	C1	ANYONE ELSE?	
03519	147C:1:0	대사	C1	YOU HALF-WIT!	
03520	147C:1:1	대사	C1	ANYONE ELSE?	
03521	147D:1:0	대사	C1	NUMBSKULL!	
03522	147D:1:1	대사	C1	ANYONE ELSE?	
03523	147E:1:0	대사	C1	YOU PLANK!	
03524	147E:1:1	대사	C1	ANYONE ELSE?	
03525	147F:1:0	대사	C1	I'M SURROUNDED BY MORONS...	
03526	1480:1:0	대사	C1	NO, NO, NO, YOU IDIOTS!	
03527	1481:1:0	대사	C1	YOU'RE ALL WRONG!	
03528	1482:1:0	대사	C1	EVEN I KNEW THAT!	
03529	1483:1:0	대사	C1	THAT WAS EASY...	
03530	1484:1:0	대사	C1	WHAT UTTER STUPIDITY...	
03531	1485:1:0	대사	C1	YIPPEE, WRONG AGAIN!	
03532	1486:1:0	대사	C1	NO, NO, NO, YOU IDIOT.	
03533	1487:1:0	대사	C1	YOU'RE WRONG!	
03534	1488:1:0	대사	C1	EVEN I KNEW THAT!	
03535	1489:1:0	대사	C1	THAT WAS EASY...	
03536	148A:1:0	대사	C1	WHAT UTTER STUPIDITY...	
03537	148B:1:0	대사	C1	THAT'S THE END OF ROUND 1.	
03538	148B:1:1	대사	C1	IT SEEMS THAT MY SISTER MINGELLA HAS SET A NEW STANDARD OF DUMBNESS, WITH A HOPELESS SCORE OF ~.	
03539	148B:1:3	대사	C1	TIME TO SAY GOODBYE, MINGY...	
03540	148C:1:0	대사	C1	THAT'S THE END OF ROUND 1.	
03541	148C:1:1	대사	C1	AS EXPECTED, IT'S THE DUNCE BEAR WHO'S LAST, WITH A LOSER'S SCORE OF ~.	
03542	148D:1:0	대사	C1	THAT'S THE END OF ROUND 1.	
03543	148D:1:1	대사	C1	LOOKS LIKE MY SISTER BLOBBELDA IS AS THICK AS HER WAIST, AND HER SCORE OF ~ IS AS LOW AS HER IQ.	
03544	148D:1:3	대사	C1	HERE'S YOUR CONSOLATION PRIZE, BLOBBY...	
03545	148E:1:0	대사	C1	THAT'S THE END OF ROUND 2.	
03546	148E:1:1	대사	C1	IT SEEMS THAT MY SISTER MINGELLA HAS ALSO BEEN BEATEN BY THAT USELESS BEAR.	
03547	148E:1:2	대사	C1	TIME TO SAY GOODBYE, MINGY...	
03548	148F:1:0	대사	C1	THAT'S THE END OF ROUND 2.	
03549	148F:1:1	대사	C1	YOUR LUCK'S RUN OUT, FURFACE. I'M PLEASED TO SAY YOU LOST.	
03550	1490:1:0	대사	C1	THAT'S THE END OF ROUND 2.	
03551	1490:1:1	대사	C1	LOOKS LIKE MY SISTER BLOBBELDA HAS ALSO FAILED TO BEAT THAT DUMB BEAR.	
03552	1490:1:2	대사	C1	HERE'S YOUR CONSOLATION PRIZE, BLOBBY...	
03553	1491:1:0	대사	C1	THAT'S THE END OF THE FINAL ROUND.	
03554	1491:1:1	대사	C1	LOOK AT THE BEAR'S SCORE, EVERYONE. ISN'T IT PATHETIC?	
03555	1491:1:2	대사	C1	I DECLARE ME THE WINNER!	
03556	1492:1:0	대사	C1	THAT'S THE END OF THE FINAL ROUND.	
03557	1492:1:1	대사	C1	WHAT A USELESS SCORE THAT...	
03558	1492:1:3	대사	C1	HUH...?	
03559	1492:1:4	대사	C1	WHAT'S WRONG WITH THE SCORING SYSTEM?	
03560	1492:1:5	대사	C1	IT MUST BE BROKEN...	
03561	1492:1:6	대사	C1	YOU CAN'T HAVE GOT THAT MANY POINTS!	
03562	1492:1:7	대사	C1	NO, NO, NO, NO, NO!	
03563	1492:1:8	대사	C1	I DECLARE THE WIN INVALID, DUE TO FAULTY EQUIPMENT.	
03564	1492:1:10	대사	80	OH DEAR.	
03565	1492:1:11	대사	80	SO WHAT HAPPENS NOW?	
03566	1492:1:13	대사	C1	HMM... I DON'T KNOW.	
03567	1492:1:14	대사	C1	ANY IDEAS?	
03568	1492:1:16	대사	81	YOU COULD ESCAPE IN A COWARDLY FASHION LIKE IN BANJO-KAZOOIE, BEFORE WE KICK YOUR BONY BUTT.	
03569	1492:1:18	대사	C1	YES, I COULD.	
03570	1492:1:19	대사	C1	THANKS, BIRDBRAIN.	
03571	1492:1:20	대사	C1	FORTUNATELY, I'VE BUILT A ROCKET INTO MY BOOTH FOR THIS VERY REASON!	
03572	1492:1:21	대사	C1	I'LL BE WAITING FOR YOU AT THE TOP LIKE LAST TIME,	
03573	1492:1:23	대사	C1	BUT THIS TIME YOU'LL BE THE ONES TAKING THE FALL!	
03574	1493:1:0	대사	C1	THAT'S ALL WE'VE GOT TIME FOR TONIGHT.	
03575	1493:1:1	대사	C1	I SEE THAT AFTER ~ MINUTES WE HAVE A WINNER WITH A SCORE OF ~...	
03576	1494:1:0	대사	C1	WE APPEAR TO HAVE A CLEAR WINNER.	
03577	1494:1:1	대사	C1	THE FIRST PERSON TO REACH THE SCORE OF ~...	
03578	1495:1:0	대사	C1	THAT'S ALL WE'VE GOT TIME FOR TONIGHT.	
03579	1495:1:1	대사	C1	OH GOODY, IT'S A DRAW FOR FIRST PLACE.	
03580	1495:1:2	대사	C1	THIS MEANS I GET TO UNFAIRLY CHOOSE A WINNER MYSELF.	
03581	1495:1:3	대사	C1	NOW, WHO WILL IT BE...?	
03582	1496:1:0	대사	C1	IT'S BANJO!	
03583	1497:1:0	대사	C1	IT'S JAMJARS!	
03584	1498:1:0	대사	C1	IT'S MUMBO!	
03585	1499:1:0	대사	C1	IT'S WUMBA!	
03586	149A:1:0	대사	C1	SCARED, HUH?	
03587	149B:1:0	대사	C1	TOO HARD, EH?	
03588	149C:1:0	대사	C1	PASS AND YOU'LL NEVER WIN...	
03589	149D:1:0	대사	C1	I EXPECTED THAT...	
03590	149E:1:0	대사	C1	THE NEXT ONE'S HARDER!	
03591	149F:1:0	대사	C1	CHICKEN!	
03592	14A0:1:0	대사	80	RIGHT!	
03593	14A0:1:1	대사	80	C'MON, KAZOOIE, LET'S GO AND SEE WHERE THAT DOOR THAT'S JUST OPENED LEADS TO.	
03594	14A0:1:2	대사	81	DO YOU RECKON THAT'S THE END OF THE GAME?	
03595	14A0:1:3	대사	80	I DOUBT IT.	
03596	14A0:1:4	대사	80	WE'VE NOT HAD THE CREDITS YET.	
03597	14A0:1:5	대사	81	THAT'S TRUE.	
03598	14A0:1:6	대사	81	OKAY, LET'S GO!	
03599	14A1:1:0	대사	C1	TAKE A LOOK AT THIS SCENE...	
03600	14A2:1:0	대사	C1	HERE'S A SCENE FROM THE GAME...	
03601	14A3:1:0	대사	C1	LET'S LOOK AT THE SCREEN...	
03602	14A4:1:0	대사	C1	WELL, IT WAS 50 / 50...	
03603	14A5:1:0	대사	C1	I'LL GIVE YOU 1 POINT.	
03604	14A6:1:0	대사	C1	ONE POINT, I SUPPOSE.	
03605	14A7:1:0	대사	C1	ONLY 1 POINT, THOUGH.	
03606	14A8:1:0	대사	C1	ABOUT TIME TOO.	
03607	14A9:1:0	대사	C1	SCAVENGER!	
03608	14AA:1:0	대사	C1	I'LL HAVE TO OFFER IT...	
03609	14AB:1:0	대사	C1	ANYONE ELSE?	
03610	14AC:1:0	대사	C1	LET'S SEE IF ANYONE ELSE KNOWS.	
03611	14AD:1:0	대사	C1	ANY OTHER TAKERS?	
03612	14AE:1:0	대사	C1	WHAT ABOUT THE REST OF YOU?	
03613	14AF:1:0	대사	C1	WHO ELSE FANCIES A GO?	
03614	14B0:1:0	대사	C1	NOT QUICK ENOUGH.	
03615	14B1:1:0	대사	C1	TOO MUCH PRESSURE?	
03616	14B2:1:0	대사	C1	IS THE BUZZER BROKEN?	
03617	14B3:1:0	대사	C1	TOO HARD?	
03618	14B4:1:0	대사	C1	CHICKEN.	
03619	14B5:1:0	대사	C1	NOT SO CLEVER NOW.	
03620	14B6:1:0	대사	C1	I'M SURROUNDED BY MORONS...	
03621	14B7:1:0	대사	C1	NO, NO, NO, YOU IDIOTS.	
03622	14B8:1:0	대사	C1	YOU'RE ALL WRONG!	
03623	14B9:1:0	대사	C1	I'M SURROUNDED BY MORONS...	
03624	14BA:1:0	대사	C1	NO, NO, NO, YOU IDIOTS.	
03625	14BB:1:0	대사	C1	YOU'RE ALL WRONG!	
03626	14BC:1:0	대사	C1	NEXT ONE THEN...	
03627	14BD:1:0	대사	C1	LET'S MOVE ON...	
03628	14BE:1:0	대사	C1	HERE'S ANOTHER...	
03629	14BF:1:0	대사	C1	MISSED YOUR CHANCE...	
03630	14C0:1:0	대사	C1	BUZZER BROKEN, HUH?	
03631	14C1:1:0	대사	C1	SCARED TO ANSWER?	
03632	14C2:1:0	대사	C1	ON THE LEFT WE HAVE THAT SKULL-FACED DUNCE...	
03633	14C2:1:2	대사	C1	MUMBO!	
03634	14C3:1:0	대사	C1	NEXT TO HIM IS BOTTLES' EVEN MORE USELESS BROTHER...	
03635	14C3:1:2	대사	C1	JAMJARS!	
03636	14C4:1:0	대사	C1	MOVING ALONG, WE HAVE THE GAME'S SUPPOSED HERO...	
03637	14C4:1:2	대사	C1	BANJO!	
03638	14C5:1:0	대사	C1	LAST AND LEAST IS SOME HALF-WIT...	
03639	14C5:1:2	대사	C1	HUMBA!	
03640	14C6:1:0	대사	C1	LET'S FIND OUT WHICH ONE OF YOU LOSERS IS THE LEAST THICK...	
03641	14C6:1:1	대사	C1	...BY BEING THE FIRST TO REACH ~ POINTS.	
03642	14C7:1:0	대사	C1	OH GOODY.	
03643	14C7:1:1	대사	C1	ROUND 1'S ENDED IN A DRAW, SO I'LL JUST UNFAIRLY SELECT A LOSER AT RANDOM.	
03644	14C7:1:2	대사	C1	I CHOOSE...	
03645	14C8:1:0	대사	C1	EXCELLENT.	
03646	14C8:1:1	대사	C1	IT'S A DRAW AFTER ROUND 2, SO I'LL JUST UNFAIRLY SELECT A LOSER AT RANDOM.	
03647	14C8:1:2	대사	C1	I CHOOSE...	
03648	14C9:1:0	대사	C1	MINGELLA!	
03649	14CA:1:0	대사	C1	BLOBBELDA!	
03650	14CB:1:0	대사	C1	BANJO!	
03651	14CC:1:0	대사	C1	WELCOME.	
03652	14CC:1:1	대사	C1	IT'S MY TOWER OF TRAGEDY 'JUST FOR FUN' ROUND 1.	
03653	14CC:1:2	대사	C1	DO YOU NEED THE RULES?	
03654	14CD:1:0	대사	C1	WELCOME.	
03655	14CD:1:1	대사	C1	IT'S MY TOWER OF TRAGEDY 'JUST FOR FUN' ROUND 2.	
03656	14CD:1:2	대사	C1	DO YOU NEED THE RULES?	
03657	14CE:1:0	대사	C1	WELCOME.	
03658	14CE:1:1	대사	C1	IT'S MY TOWER OF TRAGEDY 'JUST FOR FUN' FINAL ROUND.	
03659	14CE:1:2	대사	C1	DO YOU NEED THE RULES?	
03660	14CF:1:0	대사	C1	PAH!	
03661	14CF:1:1	대사	C1	IT SEEMS YOU HAD A RUN OF LUCK AND SOMEHOW WON.	
03662	14CF:1:2	대사	C1	I BET YOU WON'T DARE TRY AGAIN?	
03663	14D0:1:0	대사	C1	HA-HA.	
03664	14D0:1:1	대사	C1	AS I EXPECTED, A COMPLETE AND UTTER LOSS.	
03665	14D0:1:2	대사	C1	FANCY SOME MORE HUMILIATION?	
03666	14D1:1:0	대사	C1	I'LL MAKE THIS QUICK...	
03667	14D1:1:1	대사	C1	PRESS {86} TO BUZZ IN AND THEN {87} TO ANSWER. IT'S 2 POINTS FOR A CORRECT ANSWER AND -2 FOR A WRONG ONE.	
03668	14D1:1:2	대사	C1	SECOND GUESSES SCORE 1 FOR RIGHT AND -1 FOR WRONG.	
03669	14D2:1:0	대사	C1	I KNEW YOU'D FORGET...	
03670	14D2:1:1	대사	C1	PRESS {86} TO BUZZ IN AND THEN {87} TO ANSWER. IT'S 2 POINTS FOR A CORRECT ANSWER AND -2 FOR A WRONG ONE.	
03671	14D2:1:2	대사	C1	PRESS {81} TO PASS.	
03672	14D3:1:0	대사	C1	LET'S START WITH ROUND 1 AGAIN...	
03673	14D4:1:0	대사	C1	HERE WE GO WITH ANOTHER ROUND 2...	
03674	14D5:1:0	대사	C1	IT'S THE FINAL ROUND ONCE MORE...	
03675	14D6:1:0	대사	C1	LISTEN UP, ALL OF YOU.	
03676	14D6:1:1	대사	C1	PRESS {86} TO BUZZ IN AND THEN {87} TO ANSWER. IT'S 2 POINTS FOR A CORRECT ANSWER AND -2 FOR A WRONG ONE.	
03677	14D6:1:2	대사	C1	SECOND GUESSES SCORE 1 FOR RIGHT AND -1 FOR WRONG.	
03678	14D7:1:0	대사	80	THIS MUST BE THE END NOW - WE'VE HAD THE CREDITS AND EVERYONE'S ALRIGHT AGAIN.	
03679	14D7:1:1	대사	81	WHAT ABOUT GRUNTY?	
03680	14D7:1:2	대사	80	OH.	
03681	14D7:1:3	대사	81	I THINK WE OUGHT TO JUST TAKE A QUICK LOOK AT THE TOP OF THE TOWER.	
03682	14D7:1:4	대사	80	BUT THERE'S NO WAY UP THERE...	
03683	14D7:1:5	대사	81	NICE TRY, BANJO.	
03684	14D7:1:6	대사	81	BUT I RECKON THAT OPENING BELOW THE GUN OVER THERE PROBABLY LEADS UP.	
03685	14D7:1:7	대사	80	SIGH.	
03686	14D7:1:8	대사	80	I WAS HOPING YOU HADN'T SEEN THAT...	
03687	14D8:1:0	대사	81	WELL, WE SURE SHOWED OLD WINKYBUNION AGAIN, EH, BANJO?	
03688	14D8:1:1	대사	80	YEP, WE CERTAINLY DID.	
03689	14D8:1:2	대사	81	C'MON, LET'S GET DOWN TO BOTTLES' FOR THAT PARTY.	
03690	14D8:1:3	대사	80	GOOD IDEA.	
03691	14D9:1:0	대사	C1	NOW LET'S FIND OUT WHICH ONE OF YOU LOSERS IS THE LEAST THICK... 	
03692	14D9:1:1	대사	C1	...BY HAVING THE MOST POINTS AFTER ~ MINUTES.	
03693	14DA:1:0	대사	C1	NEXT ONE THEN...	
03694	14DB:1:0	대사	C1	LET'S MOVE ON...	
03695	14DC:1:0	대사	C1	HERE'S ANOTHER...	
03696	14DD:1:0	대사	C1	MISSED YOUR CHANCE...	
03697	14DE:1:0	대사	C1	BUZZER BROKEN, HUH?	
03698	14DF:1:0	대사	C1	SCARED TO ANSWER?	
03699	14F6:0:0	대사	03:16	GREETINGS, O CHOSEN ONE.	
03700	14F6:0:2	대사	03:16	YOU HAVE ENTERED THE SACRED TEMPLE OF JIGGYWIGGY.	
03701	14F6:0:4	대사	03:16	APPROACH THE GOLDEN MONOLITH IF YOU WISH TO PROVE YOURSELF WORTHY.	
03702	14F7:0:0	대사	03:16	THIS IS THE TEMPLE OF JIGGYWIGGY.	
03703	14F7:0:1	대사	03:16	APPROACH THE GOLDEN MONOLITH TO PROVE YOURSELF WORTHY BY COMPLETING CHALLENGE ~ TO PROGRESS.	
03704	14F8:0:0	대사	03:16	PRESS {86} WHEN NEAR THE MONOLITH TO ATTEMPT JIGGYWIGGY'S CHALLENGE ~.	
03705	14F9:0:0	대사	03:16	YOU MUST COMPLETE THE IMAGE BEFORE YOU IF YOU WISH TO TRAVEL TO WHERE IT SHOWS.	
03706	14F9:0:1	대사	03:16	USE THE CONTROL STICK TO GUIDE YOUR HAND.	
03707	14F9:0:2	대사	03:16	PRESS {87} TO PICK UP A PIECE.	
03708	14F9:0:3	대사	03:16	ONCE A PIECE IS HELD, IT CAN BE PLACED DOWN BY PRESSING {87} OR RETURNED TO THE OUTSIDE BY PRESSING {86}.	
03709	14F9:0:4	대사	03:16	YOU ONLY HAVE A LIMITED TIME TO PROVE YOURSELF.	
03710	14F9:0:5	대사	03:16	MAY JIGGYWIGGY GRANT YOU LUCK!	
03711	14FA:0:0	대사	03:16	YOU HAVE COMPLETED JIGGYWIGGY'S CHALLENGE ~, SO NOW THE GREAT ONE WILL SHOW YOU THE WAY...	
03712	14FB:0:0	대사	03:16	YOU HAVE FAILED JIGGYWIGGY'S CHALLENGE ~ AND HE IS DISAPPOINTED.	
03713	14FB:0:2	대사	03:16	DO YOU WISH TO TRY AND REDEEM YOURSELF?	
03714	14FC:0:0	대사	03:16	YOU ARE INDEED THE CHOSEN ONE!	
03715	14FC:0:1	대사	03:16	YOU ALSO HAVE ENOUGH JIGGIES TO ATTEMPT JIGGYWIGGY'S CHALLENGE ~...	
03716	14FD:0:0	대사	03:2D	YO, WASSUP!	
03717	14FD:0:1	대사	03:2D	I'M KING JINGALING, KING OF ALL THINGS JINJO AND RULER OF THIS VILLAGE.	
03718	14FD:0:4	대사	03:2D	MY PEOPLE WERE SCARED AWAY BY THOSE WITCHES AND THEIR GIANT MACHINE.	
03719	14FD:0:5	대사	03:2D	I KINDA LIKE IT QUIET, BUT I NEED TO GET THEM ALL BACK FOR THE KICKBALL TOURNAMENT NEXT WEEK.	
03720	14FD:0:8	대사	03:2D	BUT IT IS!	
03721	14FD:0:9	대사	03:2D	THERE'S A BIG KICKBALL RIVALRY BETWEEN THE JINJOS AND THE MOLES, WHICH MEANS THERE COULD BE TROUBLE IF WE DON'T TURN UP!	
03722	14FD:0:12	대사	03:2D	EXACTLY!	
03723	14FD:0:13	대사	03:2D	ANYWAY, HERE'S AN INCENTIVE FOR YOU TO RESCUE MY PEOPLE...	
03724	14FD:1:1	대사	80	YOUR KINGDOM SEEMS A BIT EMPTY.	
03725	14FD:1:4	대사	81	DOESN'T SEEM THAT IMPORTANT TO ME.	
03726	14FD:1:7	대사	80	OH DEAR...	
03727	14FE:0:1	대사	03:2D	THAT'S ME!	
03728	14FE:0:4	대사	03:2D	MY PEOPLE HAVE BEEN SCARED AWAY, AND I NEED YOU TO GET THEM ALL BACK FOR ME.	
03729	14FE:1:0	대사	80	ER, KING JINGALING?	
03730	14FE:1:2	대사	81	TELL US ABOUT YOUR PROBLEM AGAIN...	
03731	14FF:0:0	대사	03:2E	HELLO THERE, BANJO.	
03732	14FF:0:1	대사	03:2E	HOW ARE WE TODAY?	
03733	14FF:0:4	대사	03:2E	OH, FINE, FINE!	
03734	14FF:0:7	대사	03:2E	WHAT WAS THAT?	
03735	14FF:0:8	대사	03:2E	IS BOTTLES OKAY?	
03736	14FF:0:9	대사	03:2E	HE SHOULD BE BACK FROM SPIRAL MOUNTAIN FOR HIS DINNER SOON.	
03737	14FF:0:10	대사	03:2E	HE NEVER MISSES HIS DINNER, YOU KNOW!	
03738	14FF:1:1	대사	80	PRETTY GOOD, MRS. BOTTLES.	
03739	14FF:1:2	대사	80	AND YOURSELF?	
03740	14FF:1:5	대사	81	TELL HER ABOUT GHOSTY BOY...	
03741	14FF:1:6	대사	80	KEEP QUIET, KAZOOIE!	
03742	14FF:1:9	대사	80	ER, I'M SURE HE'LL BE BACK SOON, MRS. B.	
03743	1500:0:0	대사	03:2E	WHERE HAS MY BOTTLES GOT TO?	
03744	1500:0:1	대사	03:2E	I NEED HIM BACK HERE TO DEAL WITH THAT MONSTER IN OUR BEDROOM!	
03745	1500:1:1	대사	81	WE'VE GOT TO TELL HER, BANJO!	
03746	1500:1:2	대사	80	NOT NOW, KAZOOIE...	
03747	1501:0:0	대사	03:2F	HEY THERE, BANJO!	
03748	1501:0:3	대사	03:2F	ME AND MY DAD ARE GOING TO BE PLAYING IN THE KICKBALL TOURNAMENT NEXT WEEK OVER AT THE MAYAN STADIUM!	
03749	1501:0:4	대사	03:2F	KING JINGALING HAS ORGANIZED IT ESPECIALLY FOR MY DAD, SINCE HE'S SUCH A HERO!	
03750	1501:0:7	대사	03:2F	WHY WOULD WE NEED SUBSTITUTES?	
03751	1501:0:8	대사	03:2F	MY DAD IS THE BEST ON THE TEAM!	
03752	1501:0:11	대사	03:2F	AND DID YOU KNOW THAT TUNNEL OVER THERE IS MY SECRET WAY OUT OF THE VILLAGE?	
03753	1501:0:13	대사	03:2F	IT'S CLOSED AT THE MOMENT, BUT I'M SURE KING JINGALING WILL OPEN IT FOR YOU IF YOU ASK HIM...	
03754	1501:0:16	대사	03:2F	YOU MEAN YOU HAVEN'T SPOKEN TO KING JINGALING YET?	
03755	1501:0:17	대사	03:2F	YOU'D BETTER GO AND SEE HIM RIGHT AWAY...	
03756	1501:1:1	대사	80	HI, SPECCY!	
03757	1501:1:4	대사	81	ER, I DON'T SUPPOSE YOU HAVE ANY SUBSTITUTES?	
03758	1501:1:7	대사	80	I'M SURE HE WAS... ER, IS!	
03759	1501:1:10	대사	81	KING WHAT-A-LING?	
03760	1502:0:1	대사	03:2F	I DON'T UNDERSTAND.	
03761	1502:0:2	대사	03:2F	WHAT DO YOU MEAN?	
03762	1502:1:0	대사	81	SAY, FOR EXAMPLE, THAT YOUR DAD HAD BEEN TERMINALLY ZAPPED BY AN EVIL WITCH'S SPELL.	
03763	1502:1:1	대사	81	HOW WOULD YOU REACT?	
03764	1502:1:4	대사	80	OH, NOTHING...	
03765	1503:0:0	대사	03:30	HELLO, BANJO!	
03766	1503:0:3	대사	03:30	SINCE YOU AND DADDY ARE SUCH GOOD FRIENDS, I'LL GIVE YOU THESE PROTOTYPE GLASSES HE'S WORKING ON.	
03767	1503:0:6	대사	03:30	OH YES.	
03768	1503:0:7	대사	03:30	I BELIEVE THEY'RE CALLED THE AMAZE-O-GAZE GLASSES.	
03769	1503:0:10	대사	03:30	WELL, WHEN IN BANJO'S EYES VIEW, USE {85} AND {82} TO ZOOM IN AND OUT!	
03770	1503:1:1	대사	80	HI, GOGGLES!	
03771	1503:1:4	대사	81	DID HE FINISH WORKING ON THEM, BY ANY CHANCE?	
03772	1503:1:7	대사	80	HOW DO THEY WORK?	
03773	1503:1:9	대사	81	NOT BAD.	
03774	1504:0:0	대사	03:30	HOW ARE THE AMAZE-O-GAZE GLASSES WORKING OUT?	
03775	1504:0:1	대사	03:30	I'M SURE MY DADDY WILL BE ABLE TO FIX THEM IF THEY'RE BROKEN.	
03776	1504:0:4	대사	03:30	W-WHY DOES HE NEED FIXING?	
03777	1504:0:7	대사	03:30	OH, THAT'S ALRIGHT THEN.	
03778	1504:0:8	대사	03:30	I WAS AFRAID YOU MEANT HE'D BEEN BLASTED BY A FATAL SPELL OR SOMETHING!	
03779	1504:1:1	대사	81	BUT CAN ANYONE FIX DADDY?	
03780	1504:1:4	대사	80	ER, KAZOOIE MEANS YOUR MOM IS JUST FIXING UP HIS DINNER!	
03781	1504:1:7	대사	80	ULP.	
03782	1505:0:0	대사	03:17	I AM A LOWLY DISCIPLE OF JIGGYWIGGY.	
03783	1505:0:2	대사	03:17	I WORK THE DOOR OF HIS SACRED TEMPLE TO KEEP OUT THOSE WHO ARE NOT WORTHY.	
03784	1505:0:5	대사	03:17	THAT DEPENDS.	
03785	1505:0:6	대사	03:17	TO PROVE YOURSELF WORTHY TO ENTER, YOU MUST COLLECT IMAGES IN THE FORM OF JIGGYWIGGY HIMSELF.	
03786	1505:0:9	대사	03:17	JIGSAW PIECES, ALSO KNOWN AS JIGGIES.	
03787	1505:0:12	대사	03:17	LET'S SEE WHAT YOU HAVE THEN...	
03788	1505:1:2	대사	81	SOUNDS LIKE FUN.	
03789	1505:1:3	대사	80	DO YOU THINK WE ARE WORTHY?	
03790	1505:1:6	대사	81	AND WHAT MIGHT THESE IMAGES LOOK LIKE?	
03791	1505:1:9	대사	80	THAT SOUNDS FAMILIAR.	
03792	1506:0:0	대사	03:17	YOU MUST COLLECT ENOUGH JIGGIES TO PROVE YOURSELF WORTHY TO ENTER JIGGYWIGGY'S TEMPLE.	
03793	1507:0:0	대사	03:17	IT SEEMS YOU HAVE COLLECTED ENOUGH JIGGIES TO BE ALLOWED INSIDE.	
03794	1507:0:2	대사	03:17	REMEMBER, NO CAMERAS PERMITTED AND ONLY FOOD PURCHASED AT MCJIGGY'S CAN BE EATEN WITHIN.	
03795	1508:0:0	대사	03:17	YOU DON'T HAVE ENOUGH JIGGIES.	
03796	1508:0:1	대사	03:17	~ MORE ARE NEEDED IF YOU WISH TO BE GRANTED AN AUDIENCE WITH THE GREAT JIGGYWIGGY.	
03797	1509:0:0	대사	03:17	YOU ARE NOW A TRUE DISCIPLE OF JIGGYWIGGY, AND YOU MAY ENTER HIS TEMPLE AT ANY TIME.	
03798	150A:0:0	대사	03:16	PREPARE THYSELF!	
03799	150B:0:0	대사	03:16	YOU MUST TRY AGAIN LATER.	
03800	150C:0:0	대사	84	MUMBO CONFUSED.	
03801	150C:0:1	대사	84	NO PATIENT HERE FOR ME TO USE HEAL MAGIC ON...	
03802	150D:0:0	대사	84	YOU NOT LISTEN FIRST TIME!	
03803	150D:0:1	대사	84	MUMBO NEEDS PATIENT TO USE HEAL MAGIC ON...	
03804	150E:0:0	대사	84	MUMBO NOT WASTE MAGIC...	
03805	150E:0:1	대사	84	THINKS THERE SHOULD BE SICK PATIENT INSIDE...	
03806	150F:0:0	대사	84	TRAIN EMPTY.	
03807	150F:0:1	대사	84	NEED PATIENT INSIDE FOR HEAL MAGIC TO WORK...	
03808	1510:0:0	대사	03:16	BEHOLD THE POWER OF THE MIGHTY JIGGYWIGGY!	
03809	1511:0:0	대사	03:16	YOU DO NOT HAVE ENOUGH JIGGIES TO ATTEMPT CHALLENGE ~.	
03810	1511:0:2	대사	03:16	COME BACK LATER WHEN YOU DO.	
03811	1512:1:1	대사	03:19	THIS IS JIGGYWIGGY'S ALTAR OF KNOWLEDGE.	
03812	1512:1:2	대사	03:19	PRESS {86} TO VIEW THE MIGHTY ONE'S WISDOM...	
03813	1513:1:1	대사	03:19	IT IS WRITTEN THAT 1 JIGGY IS REQUIRED TO OPEN THIS DOOR.	
03814	1514:1:1	대사	03:19	IT IS WRITTEN THAT ~ JIGGIES ARE REQUIRED TO OPEN THIS DOOR.	
03815	1515:1:0	대사	03:19	YOU HAVE ENOUGH JIGGIES TO ATTEMPT MY CHALLENGE.	
03816	1515:1:1	대사	03:19	DO YOU WISH TO WARP TO MY SACRED TEMPLE?	
03817	1516:1:0	대사	03:19	BUT YOU DO NOT HAVE ENOUGH!	
03818	1516:1:1	대사	03:19	KEEP SEARCHING, MORTAL.	
03819	1517:1:0	대사	03:19	I HAVE ALREADY OPENED THIS DOOR FOR YOU!	
03820	1518:0:0	대사	03:1A	HI THERE, BIG BEAR!	
03821	1518:0:1	대사	03:1A	I'M HONEY B, MISTRESS OF THE HONEY.	
03822	1518:0:4	대사	03:1A	BECAUSE THAT WOULD HAVE MADE YOUR QUEST TOO EASY.	
03823	1518:0:5	대사	03:1A	HOWEVER, I CAN GRANT YOU EXTRA ENERGY UNITS IN RETURN FOR EMPTY HONEYCOMBS.	
03824	1518:0:8	대사	03:1A	I'M HONEY B!	
03825	1518:0:9	대사	03:1A	A BEE, NOT A WASP!	
03826	1518:1:1	대사	81	AW, WHY COULDN'T YOU BE MISTRESS OF THE JIGGIES INSTEAD?	
03827	1518:1:4	대사	81	I SUPPOSE THAT'S BETTER THAN NOTHING.	
03828	1518:1:5	대사	80	DON'T BE SO RUDE, KAZOOIE!	
03829	1518:1:6	대사	81	OH.	
03830	1518:1:7	대사	81	SORRY, WASP LADY.	
03831	1518:1:10	대사	81	RIGHT YOU ARE, HORNET GIRL.	
03832	1519:0:0	대사	03:1A	I'M HONEY B.	
03833	1519:0:1	대사	03:1A	I'LL TRADE YOU EXTRA ENERGY UNITS IN RETURN FOR EMPTY HONEYCOMBS.	
03834	151A:0:0	대사	03:1A	YOU HAVE ENOUGH HONEYCOMBS FOR 1 EXTRA ENERGY UNIT.	
03835	151B:0:0	대사	03:1A	YOU HAVE ENOUGH HONEYCOMBS FOR ~ MORE UNITS OF ENERGY.	
03836	151C:0:0	대사	03:1A	DO YOU WANT TO TRADE?	
03837	151D:0:1	대사	03:1A	TOSS YOUR HONEYCOMBS OVER HERE THEN, BIG BEAR...	
03838	151D:1:0	대사	80	SURE, HONEY.	
03839	151E:0:1	대사	03:1A	FAIR ENOUGH, BUT THEY'RE NO USE TO YOU.	
03840	151E:1:0	대사	81	I THINK WE'LL HANG ON TO THEM, MOSQUITO WOMAN.	
03841	151F:0:0	대사	03:1A	YOU'LL NEED 1 MORE HONEYCOMB BEFORE I CAN GIVE YOU ANY EXTRA ENERGY.	
03842	1520:0:0	대사	03:1A	YOU'LL NEED ~ MORE HONEYCOMBS BEFORE I CAN GIVE YOU ANY EXTRA ENERGY.	
03843	1521:0:0	대사	03:1A	I'M SORRY, BIG BEAR, BUT I'VE GOT NO MORE ENERGY TO GIVE YOU.	
03844	1521:0:3	대사	03:1A	DID I?	
03845	1521:0:4	대사	03:1A	WELL, TO BE HONEST, I'M STILL ONLY AN APPRENTICE...	
03846	1521:1:1	대사	81	BUT YOU SAID YOU'RE THE MISTRESS OF THE HONEY!	
03847	1522:0:0	대사	D1	THANKS FOR RESCUING ME.	
03848	1522:0:1	대사	D1	I LIVE IN THIS HOUSE WITH THE REST OF MY SIMILAR-COLORED FAMILY.	
03849	1522:0:2	대사	D1	RESCUE US ALL AND WE'LL GIVE YOU THE FAMILY HEIRLOOM!	
03850	1523:0:0	대사	D1	MANY THANKS!	
03851	1523:0:1	대사	D1	OUR FAMILY IS REUNITED, SO OUR HEIRLOOM IS YOURS!	
03852	1524:0:0	대사	D1	THANKS!	
03853	1524:0:1	대사	D1	FOR RESCUING ME, I WILL GIVE YOU MY LIFE SAVINGS.	
03854	1524:0:2	대사	D1	ALL THE OTHER JINJO HOUSES IN THE VILLAGE ARE EMPTY, BUT SHOULD HAVE FAMILIES IN EACH ONE.	
03855	1524:0:3	대사	D1	RESCUE ALL THE MEMBERS OF A FAMILY AND THEY'LL PROBABLY REWARD YOU...	
03856	1525:0:0	대사	D1	THE WHITE JINJO FAMILY IS COMPLETE!	
03857	1525:0:1	대사	D1	HE'D LIKE YOU TO HAVE THIS...	
03858	1526:0:0	대사	D1	THE ORANGE JINJO FAMILY IS COMPLETE!	
03859	1526:0:1	대사	D1	THEY'D LIKE YOU TO HAVE THIS...	
03860	1527:0:0	대사	D1	THE YELLOW JINJO FAMILY IS COMPLETE!	
03861	1527:0:1	대사	D1	THEY'D LIKE YOU TO HAVE THIS...	
03862	1528:0:0	대사	D1	THE BROWN JINJO FAMILY IS COMPLETE!	
03863	1528:0:1	대사	D1	THEY'D LIKE YOU TO HAVE THIS...	
03864	1529:0:0	대사	D1	THE GREEN JINJO FAMILY IS COMPLETE!	
03865	1529:0:1	대사	D1	THEY'D LIKE YOU TO HAVE THIS...	
03866	152A:0:0	대사	D1	THE RED JINJO FAMILY IS COMPLETE!	
03867	152A:0:1	대사	D1	THEY'D LIKE YOU TO HAVE THIS...	
03868	152B:0:0	대사	D1	THE BLUE JINJO FAMILY IS COMPLETE!	
03869	152B:0:1	대사	D1	THEY'D LIKE YOU TO HAVE THIS...	
03870	152C:0:0	대사	D1	THE PURPLE JINJO FAMILY IS COMPLETE!	
03871	152C:0:1	대사	D1	THEY'D LIKE YOU TO HAVE THIS...	
03872	152D:0:0	대사	D1	THE BLACK JINJO FAMILY IS COMPLETE!	
03873	152D:0:1	대사	D1	THEY'D LIKE YOU TO HAVE THIS...	
03874	152E:1:0	대사	03:19	YOU HAVE ENOUGH JIGGIES TO ATTEMPT MY CHALLENGE.	
03875	152E:1:1	대사	03:19	BUT YOU CAN'T ENTER MY TEMPLE UNTIL YOU ARE BOTH BEAR AND BIRD.	
03876	152F:0:0	대사	03:24	...OLD KING COAL?	
03877	152F:0:1	대사	03:24	OH YEAH, HE'S A RIGHT ONE...	
03878	1530:0:0	대사	03:24	...DON'T MESS WITH TARGITZAN. HE'S GOT A TERRIBLE TEMPER!	
03879	1531:0:0	대사	03:24	...BE QUICK ON THE PLAINS.	
03880	1531:0:1	대사	03:24	STOMPONADON SHOWS NO MERCY...	
03881	1532:0:0	대사	03:24	...I HEARD THAT MINJOS LOOK JUST LIKE US JINJOS.	
03882	1532:0:1	대사	03:24	HOW BIZARRE...	
03883	1533:0:0	대사	03:24	...I HEAR TERRY'S WIFE LEFT HIM RECENTLY, SO HIS LITTLE 'UNS ARE ALL HE HAS LEFT.	
03884	1533:0:1	대사	03:24	HE'S VERY PROTECTIVE OF THEM...	
03885	1534:0:0	대사	03:24	...OH YES, LORD WOO AND I GO WAY BACK.	
03886	1534:0:1	대사	03:24	WE OFTEN GO FISHING TOGETHER, BUT I'M NOT SUPPOSED TO TELL ANYONE...	
03887	1535:0:0	대사	03:2D	I BELIEVE YOU SHOULD GO AND SEE MASTER JIGGYWIGGY IN HIS TEMPLE NOW.	
03888	1535:0:3	대사	03:2D	JIGGYWIGGY.	
03889	1535:0:4	대사	03:2D	HE'S THE LEADER OF A SECRET AND ANCIENT ORDER DEDICATED TO THE MYSTICAL POWERS OF THE CRYSTAL JIGGY.	
03890	1535:0:7	대사	03:2D	NO, HONEST, IT'S ALL TRUE!	
03891	1535:0:8	대사	03:2D	HE'S VERY IMPORTANT TO YOUR ADVENTURE, AS ONLY THE CRYSTAL JIGGY CAN OPEN THE WORLDS THAT YOU MUST ENTER.	
03892	1535:0:11	대사	03:2D	IT'LL BE MY PLEASURE...	
03893	1535:1:2	대사	80	JIGGY WHO?	
03894	1535:1:5	대사	81	ANCIENT ORDER?	
03895	1535:1:6	대사	81	CRYSTAL JIGGY?	
03896	1535:1:7	대사	81	YOU JUST MADE THAT UP, DIDN'T YOU?	
03897	1535:1:10	대사	80	CAN YOU SHOW US THE WAY, KING DINGALING?	
03898	1536:0:0	대사	03:2D	THEY'RE ALL GONE!	
03899	1536:0:1	대사	03:2D	COME AND SEE ME IN MY THRONE ROOM, AND I'LL TELL YOU WHAT HAPPENED...	
03900	1537:0:0	대사	03:16	I AM JIGGYWIGGY AND THIS IS MY TEMPLE.	
03901	1537:0:1	대사	03:16	IF YOU WANT TO SEE ME, YOU'LL NEED TO GET PAST MY DOORMAN FIRST...	
03902	1538:0:0	대사	03:16	THIS IS THE TEMPLE OF JIGGYWIGGY.	
03903	1538:0:1	대사	03:16	YOU DO NOT HAVE ENOUGH JIGGIES TO ATTEMPT CHALLENGE ~.	
03904	1538:0:3	대사	03:16	RETURN LATER WHEN YOU DO.	
03905	1539:0:0	대사	03:2F	HEY THERE, BANJO!	
03906	1539:0:3	대사	03:2F	ME AND MY DAD ARE GOING TO BE PLAYING IN THE KICKBALL TOURNAMENT NEXT WEEK OVER AT THE MAYAN STADIUM!	
03907	1539:0:4	대사	03:2F	KING JINGALING HAS ORGANIZED IT ESPECIALLY FOR MY DAD, SINCE HE'S SUCH A HERO!	
03908	1539:0:7	대사	03:2F	WHY WOULD WE NEED SUBSTITUTES?	
03909	1539:0:8	대사	03:2F	MY DAD IS THE BEST ON THE TEAM!	
03910	1539:0:11	대사	03:2F	AND DID YOU KNOW THAT TUNNEL OVER THERE IS MY SECRET WAY OUT OF THE VILLAGE?	
03911	1539:0:12	대사	03:2F	YOU MIGHT FIND IT USEFUL...	
03912	1539:0:15	대사	03:2F	NICE!	
03913	1539:1:1	대사	80	HI, SPECCY!	
03914	1539:1:4	대사	81	ER, I DON'T SUPPOSE YOU HAVE ANY SUBSTITUTES?	
03915	1539:1:7	대사	80	I'M SURE HE WAS... ER, IS!	
03916	1539:1:10	대사	81	WE ALREADY KNOW THAT!	
03917	1539:1:11	대사	81	KING DANGALING IS A PERSONAL FRIEND OF OURS.	
03918	1539:1:12	대사	80	HE OPENED IT UP ESPECIALLY FOR US...	
03919	153A:0:0	대사	03:4A	CLUCK!	
03920	153A:0:1	대사	03:4A	HELLO.	
03921	153A:0:2	대사	03:4A	CLUCK!	
03922	153A:0:3	대사	03:4A	HEGGY THE HEN!	
03923	153A:0:6	대사	03:4A	CLUCK!	
03924	153A:0:7	대사	03:4A	CLEVER BEAR.	
03925	153A:0:8	대사	03:4A	CLUCK!	
03926	153A:0:10	대사	03:4A	FIND SPECIAL EGG.	
03927	153A:0:11	대사	03:4A	CLUCK!	
03928	153A:0:12	대사	03:4A	THEN HEGGY HATCH.	
03929	153A:1:2	대사	80	ER, HI, HEGGY.	
03930	153A:1:3	대사	80	I ASSUME SOMETHING EGG-RELATED HAPPENS IN HERE?	
03931	153B:0:0	대사	03:4A	CLUCK!	
03932	153B:0:1	대사	03:4A	HEGGY THE HEN!	
03933	153B:0:2	대사	03:4A	CLUCK!	
03934	153B:0:3	대사	03:4A	FIND SPECIAL EGG.	
03935	153C:0:0	대사	03:4A	CLUCK!	
03936	153C:0:1	대사	03:4A	GOT NO SPECIAL EGGS YET.	
03937	153C:0:4	대사	03:4A	CLUCK!	
03938	153C:0:5	대사	03:4A	HEGGY GOT ONE.	
03939	153C:0:6	대사	03:4A	CLUCK!	
03940	153C:0:7	대사	03:4A	BUT CAN'T REACH IT.	
03941	153C:0:8	대사	03:4A	CLUCK!	
03942	153C:0:9	대사	03:4A	SO YOU MUST HATCH...	
03943	153C:1:2	대사	81	'FRAID NOT.	
03944	153D:0:0	대사	03:4A	CLUCK!	
03945	153D:0:1	대사	03:4A	GOT HEGGY SPECIAL EGG.	
03946	153D:0:4	대사	03:4A	CLUCK!	
03947	153D:0:5	대사	03:4A	THROW IT IN NEST.	
03948	153D:1:2	대사	81	THAT'S RIGHT.	
03949	153D:1:3	대사	81	IT'S REAL SPECIAL.	
03950	153E:0:0	대사	03:4A	CLUCK!	
03951	153E:0:1	대사	03:4A	GOT ANOTHER HEGGY EGG.	
03952	153E:0:4	대사	03:4A	CLUCK!	
03953	153E:0:5	대사	03:4A	YUP.	
03954	153E:1:2	대사	80	IN THE OTHER NEST, RIGHT?	
03955	153F:0:0	대사	03:4A	CLUCK!	
03956	153F:0:1	대사	03:4A	GOT BOTH SPECIAL HEGGY EGGS.	
03957	153F:0:4	대사	03:4A	CLUCK!	
03958	153F:0:5	대사	03:4A	SKINNY BIRD HEGGY'S HERO.	
03959	153F:0:6	대사	03:4A	CLUCK!	
03960	153F:0:7	대사	03:4A	THROW THEM IN NESTS.	
03961	153F:1:2	대사	81	PIECE OF CAKE, ACTUALLY.	
03962	1540:0:0	대사	03:4A	CLUCK!	
03963	1540:0:1	대사	03:4A	WATCH HEGGY HATCH...	
03964	1541:0:0	대사	03:4A	CLUCK!	
03965	1541:0:1	대사	03:4A	SPECIAL HEGGY EGG AWARD HOMING EGGS.	
03966	1541:0:2	대사	03:4A	CLUCK!	
03967	1541:0:3	대사	03:4A	VERY NICE...	
03968	1541:0:4	대사	03:4A	CLUCK!	
03969	1541:0:5	대사	03:4A	GO TO CHEATO CODE ROOM AND ENTER HOMING TO ENABLE FEATURE.	
03970	1542:0:0	대사	03:4A	CLUCK!	
03971	1542:0:1	대사	03:4A	SPECIAL HEGGY EGG AWARD BREEGULL BASH.	
03972	1542:0:2	대사	03:4A	CLUCK!	
03973	1542:0:3	대사	03:4A	PRESS {86} AND {86} AGAIN FOR SKINNY BIRD BASH.	
03974	1542:0:4	대사	03:4A	CLUCK!	
03975	1542:0:5	대사	03:4A	SO FUNNY.	
03976	1543:0:0	대사	03:4A	CLUCK!	
03977	1543:0:1	대사	03:4A	SPECIAL HEGGY EGG AWARD JINJO AS MULTIPLAYER CHARACTER.	
03978	1543:0:2	대사	03:4A	CLUCK!	
03979	1543:0:3	대사	03:4A	WHO IS JINJO?	
03980	1544:0:0	대사	03:4A	CLUCK!	
03981	1544:0:1	대사	03:4A	TAKE SMELLY BEAR WITH YOU!	
03982	1545:0:0	대사	03:4A	CLUCK!	
03983	1545:0:1	대사	03:4A	TAKE SKINNY BIRD WITH YOU.	
03984	1545:0:2	대사	03:4A	CLUCK!	
03985	1545:0:3	대사	03:4A	MAKES HEGGY JEALOUS.	
03986	1546:0:0	대사	03:4A	CLUCK!	
03987	1546:0:1	대사	03:4A	GO FIND SPECIAL EGGS.	
03988	1547:0:0	대사	03:4A	CLUCK!	
03989	1547:0:1	대사	03:4A	STILL HEGGY EGG TO FIND.	
03990	1548:0:0	대사	03:4A	CLUCK!	
03991	1548:0:1	대사	03:4A	HEGGY DONE NOW.	
03992	1548:0:2	대사	03:4A	CLUCK!	
03993	1548:0:3	대사	03:4A	YOU MUST HATCH OTHER EGG.	
03994	1549:0:0	대사	03:4A	CLUCK!	
03995	1549:0:1	대사	03:4A	SPECIAL EGGS ALL HATCHED.	
03996	154A:0:0	대사	03:17	YOU DON'T HAVE ENOUGH JIGGIES.	
03997	154A:0:1	대사	03:17	ONE MORE IS NEEDED IF YOU WISH TO BE GRANTED AN AUDIENCE WITH THE GREAT JIGGYWIGGY.	
03998	154B:0:0	대사	E3	THAT LOOKS LIKE A BANJO-KAZOOIE GAME PAK!	
03999	154B:0:1	대사	E3	I WONDER WHAT'S INSIDE?	
04000	154C:1:0	대사	80	NOT BAD FOR A KING, HUH?	
04001	154C:1:1	대사	81	YEAH, HIS STRANGE PET THINGY WAS COOL.	
04002	154C:1:2	대사	80	LET'S GO AND FIND THAT JIMMYWIGGY THEN...	
04003	154D:0:0	대사	03:2D	THIS IS MY PALACE.	
04004	154D:0:1	대사	03:2D	NOT BAD, EH?	
04005	154D:0:2	대사	03:2D	JUST COME ON IN AND SEE THE JINGSTER!	
04006	154E:0:0	대사	83	SORRY, GUYS, BUT YOU CAN'T COME TO THE PARTY UNTIL THE WITCH IS HISTORY.	
04007	154E:0:1	대사	03:2A	YUSSS...	
04008	154E:0:2	대사	03:2A	BEAR AND BIRD MUSSST GO BACK TO CASSSTLE AND BASSSH MISSSTRESSS.	
04009	154E:0:4	대사	03:2E	HURRY ALONG, BANJO DEAR.	
04010	154E:0:5	대사	03:2E	I'LL SAVE YOU ONE OF MY SCONES...	
04011	154F:0:0	대사	83	YOU'RE NOT COMING IN!	
04012	154F:0:1	대사	03:2E	PLEASE GO AND DEFEAT THE WITCH IN HER CASTLE. THERE'S A GOOD BEAR...	
04013	154F:0:2	대사	03:2A	YUSSS.	
04014	154F:0:3	대사	03:2A	NOW PASSS KLUNGO ANOTHER SSSCONE...	
04015	1550:0:0	대사	E3	YES, SIR!	
04016	1550:0:1	대사	E3	IT'S THE FABLED BANJO-KAZOOIE ICE KEY!	
04017	1550:0:2	대사	E3	I WONDER WHAT IT OPENS...	
04018	1551:0:0	대사	E3	WOW!	
04019	1551:0:1	대사	E3	IT'S BANJO-KAZOOIE'S MYSTERIOUS BLUE SECRET EGG!	
04020	1551:0:2	대사	E3	I WONDER WHAT'S INSIDE...	
04021	1552:0:0	대사	E3	WELL, WELL, WELL!	
04022	1552:0:1	대사	E3	IT'S BANJO-KAZOOIE'S MYSTERIOUS PINK SECRET EGG!	
04023	1552:0:2	대사	E3	I WONDER WHAT'S INSIDE...	
04024	1553:0:0	대사	03:1A	HERE'S YOUR EXTRA ENERGY...	
04025	1554:0:0	대사	03:16	YOU'VE FAILED MANY TIMES.	
04026	1554:0:1	대사	03:16	PERHAPS YOU'RE NOT THE CHOSEN ONE AFTER ALL.	
04027	1554:0:2	대사	03:16	SHALL I AID YOU BY REMOVING THE TIMER?	
04028	1555:0:0	대사	03:16	THE TIMER IS NO MORE, SO NOW YOU MAY TAKE ALL DAY...	
04029	1556:0:0	대사	03:2D	WELCOME BACK!	
04030	1556:0:3	대사	03:2D	COULDN'T BE BETTER, THANKS!	
04031	1556:0:4	대사	03:2D	HEY, THAT MRS. B IS A WIZARD COOK - THOSE SCONES AT THE PARTY WERE TOP NOTCH.	
04032	1556:0:7	대사	03:2D	SORRY...	
04033	1556:1:1	대사	80	ARE YOU FEELING BETTER NOW, MR. RINGADING?	
04034	1556:1:4	대사	81	HRMPH... WE WOULDN'T KNOW.	
04035	1556:1:5	대사	81	YOU AND GREEDY KLUNGO ATE THEM ALL BEFORE WE COULD GET THERE.	
04036	1557:0:0	대사	03:2D	IT'S ALL QUIET IN JINJO VILLAGE. I THINK YOU CAN GO HOME.	
04037	1557:0:3	대사	03:2D	SINGALONG?	
04038	1557:0:4	대사	03:2D	RINGADING?	
04039	1557:0:5	대사	03:2D	DINGALING?	
04040	1557:0:6	대사	03:2D	C'MON, GUYS, PLEASE REMEMBER MY NAME - I'M THE ONE AND ONLY KING JINGALING!	
04041	1557:1:1	대사	81	YEAH, KING SINGALONG, UNTIL YOUR PEOPLE NEED SAVING FOR A THIRD TIME...	
04042	1558:0:0	대사	03:2D	WELCOME BACK!	
04043	1558:0:3	대사	03:2D	MUCH BETTER, THANKS.	
04044	1558:0:4	대사	03:2D	AND PLEASE, THE NAME'S JINGALING!	
04045	1558:1:1	대사	80	ARE YOU FEELING BETTER NOW, MR. DINGALONG?	
04046	1559:0:0	대사	03:2D	EVERYTHING SEEMS TO BE SLOWLY RETURNING BACK TO NORMAL...	
04047	155A:1:0	대사	03:19	OH!	
04048	155A:1:1	대사	03:19	THAT'S STRANGE...	
04049	155A:1:2	대사	03:19	IT WOULD APPEAR THAT SOME OTHER FORCE HAS OPENED THIS DOOR!	
04050	155B:0:0	대사	03:16	EXCELLENT.	
04051	155B:0:1	대사	03:16	YOU HAVE PROVED YOURSELF MOST WORTHY BY OPENING ALL THE DOORS.	
04052	155B:0:2	대사	03:16	A SUPER SPECIAL CHALLENGE NOW AWAITS - ONE THAT HAS NO REWARD, YET IS THE GREATEST TEST OF ALL.	
04053	155B:0:3	대사	03:16	PRESS {86} IF YOU WISH TO TRY IT...	
04054	155C:0:0	대사	03:16	APPROACH THE MONOLITH AND PRESS {86} TO ATTEMPT THE SUPER SPECIAL CHALLENGE.	
04055	155D:0:0	대사	03:16	BY THE GREAT JIGGY!	
04056	155D:0:1	대사	03:16	YOU HAVE COMPLETED MY SUPER SPECIAL CHALLENGE.	
04057	155E:0:0	대사	03:16	YOU HAVE FAILED.	
04058	155E:0:1	대사	03:16	BUT ALAS, IT WAS TO BE EXPECTED.	
04059	155F:0:0	대사	03:16	BEHOLD THE SUPER SPECIAL CHALLENGE!	
04060	155F:0:1	대사	03:16	NOW YOU WILL ALSO NEED TO ROTATE PIECES BY PRESSING {85} AND {82}.	
04061	155F:0:2	대사	03:16	I AWAIT YOUR FASTEST COMPLETION TIME...	
04062	1560:0:0	대사	03:16	LET IT BE KNOWN THE FASTEST TIME SO FAR IS ~.	
04063	1561:0:0	대사	03:16	JIGTASTIC!	
04064	1561:0:1	대사	03:16	I DECLARE THAT THE NEW FASTEST TIME OF ~ SURPASSES THE OLD RECORD OF ~.	
04065	1562:0:0	대사	03:16	A MOST WORTHY EFFORT, WHICH EQUALLED THE FASTEST TIME OF ~.	
04066	1563:0:0	대사	03:16	A WORTHY EFFORT INDEED, BUT THE RECORD REMAINS AT ~.	
04067	1564:0:0	대사	03:16	JIGTASTIC!	
04068	1564:0:1	대사	03:16	I DECLARE THAT ~ IS THE FASTEST TIME - YOU TRULY ARE THE CHOSEN ONE.	
04069	1565:0:0	대사	D1	PHEW! I AM GRATEFUL FOR YOUR HELP - I THOUGHT I'D NEVER FIND MY WAY HOME.	
04070	1565:0:1	대사	D1	TAKE THIS JIGGY FOR YOUR TROUBLE!	
04071	1566:0:0	대사	03:2D	YO THERE!	
04072	1566:0:1	대사	03:2D	I THINK YOU SHOULD COME AND PAY ME A VISIT BEFORE YOU LEAVE.	
04073	15BE:0:0	대사	DB	HELP!	
04074	15BE:0:1	대사	DB	I WAS KNOCKED OFF THE BARBEQUE AND ENDED UP UNDER THIS RATHER WEIGHTY BOULDER.	
04075	15BE:0:2	대사	DB	PLEASE GET RID OF IT - I CAN HARDLY BREATHE!	
04076	15BF:0:0	대사	DB	AH, THAT'S SO MUCH BETTER.	
04077	15BF:0:2	대사	DB	YOU'RE RIGHT.	
04078	15BF:0:3	대사	DB	I'LL PROBABLY DRY UP AND DIE IF I DON'T GET BACK TO THE MOAT AROUND THE SPIRAL MOUNTAIN SOON.	
04079	15BF:0:5	대사	DB	WELL, I'D WALK THERE MYSELF, BUT WE GOLDFISH ARE A LITTLE DISADVANTAGED IN THE LEG DEPARTMENT...	
04080	15BF:1:2	대사	80	SHOULDN'T YOU BE IN THE WATER WHERE IT'S SAFER?	
04081	15BF:1:4	대사	81	I SUPPOSE YOU'LL BE WANTING A CARRY THEN?	
04082	15C0:0:0	대사	DB	THANKS, GUYS!	
04083	15C0:0:1	대사	DB	PERHAPS THESE EXTRA BUBBLES MAY BE OF SOME USE.	
04084	15C0:0:4	대사	DB	SORRY, I'M ALL OUT OF THOSE.	
04085	15C0:0:5	대사	DB	HOWEVER, I'LL ALSO TEACH YOU HOW TO SWIM FASTER!	
04086	15C0:0:6	대사	DB	SIMPLY PRESS {87} AND {86} TOGETHER.	
04087	15C0:0:7	대사	DB	CHEERIO!	
04088	15C0:1:2	대사	81	BUBBLES?	
04089	15C0:1:3	대사	81	WE WANT AT LEAST A JIGGY FOR THAT!	
04090	15C1:0:0	대사	DB	PLEASE HELP ME!	
04091	15C1:0:1	대사	DB	HURRY, BECAUSE IF I DIE, YOUR GARDEN WILL SMELL OF DEAD FISH.	
04092	15C2:0:0	대사	DB	I'M GOING TO DIE IF I DON'T GET TO MY MOAT SOON...	
04093	15C3:0:0	대사	DB	BANJO, TELL THAT BIRD TO STOP TRYING TO EAT ME IN HERE!	
04094	15C4:0:0	대사	DB	I'D APPRECIATE CONTACT WITH WATER FAIRLY QUICKLY...	
04095	15C5:0:0	대사	03:1D	HA, HA, HAAAA!	
04096	15C5:0:1	대사	03:1D	FINALLY I AM FREEEE!	
04097	15C5:0:3	대사	03:1D	FROM DEAD BOY DOWN THERE...	
04098	15C5:0:5	대사	03:1D	I AM BOTTLES' EVIL SPIRIT.	
04099	15C5:1:1	대사	80	GULP!	
04100	15C5:1:2	대사	81	FREE FROM WHERE?	
04101	15C5:1:5	대사	80	YOU DON'T LOOK VERY EVIL...	
04102	15C5:1:6	대사	81	YEAH.	
04103	15C5:1:7	대사	81	YOU LOOK LIKE A NICE GHOST...	
04104	15C6:0:0	대사	03:1D	HURRY UP AND GET AFTER THE WITCH!	
04105	15C6:0:1	대사	03:1D	CAN'T YOU SEE I AM DECAYING DOWN THERE?	
04106	15C7:0:0	대사	03:1D	LOOK AT MY BEST CLOTHES - THEY'RE ALL BURNT!	
04107	15C8:0:0	대사	03:1D	HEY, I WAS THE STAR OF BANJO-KAZOOIE!	
04108	15C8:0:1	대사	03:1D	WHO'S GOING TO HELP YOU NOW I'M DEAD?	
04109	15C9:0:0	대사	03:1D	OH NO!	
04110	15C9:0:1	대사	03:1D	VARIOUS INSECTS ARE TAKING AN INTEREST IN MY CORPSE...	
04111	15CA:0:0	대사	03:3A	DON'T THINK I'M NEEDED HERE.	
04112	15CA:0:1	대사	03:3A	SEE YOU LATER!	
04113	15CB:0:1	대사	03:3A	EVIL ENOUGH.	
04114	15CB:0:2	대사	03:3A	I'M GOING TO FOLLOW YOU AROUND AND USE MY SINISTER ABILITIES TO POSSESS WEAK-MINDED CREATURES AS YOU PLAY...	
04115	15CB:0:5	대사	03:3A	ISN'T IT JUST?	
04116	15CB:0:6	대사	03:3A	ANYWAY, I WILL AUTOMATICALLY POSSESS THE NEAREST CREATURE TO YOU.	
04117	15CB:0:9	대사	03:3A	SIMPLE.	
04118	15CB:0:10	대사	03:3A	IT WILL ALLOW A FRIEND TO CONTROL THE CREATURE USING THE SECOND CONTROLLER TO TRY AND HINDER YOUR PROGRESS!	
04119	15CB:0:13	대사	03:3A	I AM, AREN'T I?	
04120	15CB:0:14	대사	03:3A	PLAYER 2 SHOULD LOOK OUT FOR THE MAGIC SPARKLIES WHEN A CREATURE THAT I CAN POSSESS IS WITHIN RANGE...	
04121	15CB:0:17	대사	03:3A	YES.	
04122	15CB:0:18	대사	03:3A	WHITE SPARKLIES INDICATE THE NEXT CREATURE THAT WILL BE CONTROLLABLE WHEN {80} IS PRESSED.	
04123	15CB:1:1	대사	80	OH DEAR.	
04124	15CB:1:2	대사	80	JUST HOW EVIL ARE YOU?	
04125	15CB:1:5	대사	81	COOL!	
04126	15CB:1:8	대사	80	BUT WHY WOULD YOU WANT TO DO THAT?	
04127	15CB:1:11	대사	81	YOU FIENDISH GHOUL!	
04128	15CB:1:14	대사	80	SPARKLIES?	
04129	15CB:1:17	대사	80	I'M SURE THAT'S ALL VERY NICE.	
04130	15CB:1:18	대사	80	C'MON, KAZOOIE, LET'S IGNORE THIS SILLY SPIRIT AND GET ON WITH OUR QUEST...	
04131	1622:0:0	대사	03:2A	HUR, HUR, HUR!	
04132	1622:0:1	대사	03:2A	IF IT ISSSN'T THE BEAR AND BIRD WHO CAUSSSED SSSO MUCH TROUBLE TO MISSSTRESSS GRUNTY!	
04133	1622:0:4	대사	03:2A	HUR, HUR, HUR!	
04134	1622:0:5	대사	03:2A	YOU IS SSSTUPID!	
04135	1622:0:8	대사	03:2A	HUR H...EH?	
04136	1622:0:9	대사	03:2A	KLUNGO ISSS MAD NOW!	
04137	1622:0:10	대사	03:2A	YOUR GAME ENDSSS HERE!	
04138	1622:1:1	대사	80	HMM, I DON'T RECALL ANYTHING LIKE THAT HAPPENING.	
04139	1622:1:4	대사	81	AT LEAST WE CAN SPEAK PROPERLY!	
04140	1623:0:0	대사	03:2A	SSSTUPID BEAR AND BIRD NOT LEARN...	
04141	1623:0:3	대사	03:2A	TIME FOR KLUNGO DRINKIESSS...	
04142	1623:1:1	대사	81	WE'RE READY FOR YOU THIS TIME, DUMBO!	
04143	1624:0:0	대사	03:2A	YURRR!	
04144	1624:0:1	대사	03:2A	NOW KLUNGO SSSQUASSSH!	
04145	1625:0:0	대사	03:2A	YURRR!	
04146	1625:0:1	대사	03:2A	NOT FIND CLEVER KLUNGO NOW!	
04147	1626:0:0	대사	03:2A	YURRR!	
04148	1626:0:1	대사	03:2A	NOW NOT KNOW WHICH ISSS REAL KLUNGO!	
04149	1627:0:0	대사	03:2A	NASSSTY BEAR AND BIRD HURTSSS POOR KLUNGO!	
04150	1627:0:3	대사	03:2A	YURRR...GOOD IDEA.	
04151	1627:0:4	대사	03:2A	BUT YOU NOT SSSEEN LASSST OF KLUNGO!	
04152	1627:1:1	대사	81	YOU ASKED FOR IT...	
04153	1627:1:2	대사	80	WHY DON'T YOU RUN OFF, AND WE'LL FORGET THIS EVER HAPPENED?	
04154	1628:0:1	대사	03:2A	HUR, HUR, HUR!	
04155	1628:0:2	대사	03:2A	MISSSTRESSS SSSAID KLUNGO MUSSST SSSTOP YOU OR I GET MORE BEATINGSSS...	
04156	1628:0:5	대사	03:2A	NO.	
04157	1628:0:6	대사	03:2A	KLUNGO WIN THISSS TIME, HASSS NEW POTION TO TRY...	
04158	1628:1:0	대사	80	AW NO, NOT YOU AGAIN...	
04159	1628:1:3	대사	80	WE'LL GIVE YOU A BEATING TOO!	
04160	1629:0:0	대사	03:2A	SSSTUPID BEAR AND BIRD SSSTILL NOT LEARN...	
04161	1629:1:1	대사	81	C'MON, JUST DRINK YOUR POTION AND LET'S GET ON WITH IT!	
04162	162A:0:0	대사	03:2A	BEAR AND BIRD BEATSSS POOR KLUNGO AGAIN!	
04163	162A:0:3	대사	03:2A	NOOO, MISSSTRESSS NEEDSSS ME!	
04164	162A:1:1	대사	80	IT CAN'T BE GOOD FOR YOUR HEALTH, KLUNGO.	
04165	162A:1:2	대사	80	WHY NOT RETIRE?	
04166	162B:0:1	대사	03:2A	KLUNGO CLEVER, LEARN LOTSSS.	
04167	162B:0:2	대사	03:2A	HASSS LEARNT NEW POTION.	
04168	162B:0:5	대사	03:2A	YUSSS...ERR, KLUNGO MEANS NO.	
04169	162B:0:6	대사	03:2A	MUSSST WIN THISSS TIME OR MISSSTRESSS FEED ME TO MONSSSTER...	
04170	162B:1:0	대사	80	DON'T YOU EVER LEARN?	
04171	162B:1:3	대사	81	IS IT AS USELESS AS ALL THE OTHERS?	
04172	162C:0:1	대사	03:2A	YUSSS...	
04173	162C:0:2	대사	03:2A	KLUNGO NOT WANT TO BE MONSSSTER'SSS DINNER...	
04174	162C:1:0	대사	81	ANY LAST REQUESTS, DULLARD?	
04175	162D:0:0	대사	03:2A	KLUNGO NOTICE SSSOMETHING HAPPENING AFTER FIGHTSSS WITH BEAR AND BIRD...	
04176	162D:0:3	대사	03:2A	SSSNIFF!	
04177	162D:0:4	대사	03:2A	KLUNGO GETSSS LESSS AND LESSS HANDSSSOME...	
04178	162D:0:5	대사	03:2A	NOW MRSSS. KLUNGO WON'T WANT ME ANYMORE...	
04179	162D:1:1	대사	80	AND THAT IS?	
04180	162E:0:0	대사	03:2A	FUTURE PROSSSPECTSSS NOT GOOD WITH MISSSTRESSS GRUNTY.	
04181	162E:0:1	대사	03:2A	NO CHANCE OF PROMOTION...	
04182	162E:0:2	대사	03:2A	NO DAYSSS OFF...	
04183	162E:0:3	대사	03:2A	NO PAY...	
04184	162E:0:4	대사	03:2A	KLUNGO GO FIND EASSSY DESSSK JOB, MAYBE MAKE SSSTUPID GAMESSS...	
04185	162F:0:0	대사	03:2A	CLEVER KLUNGO HIDE BEHIND MAGIC SSSHIELD!	
04186	162F:0:1	대사	03:2A	NOW SSSHOW BEAR MY SSSPECIAL POTION...	
04187	1630:0:0	대사	03:2A	DURRR!	
04188	1630:0:1	대사	03:2A	USSSELESSS POTION GIVE AWAY KLUNGO POSITION...	
04189	1631:0:0	대사	03:2A	HUR, HUR, HUR!	
04190	1631:0:1	대사	03:2A	SSSTUPID BEAR CAN'T FIND KLUNGO...	
04191	1632:0:0	대사	03:2A	HURRR?	
04192	1632:0:1	대사	03:2A	POTION WEAR OUT...	
04193	1633:1:0	대사	80	HEY, KAZOOIE, THERE DOESN'T APPEAR TO BE ANYONE IN HERE...	
04194	1633:1:1	대사	81	OH, YES THERE IS. THE MUSIC'S CHANGED.	
04195	1633:1:2	대사	81	EVERY TIME THAT HAPPENS, WE ALWAYS END UP IN A FIGHT...	
04196	1634:0:0	대사	03:2A	YARRRRRR!	
04197	1634:0:1	대사	03:2A	KLUNGO MUSSST DEFEND MISSSTRESSS GRUNTY CASSSTLE!	
04198	1635:0:0	대사	03:2A	KLUNGO COMING, MISSSTRESSS!	
04199	1635:0:1	대사	03:2A	PLEASSSE BEAT FAILURE KLUNGO WITH BROOMSSSTICK!	
04200	1636:0:0	대사	03:2A	KLUNGO RETURN FOR MORE BEATINGSSS...	
04201	1636:0:1	대사	03:2A	THEN WORK ON NEW POTION...	
04202	1637:0:0	대사	03:2A	KLUNGO HAD ENOUGH...	
04203	1638:0:0	대사	03:2A	HUR, HUR, HUR!	
04204	1638:0:1	대사	03:2A	SSSTUPID BEAR AND BIRD COMING.	
04205	1638:0:2	대사	03:2A	ME WAIT FOR THEM IN HERE...	
04206	1686:1:1	대사	9C	PRESSING THE CONTROL STICK ONLY SLIGHTLY WILL MAKE YOU TIPTOE SILENTLY.	
04207	1687:1:0	대사	9C	LOOK OUT FOR DOOR PANELS IN THE WALLS AND PRESS {87} WHEN STANDING IN FRONT OF ONE TO OPEN IT.	
04208	1688:1:0	대사	9C	WHEN IN BREEGULL BLASTER SECTIONS, ACTIVATE THE AIMING SIGHT BY HOLDING {80}.	
04209	1688:1:1	대사	9C	RELEASE THE BUTTON TO DEACTIVATE IT AGAIN.	
04210	1689:1:1	대사	9C	COME INSIDE AND HAVE YOUR FORTUNE TOLD BY MADAME GRUNTY!	
04211	1689:1:2	대사	9C	HOWEVER, WE ARE CONTRACTUALLY OBLIGED TO POINT OUT THAT YOU MAY NOT NECESSARILY LIKE WHAT SHE DECIDES.	
04212	168A:1:1	대사	9C	WITCHYWORLD THEME PARK IS CURRENTLY CLOSED DUE TO AN APPALLING SAFETY RECORD.	
04213	168A:1:2	대사	9C	ONCE THE AUTHORITIES HAVE BEEN BRIBED, WE WILL REOPEN.	
04214	168A:1:3	대사	9C	THANK YOU.	
04215	168B:1:0	대사	9C	WARNING!	
04216	168B:1:1	대사	9C	TRESPASSERS IN THE QUICKSAND ARE LIABLE TO BE EATEN.	
04217	168C:1:0	대사	9C	BIG AL'S BURGERS.	
04218	168C:1:1	대사	9C	100 PERCENT 'MEAT OF RODENT ORIGIN' TOPPED WITH A SYNTHETIC CHEESE SLICE.	
04219	168D:1:0	대사	9C	SALTY JOE'S FRIES.	
04220	168D:1:1	대사	9C	THE TASTE-FREE GREASY ALTERNATIVE TO A DECENT MEAL.	
04221	168E:1:0	대사	9C	WARNING!	
04222	168E:1:1	대사	9C	THE MANAGEMENT ACCEPTS NO RESPONSIBILITY FOR SOILED UNDERWEAR AS A RESULT OF VIEWING THE CAVE OF HORRORS EXHIBITS.	
04223	168F:1:0	대사	9C	WARNING!	
04224	168F:1:1	대사	9C	TRESPASSERS IN THE EXCEEDINGLY HOT WATER ARE LIKELY TO BE COOKED.	
04225	1690:1:0	대사	9C	ANYONE WHO RIDES ALL THE QUALITY ATTRACTIONS AND SURVIVES IS ENTITLED TO JOIN THE WITCHYWORLD FAN CLUB.	
04226	1690:1:1	대사	9C	CURRENT CLUB MEMBERS - 0.	
04227	1691:1:0	대사	9C	THE MANAGEMENT ACCEPTS NO RESPONSIBILITY FOR THE THIEVING PICKPOCKETS THAT IT EMPLOYS WITHIN WITCHYWORLD.	
04228	1692:1:0	대사	9C	QUEUE HERE TO RIDE IN THE GREAT BUBBLE ELEVATOR UP TO THE CLOUDS.	
04229	1693:1:0	대사	9C	HAVE YOU LOOKED ON THE ROOF OF THE RED JINJO HOUSE?	
04230	1694:1:0	대사	9C	WITCHYWORLD IS WHERE FORTUNE MAY SMILE UPON YOU.	
04231	1695:1:0	대사	9C	AN EGG CONTAINER FOLLOWED BY JINGALING?	
04232	1696:1:0	대사	9C	ROAR,	
04233	1696:1:1	대사	9C	ROAR,	
04234	1696:1:2	대사	9C	RRROAAAARR,	
04235	1696:1:3	대사	9C	ROAR,	
04236	1696:1:4	대사	9C	RRROAAAARR,	
04237	1696:1:5	대사	9C	RRROAAAARR,	
04238	1696:1:6	대사	9C	THEN THE GLITTERING PRIZE WILL BE YOURS...	
04239	1697:1:0	대사	9C	WITCHYWORLD ENTRANCE SIGNPOST 3	
04240	1698:1:0	대사	9C	WITCHYWORLD ENTRANCE SIGNPOST 4	
04241	1699:1:0	대사	9C	MAGIC GLOWBO CREATURES ARE USUALLY FOUND NEAR MUMBO JUMBO AND HUMBA WUMBA.	
04242	169A:1:0	대사	9C	SUITABLE EGGS MAY BE FOUND CLOSER TO HOME THAN YOU THINK.	
04243	169B:1:0	대사	9C	WARNING!	
04244	169B:1:1	대사	9C	UNRELIABLE GENERATORS. USE AT YOUR OWN RISK.	
04245	169C:1:0	대사	9C	COME VISIT THE CHARMING RESORT OF JOLLY ROGER'S LAGOON.	
04246	169C:1:1	대사	9C	HIRE A WAVERACER FROM BLUBBER'S, SHOP AT PAWNO'S OR DROP IN AT JOLLY'S FOR A REFRESHING GINGER BEER!	
04247	169C:1:2	대사	9C	FUN FOR ALL THE FAMILY!	
04248	169D:1:0	대사	9C	ONLY WHEN THE SECRET CODE OF THE DINOSAURS IS HEARD WILL THIS JIGGY BE YOURS...	
04249	169E:1:0	대사	9C	UNSCREW BOLTS WITH THE BILL DRILL.	
04250	169F:1:0	대사	9C	THE TWIN CHIMNEYS BOTH HAVE A PRIZE.	
04251	16A0:1:0	대사	9C	HOT LINKS COLD IN THE SKULL AND WIGWAM.	
04252	16A1:1:0	대사	9C	ONLY A BALL OF GREAT SIZE CAN START THE OIL DRILL.	
04253	16A2:1:0	대사	9C	WHEN THINGS GET TOO HOT, REMEMBER YOUR BEARDED BUDDY.	
04254	16A3:1:0	대사	9C	IN LOVING MEMORY OF THE GREY JINJO FAMILY.	
04255	16A3:1:1	대사	9C	PASSED AWAY UNEXPECTEDLY WHEN A HUGE DIGGING MACHINE FLATTENED THEIR HOUSE.	
04256	16A4:1:0	대사	9C	THE MIGHTY SHINY ONE SLEEPS UNTIL HIS SERVICES ARE REQUIRED ONCE AGAIN...	
04257	16A5:0:0	대사	96	RING THE BELL TO WIN A TOP PRIZE!	
04258	16A6:1:0	대사	9C	HAVING TROUBLE BREATHING UNDERWATER?	
04259	16A6:1:1	대사	9C	GO SEE THE SHAMAN.	
04260	16A7:1:0	대사	9C	ONLY A STONY CAN UNDERSTAND WHAT ANOTHER STONY SPEAKS.	
04261	16A8:1:0	대사	9C	USE THE GIANT SHINY ONE TO OPEN THE HUGE STONE DOORS.	
04262	16A9:1:0	대사	9C	FIND THE TRAIN TUNNEL DOOR SWITCHES IN OTHER WORLDS TO ENABLE CHUFFY TO TRAVEL BETWEEN STATIONS.	
04263	16AA:1:0	대사	9C	THE GENERATORS NEED TO BE LIT, BUT TO SWITCH ON LIGHTS REQUIRES A SPLIT.	
04264	16AB:1:0	대사	9C	ANYTHING THAT GOES THROUGH THE GRINDERS WILL COME OUT IN PIECES, INCLUDING JIGGIES.	
04265	16AC:1:0	대사	9C	TO RING THE BELL REQUIRES THREE DIFFERENT STRIKES.	
04266	16AD:1:0	대사	9C	LOOKING FOR THE KIDS?	
04267	16AD:1:1	대사	9C	YOU MIGHT FIND THEM IN THE INFERNO, STAR SPINNER, CRAZY CASTLE OR THE DODGEMS.	
04268	16AE:1:0	대사	9C	IS YOUR FORTUNE A SECRET?	
04269	16AE:1:1	대사	9C	FIND OUT AT MADAME GRUNTY'S.	
04270	16AF:1:0	대사	9C	SKULL, BEACH.	
04271	16AF:1:1	대사	9C	BEACH, SKULL.	
04272	16B0:1:0	대사	9C	DAVY JONES HOLDS THE KEY TO THE LOCKERS.	
04273	16B1:1:0	대사	9C	HAS SOMEONE BEEN REPAIRING HOLES IN THEIR NEST RECENTLY?	
04274	16B2:1:0	대사	9C	IT'S EGGCITING IN THE OOGLE AND UNGA CAVES!	
04275	16B3:1:0	대사	9C	TRY LOOKING HERE FOR THE FILTHY WORKERS...	
04276	16B3:1:1	대사	9C	1. OUTSIDE THE BACK DOOR	
04277	16B3:1:2	대사	9C	2. ON FLOOR 1'S COMPACTOR	
04278	16B3:1:3	대사	9C	3. FLOOR 2	
04279	16B3:1:4	대사	9C	4. FLOOR 3'S BOILER PLANT	
04280	16B3:1:5	대사	9C	5. FLOOR 5	
04281	16B3:1:6	대사	9C	6. IN THE ROOM NEXT DOOR!	
04282	16B4:1:0	대사	9C	PLANT A SEED, WATCH IT GROW.	
04283	16B4:1:1	대사	9C	UP THE BEANSTALK YOU WILL GO!	
04284	16B5:1:0	대사	9C	HAVE YOU LOOKED IN THIS POOL YET?	
04285	16B6:1:0	대사	9C	SHE WHO MENDS CARTS CAN ALSO FIX MICE...	
04286	16B7:0:0	대사	03:16	BEHOLD THE JIGGY SECRETS OF MAYAHEM TEMPLE...	
04287	16B7:0:1	대사	03:16	1. DEFEAT TARGITZAN	
04288	16B7:0:2	대사	03:16	2. INSIDE TARGITZAN'S TEMPLE	
04289	16B7:0:3	대사	03:16	3. TOP OF TARGITZAN'S TEMPLE	
04290	16B7:0:4	대사	03:16	4. RECOVER TARGITZAN'S STOLEN GOLD	
04291	16B7:0:5	대사	03:16	5. WIN THE KICKBALL GAMES	
04292	16B7:0:6	대사	03:16	6. KILL THE PLAGUE OF FLIES	
04293	16B7:0:7	대사	03:16	7. QUICKSAND AREA IN JADE SNAKE GROVE	
04294	16B7:0:8	대사	03:16	8. SLEEPING JADE SNAKE	
04295	16B7:0:9	대사	03:16	9. QUICKSAND AREA IN PRISON COMPOUND	
04296	16B7:0:10	대사	03:16	10. STONE COLUMNS IN PRISON COMPOUND	
04297	16B8:0:0	대사	03:16	BEHOLD THE JIGGY SECRETS OF GLITTER GULCH MINE...	
04298	16B8:0:1	대사	03:16	1. DEFEAT OLD KING COAL	
04299	16B8:0:2	대사	03:16	2. CANARY MARY'S HANDCART RACE	
04300	16B8:0:3	대사	03:16	3. INSIDE THE GENERATOR CAVERN	
04301	16B8:0:4	대사	03:16	4. INSIDE THE WATERFALL CAVERN	
04302	16B8:0:5	대사	03:16	5. INSIDE THE ORDNANCE STORAGE	
04303	16B8:0:6	대사	03:16	6. RESCUE THE RAT FROM MAYAHEM'S PRISON	
04304	16B8:0:7	대사	03:16	7. CRUSH THE JIGGY BOULDER AND COLLECT THE PIECES	
04305	16B8:0:8	대사	03:16	8. BEHIND THE EXTERIOR WATERFALL	
04306	16B8:0:9	대사	03:16	9. IN THE POWER HUT BASEMENT	
04307	16B8:0:10	대사	03:16	10. IN THE FLOODED CAVES	
04308	16B9:0:0	대사	03:16	BEHOLD THE JIGGY SECRETS OF WITCHYWORLD...	
04309	16B9:0:1	대사	03:16	1. DEFEAT MR. PATCH	
04310	16B9:0:2	대사	03:16	2. WIN THE 'BALLOON BURST' GAME	
04311	16B9:0:3	대사	03:16	3. WIN THE 'HOOP HURRY' GAME	
04312	16B9:0:4	대사	03:16	4. WIN THE 'DODGEM DOME' GAMES	
04313	16B9:0:5	대사	03:16	5. 'SAUCER OF PERIL' RIDE	
04314	16B9:0:6	대사	03:16	6. TOP OF THE 'DIVE OF DEATH' BOARD	
04315	16B9:0:7	대사	03:16	7. RETURN KIDS TO MRS. BOGGY	
04316	16B9:0:8	대사	03:16	8. TOP OF THE STAR SPINNER	
04317	16B9:0:9	대사	03:16	9. TOP OF THE INFERNO'S TOWER	
04318	16B9:0:10	대사	03:16	10. CACTUS OF STRENGTH	
04319	16BA:0:0	대사	03:16	BEHOLD THE JIGGY SECRETS OF JOLLY ROGER'S LAGOON...	
04320	16BA:0:1	대사	03:16	1. DEFEAT LORD WOO FAK FAK	
04321	16BA:0:2	대사	03:16	2. SEA BOTTOM CAVERN MINES GAME	
04322	16BA:0:3	대사	03:16	3. HATCH AND HELP BABY TIPTUP	
04323	16BA:0:4	대사	03:16	4. INSIDE THE TEMPLE OF THE FISHES	
04324	16BA:0:5	대사	03:16	5. CLEAN UP AND HEAT THE POOL	
04325	16BA:0:6	대사	03:16	6. INSIDE SMUGGLER'S CAVERN BELOW JOLLY'S	
04326	16BA:0:7	대사	03:16	7. RESCUE MERRY MAGGIE FROM INSIDE THE BIG FISH	
04327	16BA:0:8	대사	03:16	8. INSIDE A TRANSPARENT FISH	
04328	16BA:0:9	대사	03:16	9. INSIDE PAWNO'S EMPORIUM	
04329	16BA:0:10	대사	03:16	10. POWER UP THE UFO	
04330	16BB:0:0	대사	03:16	BEHOLD THE JIGGY SECRETS OF TERRYDACTYLAND...	
04331	16BB:0:1	대사	03:16	1. DEFEAT TERRY	
04332	16BB:0:2	대사	03:16	2. HATCH AND RETURN TERRY'S EGGS	
04333	16BB:0:3	대사	03:16	3. UNDERNEATH THE CENTER OF TERRY'S NEST	
04334	16BB:0:4	대사	03:16	4. FILL THE THIRSTY DINOSAUR'S POOL	
04335	16BB:0:5	대사	03:16	5. HELP THE STYRACOSAURUS FAMILY	
04336	16BB:0:6	대사	03:16	6. WARM UP AND GET FOOD FOR THE OOGLE BOOGLES	
04337	16BB:0:7	대사	03:16	7. INSIDE THE CHOMPASAUR'S BELLY	
04338	16BB:0:8	대사	03:16	8. ON THE STOMPING PLAINS	
04339	16BB:0:9	대사	03:16	9. DEFEAT THE ROCKNUTS TRIBE	
04340	16BB:0:10	대사	03:16	10. SMALL T-REX ROAR CODE	
04341	16BC:0:0	대사	03:16	BEHOLD THE JIGGY SECRETS OF GRUNTY INDUSTRIES...	
04342	16BC:0:1	대사	03:16	1. DEFEAT WELDAR	
04343	16BC:0:2	대사	03:16	2. INSIDE THE WASTE DISPOSAL PLANT	
04344	16BC:0:3	대사	03:16	3. INSIDE THE WASTE DISPOSAL PLANT	
04345	16BC:0:4	대사	03:16	4. WASH THE FILTHY WORKERS	
04346	16BC:0:5	대사	03:16	5. TOP OF THE CENTRAL PLATFORM ON FLOOR 1	
04347	16BC:0:6	대사	03:16	6. INSIDE THE TRASH COMPACTOR ON FLOOR 1	
04348	16BC:0:7	대사	03:16	7. PACKING GAME ON FLOOR 3	
04349	16BC:0:8	대사	03:16	8. EXTERMINATE THE CLINKERS ON FLOOR 4	
04350	16BC:0:9	대사	03:16	9. QUALITY CONTROL ROOM ON FLOOR 4	
04351	16BC:0:10	대사	03:16	10. TOP OF CRATES ON FLOOR 5	
04352	16BD:0:0	대사	03:16	BEHOLD THE JIGGY SECRETS OF HAILFIRE PEAKS...	
04353	16BD:0:1	대사	03:16	1. DEFEAT CHILLY WILLY AND CHILLI BILLI	
04354	16BD:0:2	대사	03:16	2. INSIDE THE VOLCANO	
04355	16BD:0:3	대사	03:16	3. HELP SABREMAN BACK TO HIS TENT	
04356	16BD:0:4	대사	03:16	4. FEED BOGGY THE POLAR BEAR	
04357	16BD:0:5	대사	03:16	5. ICE TRAIN STATION LINK	
04358	16BD:0:6	대사	03:16	6. ACTIVATE THE OIL DRILL	
04359	16BD:0:7	대사	03:16	7. TERRYDACTYLAND'S STOMPING PLAINS LINK	
04360	16BD:0:8	대사	03:16	8. WIN THE COLOSSEUM KICKBALL GAMES	
04361	16BD:0:9	대사	03:16	9. HELP THE UFO ALIENS	
04362	16BD:0:10	대사	03:16	10. INSIDE THE COLOSSEUM ARCHES	
04363	16BE:0:0	대사	03:16	BEHOLD THE JIGGY SECRETS OF CLOUD CUCKOOLAND...	
04364	16BE:0:1	대사	03:16	1. DEFEAT MINGY JONGO	
04365	16BE:0:2	대사	03:16	2. WIN THE CUCKOO OLYMPICS	
04366	16BE:0:3	대사	03:16	3. COMPLETE THE POT O' GOLD GAME	
04367	16BE:0:4	대사	03:16	4. CANARY MARY'S CLOCKWORK MOUSE RACE	
04368	16BE:0:5	대사	03:16	5. ZUBBA'S HIVE GAME	
04369	16BE:0:6	대사	03:16	6. DEFEAT THE EYEBALL PLANTS	
04370	16BE:0:7	대사	03:16	7. INSIDE THE CHEESE WEDGE	
04371	16BE:0:8	대사	03:16	8. TRASH CAN GERMS GAME	
04372	16BE:0:9	대사	03:16	9. FIND THE SAFE'S COMBINATION	
04373	16BE:0:10	대사	03:16	10. INSIDE THE JELLY CASTLE	
04374	16BF:0:0	대사	03:16	WHEN FORTUNE SMILES, HERE WILL BE WRITTEN THE JIGGY SECRETS...	
04375	16C0:1:0	대사	9C	LEGEND HAS IT THAT GOLDFISH HOLD THE SECRET TO FAST SWIMMING...	
04376	16C1:1:0	대사	9C	SHORT ON BATTERY POWER? TRY LOOKING HERE...	
04377	16C1:1:1	대사	9C	1. ABOVE THE WORLD ENTRY AND EXIT	
04378	16C1:1:2	대사	9C	2. FLOOR 2 - GUARDED BY TINTOPS	
04379	16C1:1:3	대사	9C	3. FLOOR 2 - NEAR THE ELECTROMAGNET CHAMBER DOOR	
04380	16C1:1:4	대사	9C	4. FLOOR 3 - NEAR MUMBO'S SKULL	
04381	16C2:0:0	대사	E3	THIS IS AN INFORMATION SIGNPOST.	
04382	16C2:0:1	대사	E3	PRESS {86} WHEN NEXT TO ONE TO READ IT...	
04383	171C:1:0	대사	80	OH, LOOKS LIKE THERE'S NO ONE HERE.	
04384	171C:1:1	대사	80	WE SHOULD GO HOME NOW.	
04385	171C:1:2	대사	81	WOW!	
04386	171C:1:3	대사	81	IT'S ONE HECK OF A VIEW FROM UP HERE...	
04387	171C:1:4	대사	80	SURE IS.	
04388	171C:1:5	대사	80	BUT DOESN'T IT SEEM STRANGE THAT GRUNTILDA ISN'T UP HERE TO MEET US?	
04389	171C:1:6	대사	81	OBVIOUSLY CHICKENED OUT.	
04390	171C:1:7	대사	81	I'VE ENJOYED OUR ADVENTURE, BUT LET'S GET BACK TO THE CARD GAME...	
04391	171D:1:0	대사	81	ERR...BANJO.	
04392	171D:1:1	대사	80	ULP!	
04393	171D:1:2	대사	80	LOOK AT THE SIZE OF THAT!	
04394	171D:1:3	대사	81	I'M SURE IT WASN'T THAT BIG BEFORE...	
04395	171D:1:4	대사	80	HOW COULD WE HAVE MISSED IT?	
04396	171E:0:0	대사	96	FINALLY...	
04397	171E:0:1	대사	96	AFTER TWO YEARS...	
04398	171E:0:2	대사	96	REVENGE TIME!	
04399	171E:0:5	대사	96	WE'LL SEE, LITTLE BIRD, WE'LL SEE...	
04400	171E:1:1	대사	81	DON'T BET ON IT, BONEBRAIN!	
04401	171F:0:0	대사	96	BACK AGAIN, LOSERS?	
04402	171F:0:3	대사	96	FAIR ENOUGH.	
04403	171F:1:1	대사	80	JUST SHUT THAT HATCH, AND LET'S GET ON WITH IT.	
04404	1720:0:0	대사	96	WHERE'S THE LASER BUTTON?	
04405	1720:0:1	대사	96	DARN IT!	
04406	1720:0:2	대사	96	SOMEONE PASS THE MANUAL FOR THIS THING!	
04407	1720:0:4	대사	96	AH YES...	
04408	1720:0:5	대사	96	HERE WE GO!	
04409	1721:0:0	대사	96	HOW DO I SWITCH THEM ALL ON?	
04410	1721:0:1	대사	96	THIS ONE?	
04411	1721:0:3	대사	96	LOVELY.	
04412	1721:0:4	대사	96	HERE WE GO AGAIN!	
04413	1722:0:0	대사	96	PREPARE YOURSELF FOR AN UNHEALTHY DOSE OF SPELLS...	
04414	1722:0:1	대사	96	LET'S FIGHT!	
04415	1723:0:0	대사	96	PLENTY MORE TRICKS LEFT IN THIS BEAUTY...	
04416	1723:0:1	대사	96	ACTIVATE THE MORTAR CANNON!	
04417	1723:0:3	대사	96	BOMBS AWAY!	
04418	1724:0:0	대사	96	I NEED MORE FIREPOWER.	
04419	1724:0:1	대사	96	BRING OUT THE OTHER MORTAR CANNON...	
04420	1724:0:3	대사	96	DOUBLE BOMBS AWAY!	
04421	1725:0:0	대사	96	FETCH THE CANNONS BACK IN!	
04422	1725:0:2	대사	96	OPEN THE EXHAUST PORT...	
04423	1725:0:4	대사	96	OH YES!	
04424	1725:0:5	대사	96	FEEL THE POWER OF THAT V10 BEAST...	
04425	1726:0:0	대사	96	CRANK THE DRILL UP!	
04426	1726:0:2	대사	96	LET'S GET HIM!	
04427	1727:0:0	대사	96	WHAT'S WRONG WITH THIS MACHINE?	
04428	1727:0:1	대사	96	IT'S GOING STRAIGHT BACK TO THE GARAGE AFTER THIS!	
04429	1728:0:0	대사	96	IT'S NOT MY FAULT!	
04430	1728:0:1	대사	96	THE GEARBOX MUST BE FAULTY!	
04431	1729:0:0	대사	96	RIGHT, THAT'S IT.	
04432	1729:0:1	대사	96	I'VE HAD ENOUGH!	
04433	1729:0:2	대사	96	WE FIGHT TO THE DEATH...	
04434	172A:0:0	대사	96	HAVE WE GOT ANY MORE TRICKS LEFT?	
04435	172A:0:2	대사	96	AH YES, THE MINIONS...	
04436	172A:0:4	대사	96	THERE HE GOES...	
04437	172A:0:5	대사	96	GO GET THEM, DOOFUS!	
04438	172B:0:0	대사	96	AH HA!	
04439	172B:0:1	대사	96	OF COURSE...	
04440	172B:0:2	대사	96	WHY DIDN'T I THINK OF THIS EARLIER?	
04441	172B:0:3	대사	96	RELEASE THE TOXIC GAS!	
04442	172B:0:5	대사	96	MMMM, CYANIDE AND MUSTARD GAS FLAVOR.	
04443	172B:0:6	대사	96	MY FAVORITE!	
04444	172C:0:0	대사	96	OKAY, NUMBSKULLS.	
04445	172C:0:1	대사	96	TIME FOR THE BIGGEST, BADDEST SPELL I CAN MUSTER...	
04446	172D:0:0	대사	96	PREPARE TO JOIN YOUR BUDDY BOTTLES!	
04447	172D:0:1	대사	96	YOU'LL WISH YOU'D NEVER TAKEN ON THE MIGHTY GRUNTILDA WINKYBUNION!	
04448	172D:0:4	대사	96	ERR...UM, NO.	
04449	172D:0:5	대사	96	OF COURSE NOT.	
04450	172D:0:6	대사	96	BUT DON'T YOU GO TELLING ANYONE OR I'LL SUE YOU...	
04451	172D:0:9	대사	96	NOW DIE!	
04452	172D:1:1	대사	81	WINKYBUNION?	
04453	172D:1:2	대사	81	IS THAT YOUR LAST NAME THEN?	
04454	172D:1:5	대사	80	WHATEVER YOU SAY, WINKY!	
04455	172E:0:0	대사	96	THOUGHT THE QUIZ WAS OVER, DID YOU?	
04456	172E:0:1	대사	96	THINK AGAIN!	
04457	172E:0:2	대사	96	I'VE STILL GOT QUITE A FEW QUESTION CARDS UP MY SLEEVE.	
04458	172E:0:3	대사	96	ANSWER CORRECTLY AND MAYBE I'LL GO A LITTLE EASIER ON YOU...	
04459	172F:0:0	대사	96	DRAT!	
04460	172F:0:1	대사	96	THAT'S CORRECT!	
04461	172F:0:2	대사	96	I'LL ONLY USE MY SLOWER ATTACK NOW...	
04462	1730:0:0	대사	96	WRONG ANSWER!	
04463	1730:0:1	대사	96	YOU'LL BE FACING MY FASTER ATTACK NOW!	
04464	1731:0:0	대사	96	OOMPH!	
04465	1731:0:1	대사	96	ONE-NIL TO THE PESKY BEAR.	
04466	1731:0:2	대사	96	MORE LASERS ARE REQUIRED...	
04467	1732:0:0	대사	96	OOMPH!	
04468	1732:0:1	대사	96	NOT AGAIN!	
04469	1732:0:2	대사	96	TIME FOR SOMETHING NEW, METHINKS...	
04470	1733:0:0	대사	96	EH?	
04471	1733:0:1	대사	96	I HEARD AN EXPLOSION!	
04472	1733:0:2	대사	96	WHAT'S THAT BURNING SMELL?	
04473	1734:0:0	대사	96	OH NO!	
04474	1734:0:1	대사	96	WE'RE LOSING POWER!	
04475	1734:0:3	대사	96	NO, DON'T STOP MR. DRILL...	
04476	1734:0:5	대사	96	MY LOVELY LASERS...	
04477	1734:0:7	대사	96	CAN SOMEONE PHONE FOR A TOW TRUCK?	
04478	1735:0:0	대사	96	ARRGH!	
04479	1735:0:1	대사	96	OH NO...	
04480	1735:0:2	대사	96	THE SPELL...	
04481	1735:0:3	대사	96	I'VE DROPPED IT!	
04482	1735:0:4	대사	96	QUICK, SOMEBODY GET RID OF IT BEFORE IT...	
04483	17B2:1:0	대사	80	TESTING.	
04484	17B2:1:1	대사	81	YEP, IT WORKS!	
04485	17B3:0:0	대사	CB	GIVE ME BACK MY EGGS, YOU FILTHY LIGHT-FINGERED BEAR!	
04486	17B3:0:2	대사	CB	DON'T PLAY THE FOOL WITH ME. I WANT MY EGGS BACK OR ELSE!	
04487	17B3:0:4	대사	CB	MAYBE SO, BUT NOT BEFORE YOU TWO!	
04488	17B3:1:1	대사	80	UH, WHAT EGGS ARE THOSE?	
04489	17B3:1:3	대사	81	OR ELSE WHAT?	
04490	17B3:1:4	대사	81	YOU'RE DUE TO BECOME EXTINCT SOON, ANYWAY!	
04491	17B4:0:0	대사	CB	THOSE EGGS HURT!	
04492	17B4:0:1	대사	CB	I'M OFF FOR A REST WHILE THE MUCOIDS SOFTEN YOU UP!	
04493	17B5:0:0	대사	CB	STOP IT!	
04494	17B5:0:1	대사	CB	I'VE HAD ENOUGH!	
04495	17B6:0:0	대사	CB	I TRIED MY BEST, BUT I'LL NEVER GET MY EGGS BACK FROM YOU NOW...	
04496	17B6:0:2	대사	CB	YOU HAVEN'T?	
04497	17B6:0:3	대사	CB	OH DEAR, SORRY ABOUT THE ROUGH STUFF...	
04498	17B6:0:5	대사	CB	WOULD YOU?	
04499	17B6:0:6	대사	CB	THAT'S REAL NICE OF YOU.	
04500	17B6:0:7	대사	CB	THERE ARE FOUR EGGS TO FIND, WHICH MUST BE READY FOR HATCHING AROUND NOW...	
04501	17B6:0:9	대사	CB	PLEASE FIND THE EGGS FOR ME BEFORE I BECOME EXTINCT.	
04502	17B6:0:10	대사	CB	I'LL GIVE YOU HALF THE REWARD NOW AND HALF LATER...	
04503	17B6:1:1	대사	80	WE HAVEN'T GOT YOUR EGGS, TERRY.	
04504	17B6:1:3	대사	81	THAT'S ALRIGHT, I ENJOYED IT!	
04505	17B6:1:4	대사	80	PERHAPS WE COULD KEEP A LOOKOUT FOR YOUR EGGS.	
04506	17B6:1:6	대사	80	LEAVE IT WITH US, TERRY.	
04507	17B7:0:0	대사	CB	MY FOUR EGGS ARE MISSING.	
04508	17B7:0:1	대사	CB	PLEASE TRY TO RETURN THEM TO ME...	
04509	17B8:0:0	대사	CC	WOW, A NEW DINOSAUR!	
04510	17B8:0:1	대사	CC	WHAT ARE YOU?	
04511	17B8:0:3	대사	CC	YOU'RE NOT THAT VICIOUS.	
04512	17B8:0:4	대사	CC	YOU DON'T EVEN KNOW HOW TO ROAR PROPERLY, DO YOU?	
04513	17B8:0:7	대사	CC	IT'S EASY.	
04514	17B8:0:8	대사	CC	JUST TAP {86} FOR A SHORT ROAR AND HOLD {86} FOR A LONG ONE!	
04515	17B8:1:2	대사	81	A VICIOUS T-REX.	
04516	17B8:1:5	대사	80	ER, NO. I DON'T THINK WE DO...	
04517	17B8:1:8	대사	81	THANKS!	
04518	17B8:1:9	대사	81	LET'S GO ROAR AT SOMEONE!	
04519	17B9:0:1	대사	CC	SIMPLE.	
04520	17B9:0:2	대사	CC	JUST TAP {86} FOR A SHORT ROAR AND HOLD {86} FOR A LONG ONE!	
04521	17B9:1:1	대사	80	HOW DO I DO THOSE DIFFERENT ROARS AGAIN?	
04522	17BA:0:0	대사	D9	GO AWAY. LEAVE SCROTTY ALONE.	
04523	17BA:0:2	대사	D9	MY FAMILY ISN'T KEEPING TOO WELL...	
04524	17BA:1:1	대사	81	WELL, IF THAT'S HOW YOU GREET VISITORS...	
04525	17BA:1:3	대사	80	WHY ARE YOU SO SAD?	
04526	17BA:1:6	대사	81	NOW YOU'VE DONE IT, BANJO.	
04527	17BA:1:7	대사	81	JUST WAIT UNTIL YOU HEAR ALL THE PROBLEMS SHE WANTS US TO FIX...	
04528	17BB:0:0	대사	D9	THANK YOU FOR FINDING MY MISSING CHILD!	
04529	17BB:0:3	대사	D9	I'M STILL WORRIED ABOUT THE REST OF MY FAMILY.	
04530	17BB:1:1	대사	80	YOU DON'T LOOK TOO PLEASED...	
04531	17BC:0:0	대사	D9	LOOK AT MY ELDEST, SCRAT.	
04532	17BC:0:1	대사	D9	HE'S VERY SICKLY AND NEEDS A DOCTOR URGENTLY.	
04533	17BC:0:3	대사	D9	I DON'T CARE. ANY DOCTOR WILL DO.	
04534	17BC:0:4	대사	D9	I'VE HEARD THERE'S A CRAZY SHAMAN THAT LIVES ON THE CLIFF TOP WHO MIGHT HELP.	
04535	17BC:1:1	대사	81	WHICH DOCTOR?	
04536	17BD:0:0	대사	D9	SCRIT HERE WAS OUT WALKING ONE DAY AND CAME BACK THIS SIZE.	
04537	17BD:0:1	대사	D9	NOW HE'S TOO SMALL TO BE A PROPER DINOSAUR.	
04538	17BE:0:0	대사	D9	SCRUT HAS GONE MISSING.	
04539	17BE:0:1	대사	D9	SHE TOOK SOME MONEY FROM MY PURSE AND HEADED OFF TO THE TRAIN STATION.	
04540	17BE:1:1	대사	81	SO MANY PROBLEMS...	
04541	17BE:1:2	대사	81	I TOLD YOU SO, BANJO.	
04542	17BE:1:3	대사	80	WE'LL SEE WHAT WE CAN DO.	
04543	17BF:0:0	대사	D9	WONDERFUL!	
04544	17BF:0:1	대사	D9	IT'S NICE TO KNOW NOT EVERY CHARACTER IN THIS GAME IS BAD.	
04545	17C0:0:0	대사	D9	PLEASE HELP SCROTTY'S POOR CHILDREN.	
04546	17C1:0:0	대사	D9	I CAN'T THANK YOU ENOUGH!	
04547	17C1:0:1	대사	D9	PLEASE ACCEPT THIS SHINY THING I ACQUIRED WHEN I TROD ON ONE OF THOSE UNGA BUNGAS.	
04548	17C2:0:1	대사	D9	NO.	
04549	17C2:1:0	대사	81	WE WORKED REALLY HARD FOR YOU.	
04550	17C2:1:1	대사	81	ANY CHANCE OF ANOTHER JIGGY?	
04551	17C2:1:3	대사	81	FAIR ENOUGH.	
04552	17C3:0:0	대사	D9	THANKS FOR HEALING MY SICK CHILD.	
04553	17C3:0:1	대사	D9	THAT'LL TEACH HIM NOT TO WASH HIS CLAWS BEFORE DINNER.	
04554	17C4:0:0	대사	D9	THANKS FOR BEEFING UP MY SMALL CHILD.	
04555	17C4:0:1	대사	D9	PERHAPS HE'LL FIND A GIRLFRIEND NOW.	
04556	17C5:0:0	대사	D9	THANKS FOR RETURNING MY LOST CHILD.	
04557	17C5:0:1	대사	D9	SHE'LL BE CLEANING OUT OUR CAVE FOR THE NEXT MONTH AS PUNISHMENT.	
04558	17C6:0:0	대사	D9	MY FAMILY IS FINE NOW, BUT I SUGGEST YOU LEAVE BEFORE ONE OF THEM TRIES TO EAT YOU.	
04559	17C7:0:0	대사	03:47	OH...	
04560	17C7:0:1	대사	03:47	I DO FEEL SLIGHTLY UNWELL.	
04561	17C7:0:2	대사	03:47	IT MUST HAVE BEEN THAT CAVEMAN I ATE, OR PERHAPS IT WAS THE PTERODACTYL DUNG...	
04562	17C8:0:0	대사	03:47	OH...	
04563	17C8:0:1	대사	03:47	I'M STILL FEELING RATHER ROUGH.	
04564	17C8:0:2	대사	03:47	IS THIS TRAIN GOING TO A DOCTOR?	
04565	17C9:0:0	대사	03:47	RARRR!	
04566	17C9:0:1	대사	03:47	I FEEL SO MUCH BETTER.	
04567	17C9:0:2	대사	03:47	DO YOU MIND IF I GNAW YOUR LEG A LITTLE?	
04568	17CA:0:0	대사	03:47	RARRR!	
04569	17CA:0:1	대사	03:47	I'VE GOT MY APPETITE BACK.	
04570	17CA:0:2	대사	03:47	CAN I HAVE A QUICK CHEW OF YOUR BIRD?	
04571	17CB:0:0	대사	03:48	BOO, HOO, HOO!	
04572	17CB:0:1	대사	03:48	I'M SO SMALL AND ALL THE GIRLS LAUGH AT ME...	
04573	17CC:0:0	대사	03:49	WAHEY!	
04574	17CC:0:1	대사	03:49	I'M SO BIG AND ALL THE GIRLS WANT TO GO OUT WITH ME.	
04575	17CD:0:0	대사	AD	I HOPE MOM WON'T BE TOO MAD AT ME...	
04576	17CE:0:0	대사	AD	MOM'S PURSE IS EMPTY, BUT I FANCY ANOTHER VISIT TO WITCHYWORLD...	
04577	17CF:0:0	대사	03:21	H-H-HELLO.	
04578	17CF:0:3	대사	03:21	N-NOT S-STAMMER. F-F-FREEZING C-COLD. C-CAVE NO CENTRAL H-HEATING.	
04579	17CF:0:4	대사	03:21	N-NO FOOD E-EITHER. U-UNGA B-BUNGA TRIBE GOT G-GUARD OUTSIDE C-CAVE.	
04580	17CF:0:6	대사	03:21	P-PLEASE W-WARM CAVE UP AND G-GIVE F-F-FOOD?	
04581	17CF:0:8	대사	03:21	M-MAYBE.	
04582	17CF:0:9	대사	03:21	W-WARMTH AND F-FOOD F-F-FIRST!	
04583	17CF:1:1	대사	80	YOU SHOULD SEE SOMEONE ABOUT THAT STAMMER.	
04584	17CF:1:4	대사	81	Y-YOU G-GOT JIGGY?	
04585	17D0:0:0	대사	03:21	M-ME C-COLD AND H-HUNGRY. PLEASE H-HELP.	
04586	17D1:0:0	대사	03:21	T-THAT T-TASTY!	
04587	17D1:0:1	대사	03:21	B-B-BUT C-CAVE S-STILL NEED H-HEAT.	
04588	17D2:0:0	대사	03:21	T-TUMMY'S FULL B-BUT CAVE S-S-STILL F-FREEZING.	
04589	17D3:0:0	대사	03:21	LOVELY!	
04590	17D3:0:1	대사	03:21	CAN FEEL TOES AGAIN.	
04591	17D3:0:2	대사	03:21	NEED FOOD NOW. ME LIKE FAST FOOD!	
04592	17D4:0:0	대사	03:21	ME WARM BUT STILL NEED FOOD. JUNK FOOD GOOD...	
04593	17D5:0:0	대사	03:21	ME NEED FOOD YOU GOT!	
04594	17D5:0:1	대사	03:21	YOU GIVE?	
04595	17D6:0:0	대사	03:21	YOU NOT NICE. ME SO HUNGRY...	
04596	17D7:0:0	대사	03:21	MMMM, THAT TASTY.	
04597	17D7:0:1	대사	03:21	ME ALL HAPPY NOW.	
04598	17D8:0:0	대사	03:21	BEAR AND BIRD FRIEND SAVE OOGLE BOOGLE TRIBE FROM EXTINCTION.	
04599	17D8:0:1	대사	03:21	MUST HAVE REWARD NOW!	
04600	17D9:0:0	대사	03:21	WE OOGLE BOOGLES ALL HAPPY NOW.	
04601	17D9:0:1	대사	03:21	NO MORE PROBLEMS.	
04602	17DA:0:0	대사	03:15	HUH?	
04603	17DA:0:1	대사	03:15	GET OUT UNGA'S CAVE!	
04604	17DB:0:0	대사	03:15	HEY!	
04605	17DB:0:1	대사	03:15	NASTY BEAR NOT TAKE OUR STOLEN PEBBLE.	
04606	17DB:0:2	대사	03:15	GET OUT!	
04607	17DC:0:0	대사	03:15	ME WANT MOMMY...	
04608	17DD:0:0	대사	CB	--REMOVE ME LATER--	
04609	17DE:0:0	대사	CB	--REMOVE ME LATER--	
04610	17DF:0:0	대사	CB	THAT'S THE LAST ONE!	
04611	17DF:0:2	대사	CB	HERE'S THE OTHER HALF OF YOUR REWARD AS PROMISED...	
04612	17DF:1:1	대사	80	THANK GOODNESS! KAZOOIE WON'T WANT TO SEE ANOTHER EGG FOR THE REST OF THE GAME!	
04613	17E0:0:0	대사	CB	DON'T LEAVE IT THERE - IT'LL GET EATEN!	
04614	17E0:0:1	대사	CB	BRING IT UP TO THE NEST!	
04615	17E1:0:0	대사	CB	THAT'S ONE OF MY PRECIOUS BABIES!	
04616	17E1:0:1	대사	CB	AWW, ISN'T IT CUTE?	
04617	17E2:0:0	대사	03:25	YOU NEVER GET JIGGY FROM ROCKNUTS TRIBE!	
04618	17E2:0:1	대사	03:25	WE GOT BIG TOUGH ARMOR!	
04619	17E3:0:0	대사	03:25	ARRGH!	
04620	17E3:0:1	대사	03:25	NOT FAIR, FOUND GAP IN ARMOR!	
04621	17E3:0:2	대사	03:25	OTHERS NOT SO EASY, STILL ~ OF US LEFT...	
04622	17E4:0:0	대사	03:25	ARRGH!	
04623	17E4:0:1	대사	03:25	ALL GO SHAPE OF THE PEAR, BUT STILL ~ OF US LEFT...	
04624	17E5:0:0	대사	03:15	YOU NOT COME PAST.	
04625	17E5:0:1	대사	03:15	NO ONE GETS IN OOGLE BOOGLE CAVE.	
04626	17E5:0:2	대사	03:15	THEY BAD MEN.	
04627	17E5:0:5	대사	03:15	WE UNGA BUNGAS WANT TO RULE ALL TERRYDACTYLAND.	
04628	17E5:0:6	대사	03:15	OOGLES WANT TO SHARE.	
04629	17E5:0:7	대사	03:15	THEY BAD.	
04630	17E5:1:2	대사	80	WHY IS THAT THEN?	
04631	17E6:0:0	대사	03:15	YOU DUMB, NOT LISTEN.	
04632	17E6:0:1	대사	03:15	NO ONE GET IN CAVE.	
04633	17E6:1:2	대사	81	I'LL BE BACK.	
04634	17E7:0:0	대사	03:15	HA, HA, HA!	
04635	17E7:0:1	대사	03:15	THAT FEEBLE ROAR.	
04636	17E7:0:2	대사	03:15	ME NOT SCARED!	
04637	17E8:0:0	대사	03:15	AIEEE!	
04638	17E8:0:1	대사	03:15	THAT SCARY!	
04639	17E8:0:2	대사	03:15	ME MUST GO CHANGE LOINCLOTH...	
04640	17E9:0:0	대사	03:2B	BLURRRGH... SO THIRSTY.	
04641	17E9:0:1	대사	03:2B	I NEED WATER BADLY.	
04642	17E9:0:3	대사	03:2B	THE SUN BURNS POOR DIPPY, SO I MUST STAY IN MY CAVE.	
04643	17E9:0:4	대사	03:2B	PLEASE GET ME A DRINK...	
04644	17E9:1:1	대사	81	WHY NOT GO AND LOOK FOR SOME THEN.	
04645	17E9:1:2	대사	81	IT'S NOT GOING TO JUST DROP OUT OF THE SKY!	
04646	17EA:0:0	대사	03:2B	I'M SO THIRSTY...	
04647	17EA:0:1	대사	03:2B	PLEASE FIND ME WATER BEFORE DIPPY BECOMES EXTINCT...	
04648	17EB:0:0	대사	03:2B	YIPPEE!	
04649	17EB:0:1	대사	03:2B	MY POOL'S FULL OF WATER!	
04650	17EB:0:2	대사	03:2B	WHERE DID IT ALL COME FROM?	
04651	17EC:0:0	대사	03:2B	MMMM, TASTES HEAVENLY!	
04652	17EC:0:2	대사	03:2B	DID IT?	
04653	17EC:0:3	대사	03:2B	YOU SAID IT WOULDN'T JUST DROP FROM THE SKY.	
04654	17EC:0:5	대사	03:2B	OH I AM!	
04655	17EC:0:6	대사	03:2B	HERE, TAKE MY ODD-SHAPED GOLD TOOTH IN EXCHANGE...	
04656	17EC:1:1	대사	80	WELL, IT DID COME FROM THE CLOUDS, DIPPY.	
04657	17EC:1:3	대사	81	I LIED.	
04658	17EC:1:4	대사	81	JUST DRINK IT AND BE HAPPY!	
04659	17ED:0:0	대사	03:2B	I'VE GOT ALL THE WATER I NEED NOW, THANKS.	
04660	17EE:0:0	대사	03:15	AIEEEE!	
04661	17EE:0:1	대사	03:15	PEBBLE GONE.	
04662	17EE:0:2	대사	03:15	ME IN MUCH TROUBLE, BIG BEATINGS...	
04663	17EF:0:0	대사	03:15	WHERE THINK GOING WITH THAT?	
04664	17EF:0:1	대사	03:15	GIVE BACK AND GET OUT!	
04665	17F0:0:0	대사	03:15	SORRY, NOT COMING IN WEARING SILLY SHOES.	
04666	17F1:0:0	대사	03:15	YOU SEEM OKAY.	
04667	17F1:0:1	대사	03:15	ME LET YOU IN.	
04668	17F2:0:0	대사	03:32	CAN YOU HEAR ME IN THERE?	
04669	17F2:0:1	대사	03:32	I WON'T DIGEST YOU IF YOU HELP ME OUT WITH MY LITTLE STOMACH PROBLEM.	
04670	17F2:0:2	대사	03:32	DO YOU WANT TO HEAR WHAT YOU'VE GOT TO DO?	
04671	17F3:0:0	대사	03:32	THESE NASTY BLAARG ULCERS KEEP APPEARING FROM MY STOMACH LINING AND THEY REALLY HURT.	
04672	17F3:0:1	대사	03:32	I WANT YOU TO SHOOT THEM BEFORE THEY DISAPPEAR AGAIN.	
04673	17F3:0:2	대사	03:32	BLUE ONES ARE WORTH 3 POINTS...	
04674	17F3:0:3	대사	03:32	GREEN ONES ARE WORTH 2 POINTS...	
04675	17F3:0:4	대사	03:32	AND RED ARE ONLY WORTH 1 POINT.	
04676	17F3:0:5	대사	03:32	IF YOU CAN SCORE ~ POINTS, YOU'LL EASE THE PAIN A LOT.	
04677	17F4:0:0	대사	03:32	--REMOVE ME-LATER--	
04678	17F5:0:0	대사	03:32	--REMOVE ME-LATER--	
04679	17F6:0:0	대사	03:32	--REMOVE ME-LATER--	
04680	17F7:0:0	대사	03:32	YOUR NEW BEST SCORE FOR THE STOMACH ULCER CHALLENGE IS NOW ~ POINTS!	
04681	17F8:0:0	대사	03:32	GAME OVER.	
04682	17F8:0:1	대사	03:32	PLAYER ~ WINS!	
04683	17F9:0:0	대사	03:32	STOP SHOOTING NOW.	
04684	17F9:0:1	대사	03:32	IT'S A DRAW, I'M AFRAID.	
04685	17FA:0:0	대사	03:32	AH, THAT FEELS BETTER!	
04686	17FA:0:1	대사	03:32	I SWALLOWED THIS AWFUL THING EARLIER - THOUGHT IT WAS A BISCUIT.	
04687	17FA:0:2	대사	03:32	PLEASE TAKE IT WITH YOU WHEN YOU LEAVE...	
04688	17FB:0:0	대사	CB	TO HELP YOU GET MY EGGS BACK, I'LL ALSO LET YOU USE THIS...	
04689	17FC:0:0	대사	CB	MMMM.	
04690	17FC:0:1	대사	CB	I RECKON I CAN GET A BETTER VANTAGE POINT AROUND THE OTHER SIDE...	
04691	17FD:0:1	대사	03:21	ME THOUGHT CHOCOLATE WAS INSIDE...	
04692	17FD:1:0	대사	80	WHY ARE THERE TEETH MARKS ON IT?	
04693	17FE:0:0	대사	CB	YIKES!	
04694	17FE:0:1	대사	CB	SHE'S A BIG GIRL, ISN'T SHE?	
04695	17FE:0:3	대사	CB	HMMM, I'M NOT SURE IF THERE WILL BE ROOM IN OUR NEST.	
04696	17FE:0:4	대사	CB	YOU COULDN'T JUST HIT IT WITH ONE OF THOSE GRENADE EGGS, COULD YOU?	
04697	17FE:0:6	대사	CB	ONLY JOKING!	
04698	17FE:0:7	대사	CB	BRING HER BACK TO ME, AND I'LL WORK OUT AN EXERCISE PROGRAM FOR HER.	
04699	17FE:1:1	대사	81	TOO RIGHT.	
04700	17FE:1:2	대사	81	SHE CAN'T EVEN FLY!	
04701	17FE:1:4	대사	81	YOU HEARTLESS...	
04702	17FE:1:6	대사	81	I'LL JUST GO AND FIND BANJO THEN...	
04703	17FF:0:0	대사	CB	YOU DOWN THERE!	
04704	17FF:0:1	대사	CB	STEAL MY EGGS, WOULD YOU?	
04705	17FF:0:2	대사	CB	THEN TAKE THIS...	
04706	1800:0:0	대사	CB	GAH, YOU MADE IT!	
04707	1800:0:1	대사	CB	COME ON, I DARE YOU TO COME UP THE STAIRS. I'LL SHOW YOU WHAT HAPPENS TO EGG-ROBBING BEARS!	
04708	1801:0:0	대사	CB	I HAVEN'T FORGOTTEN, YOU KNOW.	
04709	1801:0:2	대사	CB	THAT YOU'VE STILL GOT MY EGGS!	
04710	1801:0:3	대사	CB	HAND THEM OVER, YOU FURRY THIEF!	
04711	1801:1:1	대사	80	FORGOTTEN WHAT?	
04712	1802:0:0	대사	CB	HEY!	
04713	1802:0:1	대사	CB	WHERE DID ALL MY SNOTTY BUDDIES GO?	
04714	1802:0:2	대사	CB	YOU'VE STOLEN THEM, JUST LIKE MY PRECIOUS EGGS!	
04715	1803:0:0	대사	03:21	ME NEED FOOD YOU GOT!	
04716	1803:0:1	대사	03:21	YOU GIVE?	
04717	1804:0:0	대사	03:15	ME UNGA BUNGA.	
04718	1804:0:1	대사	03:15	YOU SEEM OKAY.	
04719	1805:0:0	대사	03:15	UNGA NO LIKE BIRD.	
04720	1805:0:1	대사	03:15	YOU GET OUT.	
04721	1806:0:0	대사	03:25	ARRGH!	
04722	1806:0:1	대사	03:25	NOT BELIEVE YOU BEATEN ALL ROCKNUTS TRIBE!	
04723	1806:0:2	대사	03:25	WE LET YOU HAVE SHINY ROCK...	
04724	1807:0:0	대사	03:32	OOOH, THESE ULCERS HURT!	
04725	1807:0:1	대사	03:32	YOU'LL HAVE TO DO BETTER THAN THAT TO HELP ME OUT...	
04726	1808:0:0	대사	03:32	URRGH... PAINFUL!	
04727	1808:0:1	대사	03:32	YOU DIDN'T KILL ENOUGH ULCERS TO BEAT YOUR BEST SCORE OF ~ POINTS...	
04728	1809:0:0	대사	03:32	THANKS!	
04729	1809:0:1	대사	03:32	YOU KILLED LOTS OF ULCERS AND MATCHED YOUR BEST SCORE...	
04730	180A:0:0	대사	D9	OH, WONDERFUL!	
04731	180A:0:1	대사	D9	THAT NICE BEAR AND BIRD HAVE CURED MY FAMILY.	
04732	180A:0:2	대사	D9	I WONDER IF THEY'D LIKE THIS...	
04733	180B:0:0	대사	CB	HEY, YOU DOWN THERE!	
04734	180B:0:1	대사	CB	GET OFF MY PRECIOUS EGG!	
04735	180B:0:3	대사	CB	BECAUSE I DON'T WANT IT TO YET.	
04736	180B:1:2	대사	81	WHY WON'T IT HATCH?	
04737	180B:1:4	대사	81	OH...	
04738	180C:0:0	대사	CB	STOP TRYING TO HATCH MY EGG - IT'S STOLEN PROPERTY!	
04739	180D:0:0	대사	03:47	RARRR!	
04740	180D:0:1	대사	03:47	I FEEL REAL HEALTHY NOW, SO I'M GOING TO RUN ALL THE WAY HOME!	
04741	180E:0:0	대사	03:32	WHERE'S THE OTHER ONE?	
04742	180E:0:1	대사	03:32	I NEED BOTH OF YOU UP HERE...	
04743	180F:0:0	대사	03:21	H-H-HELLO.	
04744	180F:0:3	대사	03:21	N-NOT S-STAMMER. F-F-FREEZING C-COLD. C-CAVE NO CENTRAL H-HEATING.	
04745	180F:0:4	대사	03:21	N-NO FOOD E-EITHER. U-UNGA B-BUNGA TRIBE GOT G-GUARD OUTSIDE C-CAVE.	
04746	180F:0:6	대사	03:21	P-PLEASE W-WARM CAVE UP AND G-GIVE F-F-FOOD?	
04747	180F:0:8	대사	03:21	M-MAYBE.	
04748	180F:0:9	대사	03:21	W-WARMTH AND F-FOOD F-F-FIRST!	
04749	180F:1:1	대사	81	YOU SHOULD SEE SOMEONE ABOUT THAT STAMMER.	
04750	180F:1:4	대사	81	Y-YOU G-GOT JIGGY?	
04751	1810:0:0	대사	03:21	H-H-HELLO.	
04752	1810:0:3	대사	03:21	N-NOT S-STAMMER. F-F-FREEZING C-COLD. C-CAVE NO CENTRAL H-HEATING.	
04753	1810:0:4	대사	03:21	N-NO FOOD E-EITHER. U-UNGA B-BUNGA TRIBE GOT G-GUARD OUTSIDE C-CAVE.	
04754	1810:0:6	대사	03:21	P-PLEASE W-WARM CAVE UP AND G-GIVE F-F-FOOD?	
04755	1810:0:8	대사	03:21	M-MAYBE.	
04756	1810:0:9	대사	03:21	W-WARMTH AND F-FOOD F-F-FIRST!	
04757	1810:1:1	대사	80	YOU SHOULD SEE SOMEONE ABOUT THAT STAMMER.	
04758	1810:1:4	대사	80	Y-YOU G-GOT JIGGY?	
04759	1811:0:1	대사	03:21	ME THOUGHT CHOCOLATE WAS INSIDE...	
04760	1811:1:0	대사	81	WHY ARE THERE TEETH MARKS ON IT?	
04761	1812:0:0	대사	D9	GO AWAY. LEAVE SCROTTY ALONE.	
04762	1812:0:3	대사	D9	MY FAMILY ISN'T KEEPING TOO WELL...	
04763	1812:1:1	대사	80	WHY ARE YOU SO SAD?	
04764	1812:1:4	대사	80	WHAT DO YOU WANT ME TO DO?	
04765	1813:0:0	대사	D9	GO AWAY. LEAVE SCROTTY ALONE.	
04766	1813:0:2	대사	D9	MY FAMILY ISN'T KEEPING TOO WELL...	
04767	1813:1:1	대사	81	WHY ARE YOU SO SAD?	
04768	1813:1:4	대사	81	LETS HEAR ALL THE PROBLEMS YOU WANT ME TO FIX.	
04769	1814:0:0	대사	D9	THANK YOU FOR FINDING MY MISSING CHILD!	
04770	1814:0:3	대사	D9	I'M STILL WORRIED ABOUT THE REST OF MY FAMILY.	
04771	1814:1:1	대사	81	YOU DON'T LOOK TOO PLEASED...	
04772	1815:0:0	대사	D9	LOOK AT MY ELDEST, SCRAT.	
04773	1815:0:1	대사	D9	HE'S VERY SICKLY AND NEEDS A DOCTOR URGENTLY.	
04774	1815:0:3	대사	D9	I DON'T CARE. ANY DOCTOR WILL DO.	
04775	1815:0:4	대사	D9	I'VE HEARD THERE'S A CRAZY SHAMAN THAT LIVES ON THE CLIFF TOP WHO MIGHT HELP.	
04776	1815:1:1	대사	80	WHICH DOCTOR?	
04777	1816:0:0	대사	D9	SCRUT HAS GONE MISSING.	
04778	1816:0:1	대사	D9	SHE TOOK SOME MONEY FROM MY PURSE AND HEADED OFF TO THE TRAIN STATION.	
04779	1816:1:1	대사	80	SO MANY PROBLEMS...	
04780	1816:1:2	대사	80	WE'LL SEE WHAT WE CAN DO.	
04781	1817:0:0	대사	D9	SCRUT HAS GONE MISSING.	
04782	1817:0:1	대사	D9	SHE TOOK SOME MONEY FROM MY PURSE AND HEADED OFF TO THE TRAIN STATION.	
04783	1817:1:1	대사	81	SO MANY PROBLEMS...	
04784	1817:1:2	대사	81	WE'LL SEE WHAT WE CAN DO.	
04785	1818:0:0	대사	84	MUMBO PASS SHINY THING ON TO BEAR AND BIRD.	
04786	1819:0:0	대사	03:32	I COULD USE YOUR HELP, BUT YOU NEED TO VISIT MAYAHEM TEMPLE AND TALK TO JAM JARS FIRST...	
04787	181A:0:0	대사	03:32	GREAT! YOU'RE JUST IN TIME TO SORT OUT THOSE NASTY GERMS AGAIN.	
04788	181A:0:1	대사	03:32	YOUR BEST SCORE IS CURRENTLY ~ POINTS.	
04789	181A:0:3	대사	03:32	WOULD YOU LIKE TO HEAR THE RULES AGAIN?	
04790	181B:0:0	대사	03:15	YOU NOT COME PAST.	
04791	181B:0:1	대사	03:15	NO ONE GETS IN OOGLE BOOGLE CAVE.	
04792	181B:0:2	대사	03:15	THEY BAD MEN.	
04793	181B:0:5	대사	03:15	WE UNGA BUNGAS WANT TO RULE ALL TERRYDACTYLAND.	
04794	181B:0:6	대사	03:15	OOGLES WANT TO SHARE.	
04795	181B:0:7	대사	03:15	THEY BAD.	
04796	181B:1:2	대사	81	WHY IS THAT THEN?	
04797	181C:0:0	대사	03:15	YOU DUMB, NOT LISTEN.	
04798	181C:0:1	대사	03:15	NO ONE GET IN CAVE.	
04799	181C:1:2	대사	80	I'LL BE BACK.	
04800	1848:0:0	목록	80	YOU CAN USE THIS MENU TO VIEW OR CHANGE THE STATUS OF THE CHEATS YOU HAVE EARNED.	
04801	1848:0:1	목록	81	USE THE CONTROL STICK TO MOVE UP AND DOWN THROUGH THE LIST.	
04802	1848:0:2	목록	82	PRESS {87} TO ENABLE OR DISABLE AN AVAILABLE CHEAT.	
04803	1848:0:3	목록	83	CHEATS IN WHITE HAVE NOT YET BEEN ENTERED USING THE STONE LETTERS.	
04804	1848:0:4	목록	84	1. DOUBLE MAXIMUM FEATHERS (ON)	
04805	1848:0:5	목록	85	1. DOUBLE MAXIMUM FEATHERS (OFF)	
04806	1848:0:6	목록	86	1. FEATHERS	
04807	1848:0:7	목록	87	2. DOUBLE MAXIMUM EGGS (ON)	
04808	1848:0:8	목록	88	2. DOUBLE MAXIMUM EGGS (OFF)	
04809	1848:0:9	목록	89	2. EGGS	
04810	1848:0:10	목록	8A	3. NO ENERGY LOSS FROM FALLING (ON)	
04811	1848:0:11	목록	8B	3. NO ENERGY LOSS FROM FALLING (OFF)	
04812	1848:0:12	목록	8C	3. FALLPROOF	
04813	1848:0:13	목록	8D	4. AUTOMATIC ENERGY REGAIN (ON)	
04814	1848:0:14	목록	8E	4. AUTOMATIC ENERGY REGAIN (OFF)	
04815	1848:0:15	목록	8F	4. HONEYBACK	
04816	1848:0:16	목록	90	5. JOLLY'S JUKEBOX (ON)	
04817	1848:0:17	목록	91	5. JOLLY'S JUKEBOX (OFF)	
04818	1848:0:18	목록	92	5. JUKEBOX	
04819	1848:0:19	목록	93	6. JIGGYWIGGY TEMPLE SIGNPOSTS (ON)	
04820	1848:0:20	목록	94	6. JIGGYWIGGY TEMPLE SIGNPOSTS (OFF)	
04821	1848:0:21	목록	95	6. GETJIGGY	
04822	1848:0:22	목록	96	7. FAST BANJO (ON)	
04823	1848:0:23	목록	97	7. FAST BANJO (OFF)	
04824	1848:0:24	목록	98	7. SUPERBANJO	
04825	1848:0:25	목록	99	8. FAST BADDIES (ON)	
04826	1848:0:26	목록	9A	8. FAST BADDIES (OFF)	
04827	1848:0:27	목록	9B	8. SUPERBADDY	
04828	1848:0:28	목록	9C	9. NO ENERGY OR AIR LOSS (ON)	
04829	1848:0:29	목록	9D	9. NO ENERGY OR AIR LOSS (OFF)	
04830	1848:0:30	목록	9E	9. HONEYKING	
04831	1848:0:31	목록	9F	10. INFINITE EGGS AND FEATHERS (ON)	
04832	1848:0:32	목록	A0	10. INFINITE EGGS AND FEATHERS (OFF)	
04833	1848:0:33	목록	A1	10. NESTKING	
04834	1848:0:34	목록	A2	11. OPEN UP ALL WORLD DOORS (ON)	
04835	1848:0:35	목록	A3	11. OPEN UP ALL WORLD DOORS (OFF)	
04836	1848:0:36	목록	A4	11. WORLD DOORS	
04837	1848:0:37	목록	A5	12. ENABLE HOMING EGGS (ON)	
04838	1848:0:38	목록	A6	12. ENABLE HOMING EGGS (OFF)	
04839	1848:0:39	목록	A7	12. HOMING	
04840	1849:0:0	목록	80	THIS IS A MENU OF THE CODES I HAVE TOLD YOU.	
04841	1849:0:1	목록	81	USE THE CONTROL STICK TO MOVE UP AND DOWN THROUGH THE LIST.	
04842	1849:0:2	목록	82	CODES WHICH HAVE NOT YET BEEN ENTERED ARE INDICATED AS 'NEW.'	
04843	1849:0:3	목록	83	FEATHERS	
04844	1849:0:4	목록	84	FEATHERS (NEW)	
04845	1849:0:5	목록	85	EGGS	
04846	1849:0:6	목록	86	EGGS (NEW)	
04847	1849:0:7	목록	87	FALLPROOF	
04848	1849:0:8	목록	88	FALLPROOF (NEW)	
04849	1849:0:9	목록	89	HONEYBACK	
04850	1849:0:10	목록	8A	HONEYBACK (NEW)	
04851	1849:0:11	목록	8B	JUKEBOX	
04852	1849:0:12	목록	8C	JUKEBOX (NEW)	
04853	184A:0:0	목록	80	WHICH ABILITY WOULD YOU LIKE TO KNOW MORE ABOUT?	
04854	184A:0:1	목록	81	PRESS UP OR DOWN ON THE CONTROL STICK TO HIGHLIGHT AN OPTION, THEN PRESS {87} TO SELECT IT.	
04855	184A:0:2	목록	82	OR PRESS {86} TO RETURN TO YOUR URGENT MOLE-RESTORING QUEST.	
04856	184A:0:3	목록	83	COME ON, HURRY UP! GET AFTER THAT WITCH AND FIND A WAY OF BRINGING ME BACK TO LIFE!	
04857	184A:0:4	목록	8A	BASIC JUMPING	
04858	184A:0:5	목록	8B	CLIMBING	
04859	184A:0:6	목록	8C	SHOCK JUMP	
04860	184A:0:7	목록	8D	CAMERA CONTROLLING	
04861	184A:0:8	목록	8E	BEAK BARGE ATTACK	
04862	184A:0:9	목록	8F	BEAK BUSTER ATTACK	
04863	184A:0:10	목록	90	TAKING OFF AND FLYING HIGHER	
04864	184A:0:11	목록	91	BEAK BOMB ATTACK	
04865	184A:0:12	목록	92	SURFACE SWIMMING AND DIVING	
04866	184A:0:13	목록	93	SWIMMING UNDERWATER	
04867	184A:0:14	목록	94	BASIC MOVEMENTS	
04868	184A:0:15	목록	95	WEARING TURBO TRAINERS	
04869	184A:0:16	목록	96	WEARING WADING BOOTS	
04870	184A:0:17	목록	97	BASIC ATTACKING	
04871	184A:0:18	목록	98	EGG FIRING	
04872	184A:0:19	목록	99	WONDER WING INVULNERABILITY	
04873	184A:0:20	목록	9A	TALON TROT RUNNING	
04874	184B:0:0	목록	80	SELECT A DESTINATION. {87} SELECT {86} CANCEL	
04875	184B:0:1	목록	81	SELECT A DESTINATION. {87} SELECT {86} CANCEL	
04876	184B:0:2	목록	82	SELECT A DESTINATION. {87} SELECT {86} CANCEL	
04877	184B:0:3	목록	8A	GLITTER GULCH MINE	
04878	184B:0:4	목록	8B	WITCHYWORLD	
04879	184B:0:5	목록	8C	ISLE O' HAGS	
04880	184B:0:6	목록	8D	TERRYDACTYLAND	
04881	184B:0:7	목록	8E	GRUNTY INDUSTRIES	
04882	184B:0:8	목록	8F	HAILFIRE PEAKS (LAVA SIDE)	
04883	184B:0:9	목록	90	HAILFIRE PEAKS (ICE SIDE)	
04884	184C:0:0	목록	80	SELECT A LOCATION TO SKIP TO FROM THE MENU BELOW.	
04885	184C:0:1	목록	81	PRESS {87} TO MAKE A SELECTION.	
04886	184C:0:2	목록	82	PRESS {86} TO CANCEL THIS MENU.	
04887	184C:0:3	목록	83	THE DECISION IS YOURS!	
04888	184C:0:4	목록	8A	TEMPLE : MAIN	
04889	184C:0:5	목록	8B	TEMPLE : STADIUM LOBBY	
04890	184C:0:6	목록	8C	TEMPLE : GATE AREA	
04891	184C:0:7	목록	8D	TEMPLE : QUICKSAND AREA	
04892	184C:0:8	목록	8E	TEMPLE : MUMBO'S SKULL	
04893	184C:0:9	목록	8F	MINE : MAIN	
04894	184C:0:10	목록	90	MINE : LOCO AREA	
04895	184C:0:11	목록	91	MINE : BOILER	
04896	184C:0:12	목록	92	MINE : CELLS	
04897	184C:0:13	목록	93	MINE : CRUSHER	
04898	184C:0:14	목록	94	WITCHYWORLD : MAIN	
04899	184C:0:15	목록	95	WITCHYWORLD : STAR SPINNER	
04900	184C:0:16	목록	96	WITCHYWORLD : BIG TOP INTERIOR	
04901	184C:0:17	목록	97	WITCHYWORLD : DARK DEMON CAVE	
04902	184C:0:18	목록	98	LAGOON : MAIN	
04903	184C:0:19	목록	99	LAGOON : UFO INTERIOR	
04904	184C:0:20	목록	9A	LAGOON : SEAWEED	
04905	184C:0:21	목록	9B	LAGOON : BOTTLES	
04906	184C:0:22	목록	9C	MULTIPLAYER : 1 PLAYER	
04907	184C:0:23	목록	9D	MULTIPLAYER : 2 PLAYERS	
04908	184C:0:24	목록	9E	MULTIPLAYER : 4 PLAYERS	
04909	184C:0:25	목록	9F	MULTIPLAYER : SUB : 2 PLAYERS	
04910	184C:0:26	목록	A0	FACTORY : MAIN	
04911	184C:0:27	목록	A1	PREHISTORIC : MAIN	
04912	184C:0:28	목록	A2	PREHISTORIC : NEST	
04913	184D:0:0	목록	80	SELECT A CHARACTER TO CHANGE INTO.	
04914	184D:0:1	목록	81	PRESS {87} TO MAKE A SELECTION.	
04915	184D:0:2	목록	82	PRESS {86} TO CANCEL THIS MENU.	
04916	184D:0:3	목록	83	THE DECISION IS YOURS!	
04917	184D:0:4	목록	8A	BANJO-KAZOOIE	
04918	184D:0:5	목록	8B	MUMBO JUMBO	
04919	184D:0:6	목록	8C	STONY	
04920	184D:0:7	목록	8D	GOLDEN GOLIATH	
04921	184D:0:8	목록	8E	DETONATOR	
04922	184D:0:9	목록	8F	BULLION VAN	
04923	184D:0:10	목록	90	MINI-SUB	
04924	184E:0:0	목록	80	SELECT FLOOR, PLEASE? {87} SELECT {86} CANCEL	
04925	184E:0:1	목록	81	SELECT FLOOR, PLEASE? {87} SELECT {86} CANCEL	
04926	184E:0:2	목록	82	SELECT FLOOR, PLEASE? {87} SELECT {86} CANCEL	
04927	184E:0:3	목록	8A	FLOOR 1	
04928	184E:0:4	목록	8B	FLOOR 2	
04929	184E:0:5	목록	8C	FLOOR 3	
04930	184E:0:6	목록	8D	FLOOR 4	
04931	184E:0:7	목록	8E	FLOOR 5	
04932	184F:0:0	목록	80	WHERE Y' GOING, PUNK? {87} SELECT {86} CANCEL	
04933	184F:0:1	목록	81	WHERE Y' GOING, PUNK? {87} SELECT {86} CANCEL	
04934	184F:0:2	목록	82	WHERE Y' GOING, PUNK? {87} SELECT {86} CANCEL	
04935	184F:0:3	목록	8A	JINJO VILLAGE	
04936	184F:0:4	목록	8B	WOODED HOLLOW	
04937	184F:0:5	목록	8C	PLATEAU	
04938	184F:0:6	목록	8D	PINE GROVE	
04939	184F:0:7	목록	8E	CLIFF TOP	
04940	184F:0:8	목록	8F	WASTELAND	
04941	184F:0:9	목록	90	QUAGMIRE	
04942	184F:0:10	목록	91	SILO 8	
04943	184F:0:11	목록	92	SILO 9	
04944	184F:0:12	목록	93	RIDICULOUSLY SECRET AREA 1	
04945	1850:0:0	목록	80	PICK A WORLD TO PLAY. {87} SELECT {86} CANCEL	
04946	1850:0:1	목록	81	PICK A WORLD TO PLAY. {87} SELECT {86} CANCEL	
04947	1850:0:2	목록	82	PICK A WORLD TO PLAY. {87} SELECT {86} CANCEL	
04948	1850:0:3	목록	83	PICK A WORLD TO PLAY. {87} SELECT {86} CANCEL	
04949	1850:0:4	목록	8A	SPIRAL MOUNTAIN	
04950	1850:0:5	목록	8B	MAYAHEM TEMPLE	
04951	1850:0:6	목록	8C	GLITTER GULCH MINE	
04952	1850:0:7	목록	8D	WITCHYWORLD	
04953	1850:0:8	목록	8E	JOLLY ROGER'S LAGOON	
04954	1850:0:9	목록	8F	TERRYDACTYLAND	
04955	1850:0:10	목록	90	GRUNTY INDUSTRIES	
04956	1850:0:11	목록	91	HAILFIRE PEAKS	
04957	1850:0:12	목록	92	CLOUD CUCKOOLAND	
04958	1850:0:13	목록	93	CAULDRON KEEP	
04959	1850:0:14	목록	94	ISLE O' HAGS	
04960	1850:0:15	목록	95	MISCELLANEOUS	
04961	1851:0:0	목록	80	PICK A TRACK TO PLAY. {87} SELECT {86} CANCEL	
04962	1851:0:1	목록	81	PICK A TRACK TO PLAY. {87} SELECT {86} CANCEL	
04963	1851:0:2	목록	82	PICK A TRACK TO PLAY. {87} SELECT {86} CANCEL	
04964	1851:0:3	목록	83	PICK A TRACK TO PLAY. {87} SELECT {86} CANCEL	
04965	1851:0:4	목록	8A	SPIRAL MOUNTAIN	
04966	1851:0:5	목록	8B	MOUNTAIN AQUATIC	
04967	1851:0:6	목록	8C	MOUNTAIN CAVES	
04968	1851:0:7	목록	8D	BANJO'S HOUSE BLUES	
04969	1851:0:8	목록	8E	KLUNGO	
04970	1852:0:0	목록	80	PICK A TRACK TO PLAY. {87} SELECT {86} CANCEL	
04971	1852:0:1	목록	81	PICK A TRACK TO PLAY. {87} SELECT {86} CANCEL	
04972	1852:0:2	목록	82	PICK A TRACK TO PLAY. {87} SELECT {86} CANCEL	
04973	1852:0:3	목록	83	PICK A TRACK TO PLAY. {87} SELECT {86} CANCEL	
04974	1852:0:4	목록	8A	MAYAHEM MELODY	
04975	1852:0:5	목록	8B	MAYAHEM AQUATIC	
04976	1852:0:6	목록	8C	KICKBALL STADIUM APPROACH	
04977	1852:0:7	목록	8D	KICKBALL STADIUM LOBBY	
04978	1852:0:8	목록	8E	BUILDING INTERIORS	
04979	1852:0:9	목록	8F	TARGITZAN	
04980	1853:0:0	목록	80	PICK A TRACK TO PLAY. {87} SELECT {86} CANCEL	
04981	1853:0:1	목록	81	PICK A TRACK TO PLAY. {87} SELECT {86} CANCEL	
04982	1853:0:2	목록	82	PICK A TRACK TO PLAY. {87} SELECT {86} CANCEL	
04983	1853:0:3	목록	83	PICK A TRACK TO PLAY. {87} SELECT {86} CANCEL	
04984	1853:0:4	목록	8A	GLITTER GULCH	
04985	1853:0:5	목록	8B	GLITTER AQUATIC	
04986	1853:0:6	목록	8C	DARK N' DINGY INTERIORS	
04987	1853:0:7	목록	8D	BULLION BILL'S HUT	
04988	1853:0:8	목록	8E	DARK ROOMS	
04989	1853:0:9	목록	8F	RACIN' WITH MARY	
04990	1853:0:10	목록	90	OLD KING COAL	
04991	1854:0:0	목록	80	PICK A TRACK TO PLAY. {87} SELECT {86} CANCEL	
04992	1854:0:1	목록	81	PICK A TRACK TO PLAY. {87} SELECT {86} CANCEL	
04993	1854:0:2	목록	82	PICK A TRACK TO PLAY. {87} SELECT {86} CANCEL	
04994	1854:0:3	목록	83	PICK A TRACK TO PLAY. {87} SELECT {86} CANCEL	
04995	1854:0:4	목록	8A	WITCHYWORLD	
04996	1854:0:5	목록	8B	WILD WEST ZONE	
04997	1854:0:6	목록	8C	HAUNTED ZONE	
04998	1854:0:7	목록	8D	SPACE ZONE	
04999	1854:0:8	목록	8E	FUN 'N' GAMES	
05000	1854:0:9	목록	8F	MADAME GRUNTY	
05001	1854:0:10	목록	90	MR. PATCH	
05002	1855:0:0	목록	80	PICK A TRACK TO PLAY. {87} SELECT {86} CANCEL	
05003	1855:0:1	목록	81	PICK A TRACK TO PLAY. {87} SELECT {86} CANCEL	
05004	1855:0:2	목록	82	PICK A TRACK TO PLAY. {87} SELECT {86} CANCEL	
05005	1855:0:3	목록	83	PICK A TRACK TO PLAY. {87} SELECT {86} CANCEL	
05006	1855:0:4	목록	8A	TOWN CENTER	
05007	1855:0:5	목록	8B	TOWN AQUATIC	
05008	1855:0:6	목록	8C	SHOPPING AROUND TOWN	
05009	1855:0:7	목록	8D	BENEATH THE LAGOON	
05010	1855:0:8	목록	8E	LAGOON INTERIORS	
05011	1855:0:9	목록	8F	DAVY JONES' LOCKER	
05012	1855:0:10	목록	90	INSIDE THE BIG FISH	
05013	1855:0:11	목록	91	SAD ALIENS	
05014	1855:0:12	목록	92	HAPPY ALIENS	
05015	1855:0:13	목록	93	SHOOTIN' WITH THE FISHES	
05016	1855:0:14	목록	94	LORD WOO FAK FAK	
05017	1856:0:0	목록	80	PICK A TRACK TO PLAY. {87} SELECT {86} CANCEL	
05018	1856:0:1	목록	81	PICK A TRACK TO PLAY. {87} SELECT {86} CANCEL	
05019	1856:0:2	목록	82	PICK A TRACK TO PLAY. {87} SELECT {86} CANCEL	
05020	1856:0:3	목록	83	PICK A TRACK TO PLAY. {87} SELECT {86} CANCEL	
05021	1856:0:4	목록	8A	TERRYDACTYLAND	
05022	1856:0:5	목록	8B	TERRYDACTYLAND AQUATIC	
05023	1856:0:6	목록	8C	INTERIORS	
05024	1856:0:7	목록	8D	TERRY	
05025	1857:0:0	목록	80	PICK A TRACK TO PLAY. {87} SELECT {86} CANCEL	
05026	1857:0:1	목록	81	PICK A TRACK TO PLAY. {87} SELECT {86} CANCEL	
05027	1857:0:2	목록	82	PICK A TRACK TO PLAY. {87} SELECT {86} CANCEL	
05028	1857:0:3	목록	83	PICK A TRACK TO PLAY. {87} SELECT {86} CANCEL	
05029	1857:0:4	목록	8A	OUTSIDE THE FACTORY	
05030	1857:0:5	목록	8B	INSIDE THE FACTORY	
05031	1857:0:6	목록	8C	QUIET INTERIORS	
05032	1857:0:7	목록	8D	WELDAR	
05033	1858:0:0	목록	80	PICK A TRACK TO PLAY. {87} SELECT {86} CANCEL	
05034	1858:0:1	목록	81	PICK A TRACK TO PLAY. {87} SELECT {86} CANCEL	
05035	1858:0:2	목록	82	PICK A TRACK TO PLAY. {87} SELECT {86} CANCEL	
05036	1858:0:3	목록	83	PICK A TRACK TO PLAY. {87} SELECT {86} CANCEL	
05037	1858:0:4	목록	8A	LAVA SIDE	
05038	1858:0:5	목록	8B	LAVA AQUATICS	
05039	1858:0:6	목록	8C	LAVA INTERIORS	
05040	1858:0:7	목록	8D	ICE SIDE	
05041	1858:0:8	목록	8E	ICY INTERIORS	
05042	1858:0:9	목록	8F	CHILLI BILLI AND CHILLY WILLY	
05043	1859:0:0	목록	80	PICK A TRACK TO PLAY. {87} SELECT {86} CANCEL	
05044	1859:0:1	목록	81	PICK A TRACK TO PLAY. {87} SELECT {86} CANCEL	
05045	1859:0:2	목록	82	PICK A TRACK TO PLAY. {87} SELECT {86} CANCEL	
05046	1859:0:3	목록	83	PICK A TRACK TO PLAY. {87} SELECT {86} CANCEL	
05047	1859:0:4	목록	8A	CLOUD CUCKOOLAND	
05048	1859:0:5	목록	8B	CUCKOOLAND AQUATICS	
05049	1859:0:6	목록	8C	CENTRAL CAVERN	
05050	1859:0:7	목록	8D	INSIDE THE POT O' GOLD	
05051	1859:0:8	목록	8E	INSIDE THE TRASH CAN	
05052	1859:0:9	목록	8F	INSIDE THE CHEESE	
05053	1859:0:10	목록	90	CLOUD RACE	
05054	1859:0:11	목록	91	MINGY JONGO	
05055	185A:0:0	목록	80	CHOOSE A DESTINATION. {87} SELECT {86} CANCEL	
05056	185A:0:1	목록	8A	WORLD ENTRY AND EXIT	
05057	185A:0:2	목록	8B	OUTSIDE MUMBO'S SKULL	
05058	185A:0:3	목록	8C	PRISON COMPOUND	
05059	185A:0:4	목록	8D	NEAR WUMBA'S WIGWAM	
05060	185A:0:5	목록	8E	KICKBALL STADIUM LOBBY	
05061	185A:0:6	목록	A4	YOU'RE TOO BIG TO USE THE WARP PADS!	
05062	185B:0:0	목록	80	CHOOSE A DESTINATION. {87} SELECT {86} CANCEL	
05063	185B:0:1	목록	8A	WORLD ENTRY AND EXIT	
05064	185B:0:2	목록	8B	OUTSIDE MUMBO'S SKULL	
05065	185B:0:3	목록	8C	INSIDE WUMBA'S WIGWAM	
05066	185B:0:4	목록	8D	OUTSIDE THE CRUSHING SHED	
05067	185B:0:5	목록	8E	NEAR THE TRAIN STATION	
05068	185B:0:6	목록	9E	MINE: REFUSE BANJO AND KAZOOIE MESSAGE.	
05069	185B:0:7	목록	9F	MINE: REFUSE BANJO ONLY MESSAGE.	
05070	185B:0:8	목록	A0	MINE: REFUSE KAZOOIE ONLY MESSAGE.	
05071	185B:0:9	목록	A1	MUMBO ISN'T WELCOME IN WUMBA'S WIGWAM!	
05072	185B:0:10	목록	A2	MINE: REFUSE BCKB MESSAGE.	
05073	185B:0:11	목록	A3	MINE: REFUSE TNT DETONATOR MESSAGE.	
05074	185C:0:0	목록	80	CHOOSE A DESTINATION. {87} SELECT {86} CANCEL	
05075	185C:0:1	목록	8A	WORLD ENTRY AND EXIT	
05076	185C:0:2	목록	8B	BEHIND THE BIG TOP TENT	
05077	185C:0:3	목록	8C	SPACE ZONE	
05078	185C:0:4	목록	8D	OUTSIDE WUMBA'S WIGWAM	
05079	185C:0:5	목록	8E	OUTSIDE MUMBO'S SKULL	
05080	185D:0:0	목록	80	CHOOSE A DESTINATION. {87} SELECT {86} CANCEL	
05081	185D:0:1	목록	81	CHOOSE A DESTINATION. {87} SELECT {86} CANCEL	
05082	185D:0:2	목록	82	CHOOSE A DESTINATION. {87} SELECT {86} CANCEL	
05083	185D:0:3	목록	8A	TOWN CENTER	
05084	185D:0:4	목록	8B	ATLANTIS	
05085	185D:0:5	목록	8C	SUNKEN SHIP	
05086	185D:0:6	목록	8D	BIG FISH CAVERN	
05087	185D:0:7	목록	8E	LOCKERS CAVERN	
05088	185D:0:8	목록	A0	KAZOOIE CAN'T SWIM UNDERWATER!	
05089	185D:0:9	목록	A1	MUMBO CAN'T SWIM UNDERWATER!	
05090	185D:0:10	목록	A3	SUBMARINES DON'T WORK TOO WELL ON LAND!	
05091	185E:0:0	목록	80	CHOOSE A DESTINATION. {87} SELECT {86} CANCEL	
05092	185E:0:1	목록	8A	WORLD ENTRY AND EXIT	
05093	185E:0:2	목록	8B	STOMPING PLAINS	
05094	185E:0:3	목록	8C	OUTSIDE MUMBO'S SKULL	
05095	185E:0:4	목록	8D	OUTSIDE WUMBA'S WIGWAM	
05096	185E:0:5	목록	8E	TOP OF THE MOUNTAIN	
05097	185E:0:6	목록	9E	DINO: REFUSE BANJO AND KAZOOIE MESSAGE.	
05098	185E:0:7	목록	9F	DINO: REFUSE BANJO ONLY MESSAGE.	
05099	185E:0:8	목록	A0	DINO: REFUSE KAZOOIE ONLY MESSAGE.	
05100	185E:0:9	목록	A1	DINO: REFUSE MUMBO JUMBO MESSAGE.	
05101	185E:0:10	목록	A2	DINO: REFUSE BCKB MESSAGE.	
05102	185E:0:11	목록	A3	DINO: REFUSE SMALL T-REX MESSAGE.	
05103	185E:0:12	목록	A4	YOU'RE TOO BIG TO USE THE WARP PADS!	
05104	185F:0:0	목록	80	CHOOSE A DESTINATION. {87} SELECT {86} CANCEL	
05105	185F:0:1	목록	8A	FLOOR 1 - ENTRANCE DOOR	
05106	185F:0:2	목록	8B	FLOOR 2 - OUTSIDE WUMBA'S WIGWAM	
05107	185F:0:3	목록	8C	FLOOR 3 - OUTSIDE MUMBO'S SKULL	
05108	185F:0:4	목록	8D	FLOOR 4 - NEAR THE CRUSHERS	
05109	185F:0:5	목록	8E	ON THE ROOF OUTSIDE	
05110	185F:0:6	목록	A3	MACHINES AREN'T ALLOWED TO USE THE WARP PADS. USE THE SERVICE ELEVATOR INSTEAD.	
05111	1860:0:0	목록	80	CHOOSE A DESTINATION. {87} SELECT {86} CANCEL	
05112	1860:0:1	목록	8A	FIRE SIDE - LOWER AREA (MUMBO)	
05113	1860:0:2	목록	8B	FIRE SIDE - UPPER AREA	
05114	1860:0:3	목록	8C	ICE SIDE - UPPER AREA	
05115	1860:0:4	목록	8D	ICE SIDE - LOWER AREA (WUMBA)	
05116	1860:0:5	목록	8E	ICE SIDE - INSIDE ICICLE GROTTO	
05117	1860:0:6	목록	9E	FIREICE: REFUSE BANJO AND KAZOOIE MESSAGE.	
05118	1860:0:7	목록	9F	FIREICE: REFUSE BANJO ONLY MESSAGE.	
05119	1860:0:8	목록	A0	FIREICE: REFUSE KAZOOIE ONLY MESSAGE.	
05120	1860:0:9	목록	A1	FIREICE: REFUSE MUMBO JUMBO MESSAGE.	
05121	1860:0:10	목록	A2	FIREICE: REFUSE BCKB MESSAGE.	
05122	1860:0:11	목록	A3	FIREICE: REFUSE SNOWBALL MESSAGE.	
05123	1861:0:0	목록	80	CHOOSE A DESTINATION. {87} SELECT {86} CANCEL	
05124	1861:0:1	목록	8A	WORLD ENTRY AND EXIT	
05125	1861:0:2	목록	8B	CENTRAL CAVERN	
05126	1861:0:3	목록	8C	FANTASY: LOCATION 3	
05127	1861:0:4	목록	8D	FANTASY: LOCATION 4	
05128	1861:0:5	목록	8E	FANTASY: LOCATION 5	
05129	1861:0:6	목록	9E	FANTASY: REFUSE BANJO AND KAZOOIE MESSAGE.	
05130	1861:0:7	목록	9F	FANTASY: REFUSE BANJO ONLY MESSAGE.	
05131	1861:0:8	목록	A0	FANTASY: REFUSE KAZOOIE ONLY MESSAGE.	
05132	1861:0:9	목록	A1	FANTASY: REFUSE MUMBO JUMBO MESSAGE.	
05133	1861:0:10	목록	A2	FANTASY: REFUSE BCKB MESSAGE.	
05134	1861:0:11	목록	A3	FANTASY: REFUSE BUMBLE BEE MESSAGE.	
05135	1862:0:0	목록	80	CHOOSE A DESTINATION. {87} SELECT {86} CANCEL	
05136	1862:0:1	목록	8A	BOTTOM OF THE TOWER	
05137	1862:0:2	목록	8B	TOP OF THE TOWER	
05138	1862:0:3	목록	8C	CASTLE: LOCATION 3	
05139	1862:0:4	목록	8D	CASTLE: LOCATION 4	
05140	1862:0:5	목록	8E	CASTLE: LOCATION 5	
05141	1862:0:6	목록	9E	CASTLE: REFUSE BANJO AND KAZOOIE MESSAGE.	
05142	1862:0:7	목록	9F	CASTLE: REFUSE BANJO ONLY MESSAGE.	
05143	1862:0:8	목록	A0	CASTLE: REFUSE KAZOOIE ONLY MESSAGE.	
05144	1862:0:9	목록	A1	CASTLE: REFUSE MUMBO JUMBO MESSAGE.	
05145	1862:0:10	목록	A2	CASTLE: REFUSE BCKB MESSAGE.	
05146	1863:0:0	목록	80	RETURN TO GAME	
05147	1863:0:1	목록	81	OBJECTS AND ITEMS	
05148	1863:0:2	목록	82	JINJOS	
05149	1863:0:3	목록	83	VIEW TOTALS	
05150	1863:0:4	목록	84	SAVE AND QUIT	
05151	1863:0:5	목록	85	ARE YOU SURE?	
05152	1863:0:6	목록	86	{87} YES {86} NO	
05153	1864:0:0	목록	80	OBJECTS AND ITEMS	
05154	1864:0:1	목록	81	JINJOS	
05155	1864:0:2	목록	82	GAME TOTALS	
05156	1864:0:3	목록	83	SPIRAL MOUNTAIN	
05157	1864:0:4	목록	84	ISLE O' HAGS	
05158	1864:0:5	목록	85	1 . MAYAHEM TEMPLE	
05159	1864:0:6	목록	86	2 . GLITTER GULCH MINE	
05160	1864:0:7	목록	87	3 . WITCHYWORLD	
05161	1864:0:8	목록	88	4 . JOLLY ROGER'S LAGOON	
05162	1864:0:9	목록	89	5 . TERRYDACTYLAND	
05163	1864:0:10	목록	8A	6 . GRUNTY INDUSTRIES	
05164	1864:0:11	목록	8B	7 . HAILFIRE PEAKS	
05165	1864:0:12	목록	8C	8 . CLOUD CUCKOOLAND	
05166	1864:0:13	목록	8D	9 . CAULDRON KEEP	
05167	1865:0:0	목록	80	{87} YES {86} NO	
05168	1865:0:1	목록	81	{87} AYE {86} NAW	
05169	1865:0:2	목록	82	{87} YUS {86} NOPE	
05170	1866:0:0	목록	80	RETURN TO GAME	
05171	1866:0:1	목록	81	BACK TO THE MENU	
05172	1866:0:2	목록	85	ARE YOU SURE?	
05173	1866:0:3	목록	86	{87} YES {86} NO	
05174	1867:0:0	목록	80	RETURN TO GAME	
05175	1867:0:1	목록	81	RESTART THIS GAME	
05176	1867:0:2	목록	82	QUIT THIS GAME	
05177	1867:0:3	목록	85	ARE YOU SURE?	
05178	1867:0:4	목록	86	{87} YES {86} NO	
05179	1868:0:0	목록	80	RETURN TO GAME	
05180	1868:0:1	목록	81	QUIT MULTIPLAYER	
05181	1868:0:2	목록	85	ARE YOU SURE?	
05182	1868:0:3	목록	86	{87} YES {86} NO	
05183	1869:0:0	목록	80	PICK A TRACK TO PLAY. {87} SELECT {86} CANCEL	
05184	1869:0:1	목록	81	PICK A TRACK TO PLAY. {87} SELECT {86} CANCEL	
05185	1869:0:2	목록	82	PICK A TRACK TO PLAY. {87} SELECT {86} CANCEL	
05186	1869:0:3	목록	83	PICK A TRACK TO PLAY. {87} SELECT {86} CANCEL	
05187	1869:0:4	목록	8A	CAULDRON KEEP	
05188	1869:0:5	목록	8B	KEEP INTERIORS	
05189	1869:0:6	목록	8C	TOWER OF TRAGEDY QUIZ	
05190	1869:0:7	목록	8D	ROLL THE CREDITS	
05191	1869:0:8	목록	8E	HAG 1	
05192	186A:0:0	목록	80	PICK A TRACK TO PLAY. {87} SELECT {86} CANCEL	
05193	186A:0:1	목록	81	PICK A TRACK TO PLAY. {87} SELECT {86} CANCEL	
05194	186A:0:2	목록	82	PICK A TRACK TO PLAY. {87} SELECT {86} CANCEL	
05195	186A:0:3	목록	83	PICK A TRACK TO PLAY. {87} SELECT {86} CANCEL	
05196	186A:0:4	목록	8A	ISLE O' HAGS	
05197	186A:0:5	목록	8B	AQUATIC HAGS	
05198	186A:0:6	목록	8C	MAYAN HAGS	
05199	186A:0:7	목록	8D	MINING HAGS	
05200	186A:0:8	목록	8E	THEME PARK HAGS	
05201	186A:0:9	목록	8F	LAGOON HAGS	
05202	186A:0:10	목록	90	PREHISTORIC HAGS	
05203	186A:0:11	목록	91	INDUSTRIAL HAGS	
05204	186A:0:12	목록	92	HAILFIRE HAGS	
05205	186A:0:13	목록	93	CUCKOOLAND HAGS	
05206	186A:0:14	목록	94	CASTLE HAGS	
05207	186A:0:15	목록	95	JINJO VILLAGE	
05208	186A:0:16	목록	96	JINJO VILLAGE CAVES	
05209	186A:0:17	목록	97	SAD JINJO HOUSES	
05210	186A:0:18	목록	98	HAPPY JINJO HOUSES	
05211	186A:0:19	목록	99	JINGALING'S THRONE ROOM	
05212	186A:0:20	목록	9A	IN THE HALL OF THE ZOMBIE KING	
05213	186A:0:21	목록	9B	BOTTLES' HOUSE	
05214	186A:0:22	목록	9C	PARTY AT BOTTLES'	
05215	186A:0:23	목록	9D	HEGGY'S EGG SHED	
05216	186A:0:24	목록	9E	HONEY B'S HIVE	
05217	186A:0:25	목록	9F	JIGGYWIGGY'S TEMPLE	
05218	186A:0:26	목록	A0	JIGGYWIGGY'S CHALLENGE	
05219	186B:0:0	목록	80	PICK A TRACK TO PLAY. {87} SELECT {86} CANCEL	
05220	186B:0:1	목록	81	PICK A TRACK TO PLAY. {87} SELECT {86} CANCEL	
05221	186B:0:2	목록	82	PICK A TRACK TO PLAY. {87} SELECT {86} CANCEL	
05222	186B:0:3	목록	83	PICK A TRACK TO PLAY. {87} SELECT {86} CANCEL	
05223	186B:0:4	목록	8A	BANJO'S THEME	
05224	186B:0:5	목록	8B	GAME SELECT	
05225	186B:0:6	목록	8C	PAUSE	
05226	186B:0:7	목록	8D	TURBO TRAINERS	
05227	186B:0:8	목록	8E	WADING BOOTS	
05228	186B:0:9	목록	8F	SPRINGY STEP SHOES	
05229	186B:0:10	목록	90	CLAW CLAMBER BOOTS	
05230	186B:0:11	목록	91	CLOCKWORK KAZOOIE BOMB	
05231	186B:0:12	목록	92	HERE COMES TROUBLE...	
05232	186C:0:0	목록	80	DOLBY AND THE DOUBLE-D SYMBOL ARE	
05233	186C:0:1	목록	81	TRADEMARKS OF DOLBY LABORATORIES.	
05234	186C:0:3	목록	83	SHOW DEMO  	
05235	186C:0:4	목록	84	x 2000 NINTENDO/RARE. GAME BY RARE.	
05236	186D:0:0	목록	80	JIGGYWIGGY'S CHALLENGE 1	
05237	186D:0:1	목록	81	JIGGYWIGGY'S CHALLENGE 2	
05238	186D:0:2	목록	82	JIGGYWIGGY'S CHALLENGE 3	
05239	186D:0:3	목록	83	JIGGYWIGGY'S CHALLENGE 4	
05240	186D:0:4	목록	84	JIGGYWIGGY'S CHALLENGE 5	
05241	186D:0:5	목록	85	JIGGYWIGGY'S CHALLENGE 6	
05242	186D:0:6	목록	86	JIGGYWIGGY'S CHALLENGE 7	
05243	186D:0:7	목록	87	JIGGYWIGGY'S CHALLENGE 8	
05244	186D:0:8	목록	88	JIGGYWIGGY'S CHALLENGE 9	
05245	186D:0:9	목록	89	JIGGYWIGGY'S CHALLENGE 10	
05246	186D:0:10	목록	8A	JIGGYWIGGY'S{0A}SUPER SPECIAL{0A}CHALLENGE	
05247	186E:0:0	목록	80	CONTINUE	
05248	186E:0:1	목록	81	QUIT	
05249	186E:0:2	목록	85	QUIT?	
05250	186E:0:3	목록	86	{87} YES	
05251	186E:0:4	목록	87	{86} NO	
05252	18AC:0:0	목록	80	MUMBO'S SKULL	
05253	18AC:0:1	목록	81	WUMBA'S WIGWAM	
05254	18AC:0:2	목록	82	???	
05255	18AD:0:0	목록	80	SPIRAL MOUNTAIN	
05256	18AD:0:1	목록	81	BANJO'S HOUSE	
05257	18AD:0:2	목록	82	INSIDE{0A}THE DIGGER TUNNEL	
05258	18AE:0:0	목록	80	BEHIND THE WATERFALL	
05259	18AE:0:1	목록	81	GRUNTILDA'S LAIR{0A}#( ENTRANCE )	
05260	18AE:0:2	목록	82	GRUNTILDA'S LAIR{0A}#( TOWER ROOM )	
05261	18AF:0:0	목록	80	MAYAHEM TEMPLE	
05262	18AF:0:1	목록	81	COLUMNS VAULT	
05263	18AF:0:2	목록	82	TREASURE CHAMBER	
05264	18AF:0:3	목록	83	MAYAN KICKBALL STADIUM{0A}#( LOBBY )	
05265	18AF:0:4	목록	84	CODE CHAMBER	
05266	18AF:0:5	목록	85	PRISON COMPOUND	
05267	18AF:0:6	목록	86	MAYAN KICKBALL{0A}#( QUARTERFINAL )	
05268	18AF:0:7	목록	87	MAYAN KICKBALL{0A}#( SEMIFINAL )	
05269	18AF:0:8	목록	88	MAYAN KICKBALL{0A}#( FINAL )	
05270	18AF:0:9	목록	89	TARGITZAN'S{0A}SLIGHTY SACRED CHAMBER	
05271	18AF:0:10	목록	8A	TARGITZAN'S{0A}REALLY SACRED CHAMBER	
05272	18AF:0:11	목록	8B	TARGITZAN'S TEMPLE{0A}#( LOBBY )	
05273	18AF:0:12	목록	8C	INSIDE TARGITZAN'S TEMPLE	
05274	18AF:0:13	목록	8D	MAYAN KICKBALL CHALLENGE	
05275	18AF:0:14	목록	8E	JADE SNAKE GROVE	
05276	18AF:0:15	목록	8F	MAYAN KICKBALL{0A}#( QUARTERFINAL REMATCH )	
05277	18AF:0:16	목록	90	MAYAN KICKBALL{0A}#( SEMIFINAL REMATCH )	
05278	18AF:0:17	목록	91	MAYAN KICKBALL{0A}#( FINAL REMATCH )	
05279	18B0:0:0	목록	80	GLITTER GULCH MINE	
05280	18B0:0:1	목록	81	CRUSHING SHED	
05281	18B0:0:2	목록	82	FLOODED CAVES	
05282	18B0:0:3	목록	83	WATER STORAGE	
05283	18B0:0:4	목록	84	WATERFALL CAVERN	
05284	18B0:0:5	목록	85	POWER HUT BASEMENT	
05285	18B0:0:6	목록	86	PROSPECTOR'S{0A}HUT	
05286	18B0:0:7	목록	87	GLOOMY CAVERNS	
05287	18B0:0:8	목록	88	GENERATOR CAVERN	
05288	18B0:0:9	목록	89	POWER HUT	
05289	18B0:0:10	목록	8A	TRAIN STATION{0A}#( GLITTER GULCH MINE )	
05290	18B0:0:11	목록	8B	INSIDE CHUFFY'S BOILER	
05291	18B0:0:12	목록	8C	CHUFFY'S CAB	
05292	18B0:0:13	목록	8D	INSIDE CHUFFY'S WAGON	
05293	18B0:0:14	목록	8E	FUEL DEPOT	
05294	18B0:0:15	목록	8F	TOXIC GAS CAVE	
05295	18B0:0:16	목록	90	CANARY CAVE	
05296	18B0:0:17	목록	91	ORDNANCE STORAGE	
05297	18B0:0:18	목록	92	ORDNANCE STORAGE{0A}ENTRANCE	
05298	18B0:0:19	목록	93	GLITTER GULCH MINE#CART RACE	
05299	18B0:0:20	목록	94	GLITTER GULCH MINE#CART RACE	
05300	18B1:0:0	목록	80	WITCHYWORLD	
05301	18B1:0:1	목록	81	DODGEM DOME LOBBY	
05302	18B1:0:2	목록	82	CRAZY CASTLE STOCKADE	
05303	18B1:0:3	목록	83	CRAZY CASTLE LOBBY	
05304	18B1:0:4	목록	84	CRAZY CASTLE PUMP ROOM	
05305	18B1:0:5	목록	85	STAR SPINNER	
05306	18B1:0:6	목록	86	THE INFERNO	
05307	18B1:0:7	목록	87	CAVE OF HORRORS	
05308	18B1:0:8	목록	88	THE HAUNTED CAVERN	
05309	18B1:0:9	목록	89	TRAIN STATION{0A}#( WITCHYWORLD )	
05310	18B1:0:10	목록	8A	BALLOON BURST GAME	
05311	18B1:0:11	목록	8B	HOOP HURRY GAME	
05312	18B1:0:12	목록	8C	BIG TOP INTERIOR	
05313	18B1:0:13	목록	8D	DODGEM CHALLENGE{0A}#( 1 VS. 1 )	
05314	18B1:0:14	목록	8E	DODGEM CHALLENGE{0A}#( 2 VS. 1 )	
05315	18B1:0:15	목록	8F	DODGEM CHALLENGE{0A}#( 3 VS. 1 )	
05316	18B1:0:16	목록	92	DODGEM CHALLENGE{0A}#( 1 VS. 1 REMATCH )	
05317	18B1:0:17	목록	93	DODGEM CHALLENGE{0A}#( 2 VS. 1 REMATCH )	
05318	18B1:0:18	목록	94	DODGEM CHALLENGE{0A}#( 3 VS. 1 REMATCH )	
05319	18B1:0:19	목록	95	WITCHYWORLD{0A}#'SAUCER OF PERIL' RIDE	
05320	18B1:0:20	목록	96	CRAZY CASTLE STOCKADE{0A}#'SAUCER OF PERIL' RIDE	
05321	18B1:0:21	목록	97	STAR SPINNER{0A}#'SAUCER OF PERIL' RIDE	
05322	18B2:0:0	목록	80	JOLLY ROGER'S LAGOON	
05323	18B2:0:1	목록	81	JOLLY'S	
05324	18B2:0:2	목록	82	PAWNO'S EMPORIUM	
05325	18B2:0:3	목록	83	INSIDE THE UFO	
05326	18B2:0:4	목록	84	SEAWEED SANCTUM	
05327	18B2:0:5	목록	85	INSIDE THE BIG FISH	
05328	18B2:0:6	목록	86	TEMPLE OF THE FISHES	
05329	18B2:0:7	목록	87	BLUBBER'S WAVERACER HIRE	
05330	18B2:0:8	목록	88	WATER SUPPLY PIPE{0A}#( GLITTER GULCH MINE )	
05331	18B2:0:9	목록	89	WATER SUPPLY PIPE{0A}#( GRUNTY INDUSTRIES )	
05332	18B2:0:10	목록	8A	SEA BOTTOM CAVERN	
05333	18B2:0:11	목록	8B	ANCIENT SWIMMING BATHS	
05334	18B2:0:12	목록	8C	ELECTRIC EELS' LAIR	
05335	18B2:0:13	목록	8D	DAVY JONES' LOCKER	
05336	18B2:0:14	목록	8E	JOLLY ROGER'S LAGOON{0A}#ATLANTIS	
05337	18B2:0:15	목록	8F	JOLLY ROGER'S LAGOON{0A}#SEA BOTTOM	
05338	18B2:0:16	목록	90	JOLLY ROGER'S LAGOON{0A}#SMUGGLERS' CAVERN	
05339	18B3:0:0	목록	80	TERRYDACTYLAND	
05340	18B3:0:1	목록	81	TERRY'S NEST	
05341	18B3:0:2	목록	82	TRAIN STATION{0A}#( TERRYDACTYLAND )	
05342	18B3:0:3	목록	83	OOGLE BOOGLES' CAVE	
05343	18B3:0:4	목록	84	INSIDE THE MOUNTAIN	
05344	18B3:0:5	목록	85	RIVER PASSAGE	
05345	18B3:0:6	목록	86	STYRACOSAURUS{0A}FAMILY CAVE	
05346	18B3:0:7	목록	87	UNGA BUNGAS' CAVE	
05347	18B3:0:8	목록	88	BONFIRE CAVERN	
05348	18B3:0:9	목록	8A	INSIDE CHOMPA'S BELLY	
05349	18B3:0:10	목록	8B	STOMPING PLAINS	
05350	18B4:0:0	목록	80	GRUNTY INDUSTRIES	
05351	18B4:0:1	목록	81	FLOOR 1	
05352	18B4:0:2	목록	82	TRAIN STATION{0A}#( GRUNTY INDUSTRIES )	
05353	18B4:0:3	목록	83	FLOOR 1{0A}#WORKERS' QUARTERS	
05354	18B4:0:4	목록	84	FLOOR 1{0A}#TRASH COMPACTOR	
05355	18B4:0:5	목록	85	ELEVATOR SHAFT	
05356	18B4:0:6	목록	86	FLOOR 2	
05357	18B4:0:7	목록	87	FLOOR 2{0A}#ELECTROMAGNET CHAMBER	
05358	18B4:0:8	목록	88	FLOOR 3	
05359	18B4:0:9	목록	89	FLOOR 3{0A}#BOILER PLANT	
05360	18B4:0:10	목록	8A	FLOOR 4	
05361	18B4:0:11	목록	8B	FLOOR 4{0A}#CABLE ROOM	
05362	18B4:0:12	목록	8C	FLOOR 4{0A}#QUALITY CONTROL	
05363	18B4:0:13	목록	8D	FLOOR 5	
05364	18B4:0:14	목록	8E	BASEMENT{0A}#AIR CONDITIONING PLANT	
05365	18B4:0:15	목록	8F	BASEMENT{0A}#WASTE DISPOSAL PLANT	
05366	18B4:0:16	목록	90	FLOOR 3{0A}#PACKING ROOM	
05367	18B4:0:17	목록	91	BASEMENT{0A}#REPAIR DEPOT	
05368	18B4:0:18	목록	93	FLOOR 4{0A}#CLINKERS CAVERN	
05369	18B4:0:19	목록	94	FLOOR 4{0A}#SEWER ENTRANCE	
05370	18B5:0:0	목록	80	HAILFIRE PEAKS{0A}#( LAVA SIDE )	
05371	18B5:0:1	목록	81	HAILFIRE PEAKS{0A}#( ICY SIDE )	
05372	18B5:0:2	목록	82	LAVA TRAIN STATION{0A}#( HAILFIRE PEAKS )	
05373	18B5:0:3	목록	83	ICE TRAIN STATION{0A}#( HAILFIRE PEAKS )	
05374	18B5:0:4	목록	84	LAVA CRATER	
05375	18B5:0:5	목록	85	ICE CRATER	
05376	18B5:0:6	목록	86	COLOSSEUM KICKBALL STADIUM{0A}#( LOBBY )	
05377	18B5:0:7	목록	87	BOGGY'S IGLOO	
05378	18B5:0:8	목록	88	ICICLE GROTTO	
05379	18B5:0:9	목록	89	INSIDE THE VOLCANO	
05380	18B5:0:10	목록	8A	COLOSSEUM KICKBALL{0A}#( QUARTERFINAL )	
05381	18B5:0:11	목록	8B	COLOSSEUM KICKBALL{0A}#( SEMIFINAL )	
05382	18B5:0:12	목록	8C	COLOSSEUM KICKBALL{0A}#( FINAL )	
05383	18B5:0:13	목록	8D	HAD BEEN REMOVED?	
05384	18B5:0:14	목록	8E	COLOSSEUM KICKBALL{0A}#( QUARTERFINAL REMATCH )	
05385	18B5:0:15	목록	8F	COLOSSEUM KICKBALL{0A}#( SEMIFINAL REMATCH )	
05386	18B5:0:16	목록	90	COLOSSEUM KICKBALL{0A}#( FINAL REMATCH )	
05387	18B6:0:0	목록	80	CLOUD CUCKOOLAND	
05388	18B6:0:1	목록	81	INSIDE THE TRASH CAN	
05389	18B6:0:2	목록	82	INSIDE THE CHEESE WEDGE	
05390	18B6:0:3	목록	83	ZUBBAS' NEST	
05391	18B6:0:4	목록	84	CENTRAL CAVERN	
05392	18B6:0:5	목록	85	GLOWBO CAVE	
05393	18B6:0:6	목록	86	INSIDE THE POT O' GOLD	
05394	18B7:0:0	목록	80	CAULDRON KEEP	
05395	18B7:0:1	목록	81	THE GATEHOUSE	
05396	18B7:0:2	목록	82	TOWER OF TRAGEDY QUIZ	
05397	18B7:0:3	목록	83	GUN CHAMBER	
05398	18B7:0:4	목록	84	INSIDE THE DIGGER	
05399	18B7:0:5	목록	85	QUIZ MULTI	
05400	18B7:0:6	목록	86	QUIZ TEST	
05401	18B8:0:0	목록	80	ISLE O' HAGS{0A}#( JINJO VILLAGE )	
05402	18B8:0:1	목록	81	BOTTLES' HOUSE	
05403	18B8:0:2	목록	82	KING JINGALING'S{0A}THRONE ROOM	
05404	18B8:0:3	목록	83	GREEN JINJO{0A}FAMILY HOUSE	
05405	18B8:0:4	목록	84	BLACK JINJO{0A}FAMILY HOUSE	
05406	18B8:0:5	목록	85	YELLOW JINJO{0A}FAMILY HOUSE	
05407	18B8:0:6	목록	86	BLUE JINJO{0A}FAMILY HOUSE	
05408	18B8:0:7	목록	87	SHOULDN'T BE HERE{0A}JINJO FAMILY HOUSE	
05409	18B8:0:8	목록	88	BROWN JINJO{0A}FAMILY HOUSE	
05410	18B8:0:9	목록	89	ORANGE JINJO{0A}FAMILY HOUSE	
05411	18B8:0:10	목록	8A	PURPLE JINJO{0A}FAMILY HOUSE	
05412	18B8:0:11	목록	8B	RED JINJO{0A}FAMILY HOUSE	
05413	18B8:0:12	목록	8C	WHITE JINJO{0A}FAMILY HOUSE	
05414	18B8:0:13	목록	8D	HEGGY'S EGG SHED	
05415	18B8:0:14	목록	8E	JIGGYWIGGY'S TEMPLE	
05416	18B8:0:15	목록	8F	HONEY B'S HIVE	
05417	18B8:0:16	목록	90	INSIDE{0A}ANOTHER DIGGER TUNNEL	
05418	18B8:0:17	목록	91	ISLE O' HAGS{0A}#( WOODED HOLLOW )	
05419	18B8:0:18	목록	92	ISLE O' HAGS{0A}#( PLATEAU )	
05420	18B8:0:19	목록	93	ISLE O' HAGS{0A}#( PINE GROVE )	
05421	18B8:0:20	목록	94	ISLE O' HAGS{0A}#( CLIFF TOP )	
05422	18B8:0:21	목록	95	ISLE O' HAGS{0A}#( WASTELAND )	
05423	18B8:0:22	목록	96	ISLE O' HAGS{0A}#( QUAGMIRE )	
05424	18B8:0:23	목록	97	ZOMBIFIED{0A}THRONE ROOM	
05425	18B9:0:0	목록	80	OLD KING COAL{0A}#GRUBBY BOILER MONARCH	
05426	18B9:0:1	목록	81	TERRY{0A}#DISGRUNTLED PTERODACTYL PARENT	
05427	18B9:0:2	목록	82	CHOMPASAURUS{0A}#STOMACH - CRAMPED CARNIVORE	
05428	18B9:0:3	목록	83	MR. PATCH{0A}#STRANGE WOBBLY INFLATABLE THING	
05429	18B9:0:4	목록	84	TARGITZAN{0A}#DESPOTIC DIZZY TOTEM GOD	
05430	18B9:0:5	목록	85	LORD WOO FAK FAK{0A}#SELF - IMPORTANT ANGLERFISH	
05431	18B9:0:6	목록	86	WELDAR{0A}#VISUALLY - IMPAIRED WELDING TORCH	
05432	18B9:0:7	목록	87	STOMPONADON{0A}#TRIASSIC STEAMROLLER	
05433	18B9:0:8	목록	88	MINGY JONGO{0A}#CRAFTY SHAMAN IMPERSONATOR	
05434	18B9:0:9	목록	89	CHILLY WILLY{0A}#COLD 'N' ICY DRAGON	
05435	18B9:0:10	목록	8A	CHILLI BILLI{0A}#HOT 'N' SPICY DRAGON	
05436	18B9:0:11	목록	8B	KLUNGO{0A}#MINION WITH A MISSION	
05437	18B9:0:12	목록	8C	KLUNGO{0A}#REVENGE - SEEKING MINION	
05438	18B9:0:13	목록	8D	KLUNGO{0A}#CAREER - QUESTIONING MINION	
05439	18B9:0:14	목록	8E	DIPPY{0A}#SEEKER OF BEVERAGES	
05440	18B9:0:15	목록	8F	HAG 1{0A}#MONSTROUS MECHANICAL{0A}#MUD-MUNCHER	
05441	18BA:0:0	목록	80	MAYAN KICKBALL CHALLENGE	
05442	18BA:0:1	목록	81	TARGITZAN'S TEMPLE SHOOTOUT	
05443	18BA:0:2	목록	82	ORDNANCE STORAGE SHOOTOUT	
05444	18BA:0:3	목록	83	DODGEM CHALLENGE	
05445	18BA:0:4	목록	84	BALLOON BURST CHALLENGE	
05446	18BA:0:5	목록	85	HOOP HURRY CHALLENGE	
05447	18BA:0:6	목록	86	MINI - SUB SHOOTOUT	
05448	18BA:0:7	목록	87	CHOMPA'S BELLY CHALLENGE	
05449	18BA:0:8	목록	88	PACKING ROOM CHALLENGE	
05450	18BA:0:9	목록	89	CLINKERS CAVERN SHOOTOUT	
05451	18BA:0:10	목록	8A	COLOSSEUM KICKBALL CHALLENGE	
05452	18BA:0:11	목록	8B	TRASH CAN CHALLENGE	
05453	18BA:0:12	목록	8C	ZUBBAS' NEST SHOOTOUT	
05454	18BB:0:0	목록	80	FIRE EGGS	
05455	18BB:0:1	목록	81	GRENADE EGGS	
05456	18BB:0:2	목록	82	CLOCKWORK KAZOOIE EGGS	
05457	18BB:0:3	목록	83	ICE EGGS	
05458	18BB:0:4	목록	84	AIRBORNE EGG AIMING	
05459	18BB:0:5	목록	85	SPLIT UP	
05460	18BB:0:6	목록	86	PACK WHACK	
05461	18BB:0:7	목록	87	SPRINGY STEP SHOES	
05462	18BB:0:8	목록	88	TAXI PACK	
05463	18BB:0:9	목록	89	HATCH	
05464	18BB:0:10	목록	8A	EGG SELECT	
05465	18BB:0:11	목록	8B	BILL DRILL	
05466	18BB:0:12	목록	8C	BEAK BAYONET	
05467	18BB:0:13	목록	8D	GRIP GRAB	
05468	18BB:0:14	목록	8E	BREEGULL BLASTER	
05469	18BB:0:15	목록	8F	EGG AIM	
05470	18BB:0:16	목록	90	TALON TORPEDO	
05471	18BB:0:17	목록	91	SUB-AQUA EGG AIMING	
05472	18BB:0:18	목록	92	WING WHACK	
05473	18BB:0:19	목록	93	SHACK PACK	
05474	18BB:0:20	목록	94	GLIDE	
05475	18BB:0:21	목록	95	CLAW CLAMBER BOOTS	
05476	18BB:0:22	목록	96	SNOOZE PACK	
05477	18BB:0:23	목록	97	LEG SPRING	
05478	18BB:0:24	목록	98	SACK PACK	
05479	18BC:0:0	목록	80	TWO YEARS HAVE{0A}PASSED SINCE{0A}GRUNTILDA THE WITCH{0A}WAS DEFEATED{0A}BY BANJO AND{0A}KAZOOIE .	
05480	18BC:0:1	목록	81	AFTER FALLING{0A}FROM HER TOWER{0A}SHE WAS BURIED{0A}UNDERGROUND WHERE{0A}SHE REMAINS UNTIL{0A}THIS VERY DAY . . .	
05481	18BC:0:2	목록	82	 {0A}  {0A}  {0A}  {0A}  {0A}  {0A}  {0A}MEANWHILE . . .	
05482	18BD:0:0	목록	80	LEVITATE{0A}#CHUFFY THE TRAIN	
05483	18BD:0:1	목록	81	LEVITATE{0A}#JIGGY BOULDER	
05484	18BD:0:2	목록	82	SUMMON{0A}#GOLDEN GOLIATH	
05485	18BD:0:3	목록	83	POWER{0A}#STAR SPINNER	
05486	18BD:0:4	목록	84	POWER{0A}#DODGEM DOME	
05487	18BD:0:5	목록	85	POWER{0A}#SAUCER OF PERIL	
05488	18BD:0:6	목록	86	SUNLIGHT{0A}#OXYGENATED WATER	
05489	18BD:0:7	목록	87	ENLARGE{0A}#SMALL STYRACOSAURUS	
05490	18BD:0:8	목록	88	ENLARGE{0A}#STEPPING STONES	
05491	18BD:0:9	목록	89	ENLARGE{0A}#WUMBA'S WIGWAM	
05492	18BD:0:10	목록	8A	EMP{0A}#ELECTROMAGNET	
05493	18BD:0:11	목록	8B	EMP{0A}#WALL CRUSHERS	
05494	18BD:0:12	목록	8C	RAIN DANCE	
05495	18BD:0:13	목록	8D	LIFE FORCE{0A}#SABREMAN	
05496	18BD:0:14	목록	8E	LIFE FORCE{0A}#ALIEN DAD	
05497	18BD:0:15	목록	8F	LIFE FORCE{0A}#ALIEN CHILD	
05498	18BD:0:16	목록	90	HEAL{0A}#SICK STYRACOSAURUS	
05499	18DE:0:0	목록	80	PRESS {87} TO PLAY THE GAME.	
05500	18DE:0:1	목록	81	SELECT TYPE OF GAME.	
05501	18DE:0:2	목록	8A	1-PLAYER	
05502	18DE:0:3	목록	8B	2-PLAYER BOTTLES' REVENGE	
05503	18DE:0:4	목록	8C	BOTTLES' REVENGE EXPLANATION	
05504	18DE:0:5	목록	9E	2 PLAYERS ARE REQUIRED TO START A BOTTLES' REVENGE GAME.	
05505	18DF:0:0	목록	80	COPY GAME. PRESS {87} TO COPY ONE GAME FILE INTO ANOTHER.	
05506	18DF:0:1	목록	81	SELECT GAME FILE TO COPY, THEN PRESS {87}.	
05507	18DF:0:2	목록	82	SELECT A GAME FILE TO COPY INTO. {87} TO COPY, {86} TO CANCEL.	
05508	18DF:0:3	목록	83	ARE YOU SURE? {87} YES, {86} NO.	
05509	18DF:0:4	목록	84	GAME FILE COPIED.	
05510	18DF:0:5	목록	85	THERE ARE NO GAME FILES AVAILABLE TO COPY FROM.	
05511	18DF:0:6	목록	86	THIS GAME FILE IS EMPTY. PLEASE CHOOSE ANOTHER.	
05512	18DF:0:7	목록	87	THERE ARE NO EMPTY GAME FILES AVAILABLE TO COPY INTO.	
05513	18DF:0:8	목록	88	THIS GAME FILE IS FULL. PLEASE CHOOSE AN EMPTY FILE.	
05514	18E0:0:0	목록	80	ERASE GAME. PRESS {87} TO ERASE A GAME FILE.	
05515	18E0:0:1	목록	81	SELECT GAME FILE TO ERASE, THEN PRESS {87}.	
05516	18E0:0:2	목록	82	ARE YOU SURE? {87} YES, {86} NO.	
05517	18E0:0:3	목록	83	GAME FILE ERASED.	
05518	18E0:0:4	목록	84	THERE ARE NO GAME FILES AVAILABLE TO ERASE.	
05519	18E0:0:5	목록	85	THIS GAME FILE IS ALREADY EMPTY. PLEASE CHOOSE ANOTHER.	
05520	18E1:0:0	목록	80	THIS FEATURE IS NOT YET AVAILABLE. PLEASE TRY AGAIN LATER.	
05521	18E1:0:1	목록	81	MULTIPLAYER. PRESS {87} TO PLAY.	
05522	18E1:0:2	목록	82	HOW MANY PLAYERS?	
05523	18E1:0:3	목록	83	WHAT DO YOU WANT TO PLAY?	
05524	18E1:0:4	목록	84	SELECT A GAME TO PLAY, THEN PRESS {87}.	
05525	18E1:0:5	목록	85	PRESS {87} TO SELECT GAMES, {81} TO RESET THE MENU AND {7F} TO PLAY.	
05526	18E1:0:6	목록	86	SELECT THE OPTIONS AND THEN PRESS {7F} TO PLAY.	
05527	18E1:0:7	목록	87	USE LEFT AND RIGHT ON THE CONTROL STICK TO PICK A CHARACTER!	
05528	18E1:0:8	목록	88	PICK A GAME LENGTH!	
05529	18E1:0:9	목록	89	PICK A GAME TYPE!	
05530	18E1:0:10	목록	8A	PICK AN EGG TYPE!	
05531	18E1:0:11	목록	8C	TWO	
05532	18E1:0:12	목록	8D	THREE	
05533	18E1:0:13	목록	8E	FOUR	
05534	18E1:0:14	목록	8F	SINGLE GAME	
05535	18E1:0:15	목록	90	SOME OF THE GAMES	
05536	18E1:0:16	목록	91	ALL OF THE GAMES	
05537	18E1:0:17	목록	9E	YOU CANNOT PLAY BIRDY BUDDIES WITH ONLY TWO PLAYERS!	
05538	18E1:0:18	목록	9F	USE LEFT AND RIGHT ON THE CONTROL STICK TO PICK YOUR TEAMS!	
05539	18E1:0:19	목록	A0	USE LEFT AND RIGHT ON THE CONTROL STICK TO PICK YOUR TARGET!	
05540	18E1:0:20	목록	A2	YOU HAVE NOT SELECTED ANY GAMES TO PLAY!	
05541	18E1:0:21	목록	A3	YOU CANNOT PLAY MULTIPLAYER WITH ONLY ONE CONTROLLER!	
05542	18E1:0:22	목록	A4	THERE ARE NOT ENOUGH CONTROLLERS FOR THREE PLAYERS.	
05543	18E1:0:23	목록	A5	THERE ARE NOT ENOUGH CONTROLLERS FOR FOUR PLAYERS.	
05544	18E1:0:24	목록	A6	THE GAME LENGTH IS FIXED FOR THIS SCENARIO.	
05545	18E1:0:25	목록	A7	THE EGG TYPES ARE FIXED FOR THIS SCENARIO.	
05546	18E2:0:0	목록	80	SETTINGS. PRESS {87} TO ALTER GLOBAL SETTINGS.	
05547	18E2:0:1	목록	81	WHAT WOULD YOU LIKE TO ADJUST?	
05548	18E2:0:2	목록	82	USE THE CONTROL STICK TO ALIGN THE SCREEN. PRESS {87} TO CONFIRM OR {86} TO RESET.	
05549	18E2:0:3	목록	83	USE THE CONTROL STICK TO CHOOSE THE WIDE-SCREEN SETTING. PRESS {87} TO CONFIRM OR {86} TO CANCEL.	
05550	18E2:0:4	목록	84	USE THE CONTROL STICK TO SELECT WHICH SPEAKER MODE TO USE. PRESS {87} TO CONFIRM OR {86} TO CANCEL.	
05551	18E2:0:5	목록	85	USE THE CONTROL STICK TO SELECT YOUR LANGUAGE. PRESS {87} TO CONFIRM OR {86} TO CANCEL.	
05552	18E2:0:6	목록	86	PLEASE ENABLE THE 16:9 WIDE-SCREEN MODE ON YOUR TV NOW.	
05553	18E2:0:7	목록	87	PLEASE DISABLE THE 16:9 WIDE-SCREEN MODE ON YOUR TV NOW.	
05554	18E2:0:8	목록	8A	SCREEN ALIGNMENT	
05555	18E2:0:9	목록	8F	WIDE-SCREEN MODE: OFF	
05556	18E2:0:10	목록	90	WIDE-SCREEN MODE: ON	
05557	18E2:0:11	목록	94	SPEAKER MODE: MONO	
05558	18E2:0:12	목록	95	SPEAKER MODE: STEREO	
05559	18E2:0:13	목록	96	SPEAKER MODE: HEADPHONE	
05560	18E2:0:14	목록	97	SPEAKER MODE: DOLBY SURROUND	
05561	18E2:0:15	목록	99	LANGUAGE: ENGLISH	
05562	18E2:0:16	목록	9A	LANGUAGE: FRENCH	
05563	18E2:0:17	목록	9B	LANGUAGE: GERMAN	
05564	18E2:0:18	목록	9C	LANGUAGE: ITALIAN	
05565	18E2:0:19	목록	9D	LANGUAGE: SPANISH	
05566	18E3:0:0	목록	80	THIS FEATURE IS NOT YET AVAILABLE. PLEASE TRY AGAIN LATER.	
05567	18E3:0:1	목록	81	REPLAY. PRESS {87} TO REPLAY GAMES AND FEATURES.	
05568	18E3:0:2	목록	82	WHAT WOULD YOU LIKE TO REPLAY?	
05569	18E3:0:3	목록	83	WHICH MINI-GAME WOULD YOU LIKE TO REPLAY?	
05570	18E3:0:4	목록	84	WHICH BOSS WOULD YOU LIKE TO REPLAY?	
05571	18E3:0:5	목록	85	WHICH CINEMA WOULD YOU LIKE TO REPLAY?	
05572	18E3:0:6	목록	8A	MINI-GAMES	
05573	18E3:0:7	목록	8B	BOSSES	
05574	18E3:0:8	목록	8C	CINEMA	
05575	18E4:0:0	목록	80	TARGITZAN'S TEMPLE SHOOTOUT	
05576	18E4:0:1	목록	81	MAYAN KICKBALL CHALLENGE	
05577	18E4:0:2	목록	82	ORDNANCE STORAGE SHOOTOUT	
05578	18E4:0:3	목록	83	DODGEMS CHALLENGE	
05579	18E4:0:4	목록	84	HOOP HURRY CHALLENGE	
05580	18E4:0:5	목록	85	BALLOON BURST CHALLENGE	
05581	18E4:0:6	목록	86	MINI-SUB SHOOTOUT	
05582	18E4:0:7	목록	87	CHOMPA'S BELLY CHALLENGE	
05583	18E4:0:8	목록	88	CLINKER'S CAVERN SHOOTOUT	
05584	18E4:0:9	목록	89	PACKING ROOM CHALLENGE	
05585	18E4:0:10	목록	8A	COLOSSEUM KICKBALL CHALLENGE	
05586	18E4:0:11	목록	8B	TRASH CAN CHALLENGE	
05587	18E4:0:12	목록	8C	ZUBBA'S NEST SHOOTOUT	
05588	18E4:0:13	목록	8D	TOWER OF TRAGEDY QUIZ	
05589	18E5:0:0	목록	80	MAYAN KICKBALL (QUARTERFINAL)	
05590	18E5:0:1	목록	81	MAYAN KICKBALL (SEMIFINAL)	
05591	18E5:0:2	목록	82	MAYAN KICKBALL (FINAL)	
05592	18E5:0:3	목록	83	ORDNANCE STORAGE	
05593	18E5:0:4	목록	84	DODGEMS CHALLENGE (1-ON-1)	
05594	18E5:0:5	목록	85	DODGEMS CHALLENGE (2-ON-1)	
05595	18E5:0:6	목록	86	DODGEMS CHALLENGE (3-ON-1)	
05596	18E5:0:7	목록	87	HOOP HURRY CHALLENGE	
05597	18E5:0:8	목록	88	BALLOON BURST CHALLENGE	
05598	18E5:0:9	목록	89	SAUCER OF PERIL RIDE	
05599	18E5:0:10	목록	8A	MINI-SUB CHALLENGE	
05600	18E5:0:11	목록	8B	CHOMPA'S BELLY	
05601	18E5:0:12	목록	8C	CLINKER'S CAVERN	
05602	18E5:0:13	목록	8D	TWINKLIES PACKING	
05603	18E5:0:14	목록	8E	COLOSSEUM KICKBALL (QUARTERFINAL)	
05604	18E5:0:15	목록	8F	COLOSSEUM KICKBALL (SEMIFINAL)	
05605	18E5:0:16	목록	90	COLOSSEUM KICKBALL (FINAL)	
05606	18E5:0:17	목록	91	POT O' GOLD	
05607	18E5:0:18	목록	92	TRASH CAN GERMS	
05608	18E5:0:19	목록	93	ZUBBAS' HIVE	
05609	18E5:0:20	목록	94	TOWER OF TRAGEDY QUIZ (ROUND 1)	
05610	18E5:0:21	목록	95	TOWER OF TRAGEDY QUIZ (ROUND 2)	
05611	18E5:0:22	목록	96	TOWER OF TRAGEDY QUIZ (ROUND 3)	
05612	18E6:0:0	목록	80	KLUNGO 1	
05613	18E6:0:1	목록	81	KLUNGO 2	
05614	18E6:0:2	목록	82	KLUNGO 3	
05615	18E6:0:3	목록	83	TARGITZAN	
05616	18E6:0:4	목록	84	OLD KING COAL	
05617	18E6:0:5	목록	85	MR. PATCH	
05618	18E6:0:6	목록	86	LORD WOO FAK FAK	
05619	18E6:0:7	목록	87	TERRY	
05620	18E6:0:8	목록	88	WELDAR	
05621	18E6:0:9	목록	89	CHILLY WILLY	
05622	18E6:0:10	목록	8A	CHILLI BILLI	
05623	18E6:0:11	목록	8B	MINGY JONGO	
05624	18E6:0:12	목록	8C	HAG 1	
05625	18E8:0:0	목록	80	OPENING STORY	
05626	18E8:0:1	목록	81	KING JINGALING GETS ZAPPED	
05627	18E8:0:2	목록	82	BOTTLES AND JINGALING RESTORED	
05628	18E8:0:3	목록	83	GRUNTY DEFEATED	
05629	18E8:0:4	목록	84	CREDITS	
05630	18E8:0:5	목록	85	CHARACTER PARADE	
05631	18E9:0:0	목록	80	BANJO-KAZOOIE 2 SPACEWORLD 2000	
05632	18E9:0:1	목록	81	PLEASE CHOOSE SOMETHING TO PREVIEW.	
05633	18E9:0:2	목록	8A	EXPLORE A WORLD	
05634	18E9:0:3	목록	8B	PLAY A MINI-GAME	
05635	18E9:0:4	목록	8C	BATTLE A BOSS	
05636	18E9:0:5	목록	8D	MULTIPLAYER MADNESS	
05637	18E9:0:6	목록	8E	STORY AND GAME INFO	
05638	18E9:0:7	목록	94	I'M AFRAID THAT OPTION IS NOT AVAILABLE AS THERE IS NOT ENOUGH MEMORY IN YOUR MACHINE.	
05639	18EA:0:0	목록	80	PLEASE CHOOSE A WORLD TO EXPLORE.	
05640	18EA:0:1	목록	8A	MAYAHEM TEMPLE	
05641	18EA:0:2	목록	8B	WITCHYWORLD	
05642	18EA:0:3	목록	8C	JOLLY ROGER'S LAGOON	
05643	18EA:0:4	목록	8D	GRUNTY INDUSTRIES	
05644	18EA:0:5	목록	94	I'M AFRAID THAT OPTION IS NOT AVAILABLE AS THERE IS NOT ENOUGH MEMORY IN YOUR MACHINE.	
05645	18EB:0:0	목록	80	PLEASE CHOOSE A MINI-GAME TO PLAY.	
05646	18EB:0:1	목록	8A	MAYAN KICKBALL	
05647	18EB:0:2	목록	8B	BALLOON BURST	
05648	18EB:0:3	목록	8C	'SAUCER OF PERIL' RIDE	
05649	18EB:0:4	목록	8D	CHOMPA'S BELLY	
05650	18EB:0:5	목록	94	I'M AFRAID THAT OPTION IS NOT AVAILABLE AS THERE IS NOT ENOUGH MEMORY IN YOUR MACHINE.	
05651	18EC:0:0	목록	80	PLEASE CHOOSE A BOSS TO BATTLE.	
05652	18EC:0:1	목록	8A	TARGITZAN	
05653	18EC:0:2	목록	8B	MR. PATCH	
05654	18EC:0:3	목록	8C	KING WOO FAK FAK	
05655	18EC:0:4	목록	8D	WELDAR	
05656	18EC:0:5	목록	94	I'M AFRAID THAT OPTION IS NOT AVAILABLE AS THERE IS NOT ENOUGH MEMORY IN YOUR MACHINE.	
05657	18ED:0:0	목록	80	PLEASE CHOOSE A MULTIPLAYER GAME.	
05658	18ED:0:1	목록	8A	MAYAN KICKBALL	
05659	18ED:0:2	목록	8B	TARGITZAN'S SHOOTOUT	
05660	18ED:0:3	목록	8C	DODGEMS CHALLENGE	
05661	18ED:0:4	목록	8D	MINI-SUB SHOOTOUT	
05662	18ED:0:5	목록	94	I'M AFRAID THAT OPTION IS NOT AVAILABLE AS THERE IS NOT ENOUGH MEMORY IN YOUR MACHINE.	
05663	18EE:0:0	목록	80	WHAT WOULD YOU LIKE TO VIEW?	
05664	18EE:0:1	목록	8A	VIEW THE STORY	
05665	18EE:0:2	목록	8B	GAME INFORMATION	
05666	18EE:0:3	목록	94	I'M AFRAID THAT OPTION IS NOT AVAILABLE AS THERE IS NOT ENOUGH MEMORY IN YOUR MACHINE.	
05667	18EF:0:0	목록	80	PLAYER 1 - BANJO	
05668	18EF:0:1	목록	81	PLAYER 1 - MUMBO	
05669	18EF:0:2	목록	82	PLAYER 1 - JINJO	
05670	18EF:0:3	목록	83	PLAYER 1 - JAMJARS	
05671	18EF:0:4	목록	84	PLAYER 1 - GRUNTY	
05672	18EF:0:5	목록	8A	PLAYER 2 - BANJO	
05673	18EF:0:6	목록	8B	PLAYER 2 - MUMBO	
05674	18EF:0:7	목록	8C	PLAYER 2 - JINJO	
05675	18EF:0:8	목록	8D	PLAYER 2 - JAMJARS	
05676	18EF:0:9	목록	8E	PLAYER 2 - GRUNTY	
05677	18EF:0:10	목록	94	PLAYER 3 - BANJO	
05678	18EF:0:11	목록	95	PLAYER 3 - MUMBO	
05679	18EF:0:12	목록	96	PLAYER 3 - JINJO	
05680	18EF:0:13	목록	97	PLAYER 3 - JAMJARS	
05681	18EF:0:14	목록	98	PLAYER 3 - GRUNTY	
05682	18EF:0:15	목록	9E	PLAYER 4 - BANJO	
05683	18EF:0:16	목록	9F	PLAYER 4 - MUMBO	
05684	18EF:0:17	목록	A0	PLAYER 4 - JINJO	
05685	18EF:0:18	목록	A1	PLAYER 4 - JAMJARS	
05686	18EF:0:19	목록	A2	PLAYER 4 - GRUNTY	
05687	18F0:0:0	목록	80	SQUAWKMATCH	
05688	18F0:0:1	목록	81	SINGLE EGG SPLAT	
05689	18F0:0:2	목록	82	4 DOZEN FUN	
05690	18F0:0:3	목록	85	BIRDY BUDDIES - PLAYER 1 VS. ALL	
05691	18F0:0:4	목록	86	BIRDY BUDDIES - PLAYER 2 VS. ALL	
05692	18F0:0:5	목록	87	BIRDY BUDDIES - PLAYERS 1 AND 2 VS.	
05693	18F0:0:6	목록	88	BIRDY BUDDIES - PLAYER 3 VS. ALL	
05694	18F0:0:7	목록	89	BIRDY BUDDIES - PLAYERS 1 AND 3 VS.	
05695	18F0:0:8	목록	8A	BIRDY BUDDIES - PLAYERS 2 AND 3 VS.	
05696	18F0:0:9	목록	8B	BIRDY BUDDIES - PLAYER 4 VS. ALL	
05697	18F0:0:10	목록	8C	BIRDY BUDDIES - UNAVAILABLE	
05698	18F0:0:11	목록	8F	CHICKEN CHASE - PLAYER 1 IS IT	
05699	18F0:0:12	목록	90	CHICKEN CHASE - PLAYER 2 IS IT	
05700	18F0:0:13	목록	91	CHICKEN CHASE - PLAYER 3 IS IT	
05701	18F0:0:14	목록	92	CHICKEN CHASE - PLAYER 4 IS IT	
05702	18F0:0:15	목록	9E	NORMAL ENERGY BARS AND NORMAL EGG DAMAGE.	
05703	18F0:0:16	목록	9F	NO ENERGY BARS. ANY EGG WILL SPLAT PLAYERS INSTANTLY!	
05704	18F0:0:17	목록	A0	EACH PLAYER HAS 48 EGGS. SCORE 1 POINT PER HIT. GAME ENDS WHEN ALL EGGS ARE USED OR THE TIMER EXPIRES.	
05705	18F0:0:18	목록	A1	DIVIDE YOUR PLAYERS UP INTO TEAMS FOR A SQUAWKMATCH GAME.	
05706	18F0:0:19	목록	A2	ONE PLAYER IS THE TARGET THAT THE OTHERS MUST SHOOT TO SCORE POINTS. THE TARGET SCORES POINTS BY NOT BEING SHOT.	
05707	18F1:0:0	목록	80	EGGS A PLENTY	
05708	18F1:0:1	목록	81	HOT N' COLD	
05709	18F1:0:2	목록	82	SNEAKY	
05710	18F1:0:3	목록	83	BOMBS AWAY!	
05711	18F1:0:4	목록	84	BIG BANGS	
05712	18F1:0:5	목록	8A	FEATURES EVERY TYPE OF EGG.	
05713	18F1:0:6	목록	8B	FEATURES NORMAL, FIRE AND ICE EGGS.	
05714	18F1:0:7	목록	8C	FEATURES NORMAL, FIRE AND PROXIMITY EGGS.	
05715	18F1:0:8	목록	8D	FEATURES NORMAL, ICE AND CLOCKWORK KAZOOIE BOMB EGGS.	
05716	18F1:0:9	목록	8E	FEATURES NORMAL, ICE AND GRENADE EGGS.	
05717	18F2:0:0	목록	80	GAME 1 IS...	
05718	18F2:0:1	목록	81	GAME 2 IS...	
05719	18F2:0:2	목록	82	GAME 3 IS...	
05720	18F2:0:3	목록	83	GAME 4 IS...	
05721	18F2:0:4	목록	84	GAME 5 IS...	
05722	18F2:0:5	목록	85	GAME 6 IS...	
05723	18F2:0:6	목록	86	GAME 7 IS...	
05724	18F2:0:7	목록	87	GAME 8 IS...	
05725	18F2:0:8	목록	88	GAME 9 IS...	
05726	18F2:0:9	목록	89	GAME 10 IS...	
05727	18F2:0:10	목록	8A	GAME 11 IS...	
05728	18F2:0:11	목록	8B	GAME 12 IS...	
05729	18F2:0:12	목록	8C	GAME 13 IS...	
05730	18F2:0:13	목록	8D	GAME 14 IS...	
05731	18F2:0:14	목록	A7	THE LAST GAME IS...	
05732	18F3:0:0	목록	80	GAME ~: EMPTY	
05733	18F3:0:1	목록	81	GAME ~: TIME 	
05734	18F3:0:2	목록	82	~ JIGGIES.	
05735	18F3:0:3	목록	83	~ JIGGY.	
05736	18F3:0:4	목록	94	 RESULTS...	
05737	18F3:0:5	목록	95	CURRENT STANDINGS AFTER ~ OF THE ~ GAMES...	
05738	18F3:0:6	목록	96	FINAL STANDINGS...	
05739	18F3:0:7	목록	9E	PLAYER ~ - ~ POINTS	
05740	18F3:0:8	목록	9F	PLAYER ~ - ~ POINT	
05741	18F3:0:9	목록	A0	PLAYER ~ : ~ - ~ PTS	
05742	18F3:0:10	목록	A1	PLAYER ~ : ~ - ~ PT	
05743	18F4:0:0	목록	80	PICK CHARACTERS	
05744	18F4:0:1	목록	85	GAME TYPE - SQUAWKMATCH	
05745	18F4:0:2	목록	86	GAME TYPE - SINGLE EGG SPLAT	
05746	18F4:0:3	목록	87	GAME TYPE - 4 DOZEN FUN	
05747	18F4:0:4	목록	8A	GAME TYPE - BIRDY BUDDIES - PLAYER 1 VS.	
05748	18F4:0:5	목록	8B	GAME TYPE - BIRDY BUDDIES - PLAYER 2 VS.	
05749	18F4:0:6	목록	8C	GAME TYPE - BIRDY BUDDIES - 1 AND 2 VS.	
05750	18F4:0:7	목록	8D	GAME TYPE - BIRDY BUDDIES - PLAYER 3 VS.	
05751	18F4:0:8	목록	8E	GAME TYPE - BIRDY BUDDIES - 1 AND 3 VS.	
05752	18F4:0:9	목록	8F	GAME TYPE - BIRDY BUDDIES - 2 AND 3 VS.	
05753	18F4:0:10	목록	90	GAME TYPE - BIRDY BUDDIES - PLAYER 4 VS.	
05754	18F4:0:11	목록	94	GAME TYPE - CHICKEN CHASE - PLAYER 1 IS IT	
05755	18F4:0:12	목록	95	GAME TYPE - CHICKEN CHASE - PLAYER 2 IS IT	
05756	18F4:0:13	목록	96	GAME TYPE - CHICKEN CHASE - PLAYER 3 IS IT	
05757	18F4:0:14	목록	97	GAME TYPE - CHICKEN CHASE - PLAYER 4 IS IT	
05758	18F4:0:15	목록	99	EGGS TYPE - FIXED	
05759	18F4:0:16	목록	9B	EGGS TYPE - EGGS A PLENTY	
05760	18F4:0:17	목록	9C	EGGS TYPE - HOT N' COLD	
05761	18F4:0:18	목록	9D	EGGS TYPE - SNEAKY	
05762	18F4:0:19	목록	9E	EGGS TYPE - BOMBS AWAY!	
05763	18F4:0:20	목록	9F	EGGS TYPE - BIG BANGS	
05764	18F4:0:21	목록	A3	GAME LENGTH - FIRST TO 10	
05765	18F4:0:22	목록	A4	GAME LENGTH - FIRST TO 20	
05766	18F4:0:23	목록	A5	GAME LENGTH - 5 MINUTES	
05767	18F4:0:24	목록	A6	GAME LENGTH - 10 MINUTES	
05768	18F5:0:0	목록	80	FIRST TO 10	
05769	18F5:0:1	목록	81	FIRST TO 20	
05770	18F5:0:2	목록	82	2 MINUTES	
05771	18F5:0:3	목록	83	5 MINUTES	
05772	18F5:0:4	목록	8A	FIRST TO 15	
05773	18F5:0:5	목록	8B	FIRST TO 30	
05774	18F5:0:6	목록	8C	5 MINUTES	
05775	18F5:0:7	목록	8D	10 MINUTES	
05776	18F5:0:8	목록	94	FIRST TO 10	
05777	18F5:0:9	목록	95	FIRST TO 20	
05778	18F5:0:10	목록	96	5 MINUTES	
05779	18F5:0:11	목록	97	10 MINUTES	
05780	1910:0:0	목록	80	WHAT IS THE NAME OF JOLLY ROGER'S PARTNER IN JOLLY ROGER'S LAGOON?	
05781	1910:0:1	목록	8A	MERRY MAGGIE	
05782	1910:0:2	목록	8B	MUCKY MAKKY	
05783	1910:0:3	목록	8C	HAPPY HAGGY	
05784	1910:0:4	목록	8D	1	
05785	1911:0:0	목록	80	WHAT IS THE NAME OF THE GIANT ANGLERFISH IN JOLLY ROGER'S LAGOON?	
05786	1911:0:1	목록	8A	BARON WOO FAK FAK	
05787	1911:0:2	목록	8B	LORD WOO FAK FAK	
05788	1911:0:3	목록	8C	SIR WOO FAK FAK	
05789	1911:0:4	목록	8D	2	
05790	1912:0:0	목록	80	HOW MANY BROKEN WAVERACERS DOES CAPTAIN BLUBBER'S SHOP HAVE IN JOLLY ROGER'S LAGOON?	
05791	1912:0:1	목록	8A	3	
05792	1912:0:2	목록	8B	4	
05793	1912:0:3	목록	8C	2	
05794	1912:0:4	목록	8D	3	
05795	1913:0:0	목록	80	WHAT IS THE NAME OF THE TRAIN THAT TRAVELS BETWEEN THE WORLDS?	
05796	1913:0:1	목록	8A	CHUFFY	
05797	1913:0:2	목록	8B	GUFFO	
05798	1913:0:3	목록	8C	PUFTA	
05799	1913:0:4	목록	8D	1	
05800	1914:0:0	목록	80	WHO IS MY LOVELY THIN SISTER?	
05801	1914:0:1	목록	8A	MAKKY	
05802	1914:0:2	목록	8B	MINGELLA	
05803	1914:0:3	목록	8C	MUNGELDA	
05804	1914:0:4	목록	8D	2	
05805	1915:0:0	목록	80	WHO IS MY RATHER LARGE SISTER?	
05806	1915:0:1	목록	8A	LARDELLA	
05807	1915:0:2	목록	8B	GUTBUCKITA	
05808	1915:0:3	목록	8C	BLOBBELDA	
05809	1915:0:4	목록	8D	3	
05810	1916:0:0	목록	80	WHAT IS ON THE WALLPAPER IN THE FACTORY WORKERS' QUARTERS?	
05811	1916:0:1	목록	8A	MUMBO	
05812	1916:0:2	목록	8B	GRUNTILDA	
05813	1916:0:3	목록	8C	JOANNA DARK	
05814	1916:0:4	목록	8D	1	
05815	1917:0:0	목록	80	WHO IS THE 'MIGHTY MAYAN GOD OF TARGET SHOOTING'?	
05816	1917:0:1	목록	8A	MARZIPAN	
05817	1917:0:2	목록	8B	TARGITZAN	
05818	1917:0:3	목록	8C	FRYINPANZ	
05819	1917:0:4	목록	8D	2	
05820	1918:0:0	목록	80	WHAT HAD THE PROSPECTOR LOST IN GLITTER GULCH MINE?	
05821	1918:0:1	목록	8A	HIS WALLET	
05822	1918:0:2	목록	8B	HIS PICKAXE	
05823	1918:0:3	목록	8C	HIS PARTNER	
05824	1918:0:4	목록	8D	3	
05825	1919:0:0	목록	80	HOW MANY KICKBALL COACHES OFFER ADVICE IN MAYAHEM TEMPLE?	
05826	1919:0:1	목록	8A	3	
05827	1919:0:2	목록	8B	1	
05828	1919:0:3	목록	8C	5	
05829	1919:0:4	목록	8D	1	
05830	191A:0:0	목록	80	HOW ARE MAYAHEM TEMPLE'S STATUE DART GUNS DEACTIVATED?	
05831	191A:0:1	목록	8A	USING THE BILL DRILL	
05832	191A:0:2	목록	8B	FIRING AN EGG BETWEEN THEIR EYES	
05833	191A:0:3	목록	8C	WITH A BIG SWITCH	
05834	191A:0:4	목록	8D	2	
05835	191B:0:0	목록	80	WHAT COLOR ARE THE FEATHERS ON THE DARTS FIRED BY THE MAYAHEM TEMPLE STATUES' DART GUNS?	
05836	191B:0:1	목록	8A	BLUE	
05837	191B:0:2	목록	8B	YELLOW	
05838	191B:0:3	목록	8C	RED	
05839	191B:0:4	목록	8D	3	
05840	191C:0:0	목록	80	WHAT ANIMAL HAD A PROBLEM WITH A PLAGUE OF FLIES?	
05841	191C:0:1	목록	8A	A COW	
05842	191C:0:2	목록	8B	A MONKEY	
05843	191C:0:3	목록	8C	A PTERODACTYL	
05844	191C:0:4	목록	8D	1	
05845	191D:0:0	목록	80	WHAT DOES MAYAHEM TEMPLE'S CATLIKE WARRIOR BADDY CARRY?	
05846	191D:0:1	목록	8A	A SPADE	
05847	191D:0:2	목록	8B	A CLUB	
05848	191D:0:3	목록	8C	THE QUEEN OF HEARTS	
05849	191D:0:4	목록	8D	2	
05850	191E:0:0	목록	80	WHAT IS FOUND AT THE TOP OF THE HIGHEST STRUCTURE IN MAYAHEM TEMPLE?	
05851	191E:0:1	목록	8A	JIGGY	
05852	191E:0:2	목록	8B	JINJO	
05853	191E:0:3	목록	8C	JAMJARS	
05854	191E:0:4	목록	8D	1	
05855	191F:0:0	목록	80	WHAT WAS MAYAHEM TEMPLE'S TREASURE CHAMBER OFFICIAL LOOKING FOR?	
05856	191F:0:1	목록	8A	A PRICELESS RELIC THINGY	
05857	191F:0:2	목록	8B	A COSTLY ORNAMENT THINGY	
05858	191F:0:3	목록	8C	A CHEAP TRINKET THINGY	
05859	191F:0:4	목록	8D	1	
05860	1920:0:0	목록	80	WHAT DO YOU HAVE TO SHOOT TO GAIN ENTRY TO MAYAHEM TEMPLE'S TREASURE CHAMBER?	
05861	1920:0:1	목록	8A	MUMBO'S HEAD	
05862	1920:0:2	목록	8B	SNAKE HEADS	
05863	1920:0:3	목록	8C	FLIES	
05864	1920:0:4	목록	8D	2	
05865	1921:0:0	목록	80	WHAT IMAGE ISN'T ON MAYAHEM TEMPLE'S PRISON SWITCHES?	
05866	1921:0:1	목록	8A	A SUN	
05867	1921:0:2	목록	8B	A STAR	
05868	1921:0:3	목록	8C	HALEY'S COMET	
05869	1921:0:4	목록	8D	3	
05870	1922:0:0	목록	80	WHAT IS THE NAME OF WORLD 1?	
05871	1922:0:1	목록	8A	MAYAHEM TEMPLE	
05872	1922:0:2	목록	8B	GLITTER GULCH MINE	
05873	1922:0:3	목록	8C	MAYAHEM MINE	
05874	1922:0:4	목록	8D	1	
05875	1923:0:0	목록	80	WHICH OF THESE AREAS IS NOT FOUND IN MAYAHEM TEMPLE?	
05876	1923:0:1	목록	8A	KICKBALL STADIUM	
05877	1923:0:2	목록	8B	DART GUN FIELDS	
05878	1923:0:3	목록	8C	JADE SNAKE GROVE	
05879	1923:0:4	목록	8D	2	
05880	1924:0:0	목록	80	WHICH OF THESE AREAS IS FOUND IN MAYAHEM TEMPLE?	
05881	1924:0:1	목록	8A	TARGITZAN'S SUPER SACRED CHAMBER	
05882	1924:0:2	목록	8B	TARGITZAN'S ALMOST SACRED CHAMBER	
05883	1924:0:3	목록	8C	TARGITZAN'S SLIGHTLY SACRED CHAMBER	
05884	1924:0:4	목록	8D	3	
05885	1925:0:0	목록	80	WHICH SPELL DID MUMBO PERFORM IN MAYAHEM TEMPLE?	
05886	1925:0:1	목록	8A	SUMMON	
05887	1925:0:2	목록	8B	POWER	
05888	1925:0:3	목록	8C	LEVITATE	
05889	1925:0:4	목록	8D	1	
05890	1926:0:0	목록	80	WHAT DIDN'T THE JADE SNAKE DO IN MAYAHEM TEMPLE?	
05891	1926:0:1	목록	8A	EAT A JIGGY	
05892	1926:0:2	목록	8B	BITE BANJO	
05893	1926:0:3	목록	8C	SLEEP	
05894	1926:0:4	목록	8D	2	
05895	1927:0:0	목록	80	WHAT WAS STUCK IN GLITTER GULCH MINE THAT BELONGED IN WITCHYWORLD?	
05896	1927:0:1	목록	8A	THE BURGER STALL OWNER	
05897	1927:0:2	목록	8B	THE PROSPECTOR	
05898	1927:0:3	목록	8C	THE SAUCER	
05899	1927:0:4	목록	8D	3	
05900	1928:0:0	목록	80	HOW MANY WATER TUBS ARE THERE IN THE WATER STORAGE CAVERN IN GLITTER GULCH MINE?	
05901	1928:0:1	목록	8A	2	
05902	1928:0:2	목록	8B	3	
05903	1928:0:3	목록	8C	4	
05904	1928:0:4	목록	8D	1	
05905	1929:0:0	목록	80	WHO IS CANARY MARY IN GLITTER GULCH MINE?	
05906	1929:0:1	목록	8A	A MAD PROSPECTOR	
05907	1929:0:2	목록	8B	A CRAZY BIRDWOMAN	
05908	1929:0:3	목록	8C	A TRAIN	
05909	1929:0:4	목록	8D	2	
05910	192A:0:0	목록	80	WHAT WAS CRUSHED IN GLITTER GULCH MINE'S CRUSHING SHED?	
05911	192A:0:1	목록	8A	A CAR	
05912	192A:0:2	목록	8B	BANJO	
05913	192A:0:3	목록	8C	A BIG BOULDER	
05914	192A:0:4	목록	8D	3	
05915	192B:0:0	목록	80	WHAT TOOL ATTACKS BANJO IN GLITTER GULCH MINE?	
05916	192B:0:1	목록	8A	A SHOVEL	
05917	192B:0:2	목록	8B	A HAMMER	
05918	192B:0:3	목록	8C	A CORDLESS DRILL	
05919	192B:0:4	목록	8D	1	
05920	192C:0:0	목록	80	WHO LURKED IN THE TRAIN'S BOILER IN GLITTER GULCH MINE?	
05921	192C:0:1	목록	8A	BIG BAD BOILER BEAST	
05922	192C:0:2	목록	8B	OLD KING COAL	
05923	192C:0:3	목록	8C	MASTER PUFTA	
05924	192C:0:4	목록	8D	2	
05925	192D:0:0	목록	80	WHAT MINE-RELATED FEATURE IS NOT FOUND IN GLITTER GULCH MINE?	
05926	192D:0:1	목록	8A	A POWER GENERATOR	
05927	192D:0:2	목록	8B	A RAIL TRACK	
05928	192D:0:3	목록	8C	A DRILL	
05929	192D:0:4	목록	8D	3	
05930	192E:0:0	목록	80	WHAT IS THE NAME OF WORLD 2?	
05931	192E:0:1	목록	8A	GLITTER GULCH MINE	
05932	192E:0:2	목록	8B	JOLLY ROGER'S MINE	
05933	192E:0:3	목록	8C	GRUNTY'S MINE	
05934	192E:0:4	목록	8D	1	
05935	192F:0:0	목록	80	WHAT IS ON THE PICTURE IN THE PROSPECTOR'S CABIN IN GLITTER GULCH MINE?	
05936	192F:0:1	목록	8A	HE AND SOME GLAMOUR MODELS	
05937	192F:0:2	목록	8B	HE AND HIS PARTNER	
05938	192F:0:3	목록	8C	HE AND HIS WIFE	
05939	192F:0:4	목록	8D	2	
05940	1930:0:0	목록	80	WHAT COLOR IS THE TOXIC GAS IN GLITTER GULCH MINE?	
05941	1930:0:1	목록	8A	BROWNY YELLOW	
05942	1930:0:2	목록	8B	PURPLE	
05943	1930:0:3	목록	8C	GREEN	
05944	1930:0:4	목록	8D	3	
05945	1931:0:0	목록	80	WHAT TWO ITEMS WERE WON ON GLITTER GULCH MINE'S HANDCART RACE?	
05946	1931:0:1	목록	8A	A JIGGY AND A CHEATO PAGE	
05947	1931:0:2	목록	8B	A BURGER AND SOME FRIES	
05948	1931:0:3	목록	8C	A JIGGY AND A TREBLE CLEF	
05949	1931:0:4	목록	8D	1	
05950	1932:0:0	목록	80	WHAT SPELL DID MUMBO PERFORM IN GLITTER GULCH MINE?	
05951	1932:0:1	목록	8A	SUNLIGHT	
05952	1932:0:2	목록	8B	LEVITATE	
05953	1932:0:3	목록	8C	1000-YEAR CURSE	
05954	1932:0:4	목록	8D	2	
05955	1933:0:0	목록	80	WHAT IS THE NAME OF THE SAUCER RIDE IN WITCHYWORLD?	
05956	1933:0:1	목록	8A	SAUCER OF MILK	
05957	1933:0:2	목록	8B	SAUCER OF TRAGEDY	
05958	1933:0:3	목록	8C	SAUCER OF PERIL	
05959	1933:0:4	목록	8D	3	
05960	1934:0:0	목록	80	HOW MANY TICKETS ARE REQUIRED TO GET IN WITCHYWORLD'S BIG TOP TENT?	
05961	1934:0:1	목록	8A	4	
05962	1934:0:2	목록	8B	3	
05963	1934:0:3	목록	8C	6	
05964	1934:0:4	목록	8D	1	
05965	1935:0:0	목록	80	WHICH BANJO-KAZOOIE CHARACTER GUARDED THE BIG TOP ENTRANCE IN WITCHYWORLD?	
05966	1935:0:1	목록	8A	CHIMPY THE CHIMP	
05967	1935:0:2	목록	8B	CONGA THE GORILLA	
05968	1935:0:3	목록	8C	CLANKER THE WHALE	
05969	1935:0:4	목록	8D	2	
05970	1936:0:0	목록	80	WHAT FAIRGROUND FAST FOOD IS NOT AVAILABLE IN WITCHYWORLD?	
05971	1936:0:1	목록	8A	BURGERS	
05972	1936:0:2	목록	8B	FRIES	
05973	1936:0:3	목록	8C	DOUGHNUTS	
05974	1936:0:4	목록	8D	3	
05975	1937:0:0	목록	80	WHAT IS THE NAME OF WORLD 3?	
05976	1937:0:1	목록	8A	WITCHYWORLD	
05977	1937:0:2	목록	8B	JOLLY ROGER'S LAGOON	
05978	1937:0:3	목록	8C	JOLLY'S CIRCUS O' FUN	
05979	1937:0:4	목록	8D	1	
05980	1938:0:0	목록	80	WHAT DOES HUMBA WUMBA CHANGE BANJO INTO IN WITCHYWORLD?	
05981	1938:0:1	목록	8A	A KITCHEN SINK	
05982	1938:0:2	목록	8B	A VAN	
05983	1938:0:3	목록	8C	A WASHING MACHINE	
05984	1938:0:4	목록	8D	2	
05985	1939:0:0	목록	80	WHAT SPELL DOES MUMBO PERFORM IN WITCHYWORLD?	
05986	1939:0:1	목록	8A	LIFE FORCE	
05987	1939:0:2	목록	8B	TURNED LEAD TO GOLD	
05988	1939:0:3	목록	8C	POWER	
05989	1939:0:4	목록	8D	3	
05990	193A:0:0	목록	80	WHAT IS WITCHYWORLD'S INFLATABLE CASTLE CALLED?	
05991	193A:0:1	목록	8A	CRAZY CASTLE	
05992	193A:0:2	목록	8B	FORT O' FUN	
05993	193A:0:3	목록	8C	SILLY STOCKADE	
05994	193A:0:4	목록	8D	1	
05995	193B:0:0	목록	80	WHICH TWO AREAS OF WITCHYWORLD DOES THE CABLE CAR CONNECT?	
05996	193B:0:1	목록	8A	SPOOKY AND SPACE ZONES	
05997	193B:0:2	목록	8B	SPACE AND WILD WEST ZONES	
05998	193B:0:3	목록	8C	SPACE AND NO PARKING ZONES	
05999	193B:0:4	목록	8D	2	
06000	193C:0:0	목록	80	WHICH CHARACTER WAS AN EXHIBIT IN WITCHYWORLD'S CAVE OF HORRORS?	
06001	193C:0:1	목록	8A	A SICK DINOSAUR	
06002	193C:0:2	목록	8B	MRS. BOGGY	
06003	193C:0:3	목록	8C	GOBI THE CAMEL	
06004	193C:0:4	목록	8D	3	
06005	193D:0:0	목록	80	WHAT HAD MRS. BOGGY LOST IN WITCHYWORLD?	
06006	193D:0:1	목록	8A	HER CHILDREN	
06007	193D:0:2	목록	8B	HER BIG TOP TICKETS	
06008	193D:0:3	목록	8C	HER BURGER AND FRIES	
06009	193D:0:4	목록	8D	1	
06010	193E:0:0	목록	80	WHERE IS THE JIGGY LOCATED IN WITCHYWORLD'S STAR SPINNER?	
06011	193E:0:1	목록	8A	IN A CRATER	
06012	193E:0:2	목록	8B	ON TOP OF A PLANET	
06013	193E:0:3	목록	8C	UNDER A UFO	
06014	193E:0:4	목록	8D	2	
06015	193F:0:0	목록	80	WHAT HAPPENS INSIDE MADAME GRUNTY'S TENT IN WITCHYWORLD?	
06016	193F:0:1	목록	8A	DRINKING	
06017	193F:0:2	목록	8B	INFLATABLE BOSS FIGHTING	
06018	193F:0:3	목록	8C	FORTUNE TELLING	
06019	193F:0:4	목록	8D	3	
06020	1940:0:0	목록	80	WHAT COLOR IS WITCHYWORLD'S BIG TOP TENT?	
06021	1940:0:1	목록	8A	BLUE AND WHITE	
06022	1940:0:2	목록	8B	BLACK AND BLUE	
06023	1940:0:3	목록	8C	RED AND WHITE	
06024	1940:0:4	목록	8D	1	
06025	1941:0:0	목록	80	WHAT IS WITCHYWORLD'S STRENGTH-BASED ATTRACTION CALLED?	
06026	1941:0:1	목록	8A	PONCHO OF POWER	
06027	1941:0:2	목록	8B	CACTUS OF STRENGTH	
06028	1941:0:3	목록	8C	STAGECOACH OF MIGHT	
06029	1941:0:4	목록	8D	2	
06030	1942:0:0	목록	80	WHAT CAN'T HUMBA WUMBA CHANGE BANJO INTO?	
06031	1942:0:1	목록	8A	A BEE	
06032	1942:0:2	목록	8B	A SNOWBALL	
06033	1942:0:3	목록	8C	A CROCODILE	
06034	1942:0:4	목록	8D	3	
06035	1943:0:0	목록	80	WHAT SPELL CAN MUMBO NOT PERFORM?	
06036	1943:0:1	목록	8A	EARTHQUAKE	
06037	1943:0:2	목록	8B	RAIN DANCE	
06038	1943:0:3	목록	8C	HEAL	
06039	1943:0:4	목록	8D	1	
06040	1944:0:0	목록	80	WHAT IS THE NAME OF THE INDIAN WHO CHANGES BANJO INTO OTHER CHARACTERS?	
06041	1944:0:1	목록	8A	BOOBLY DOOBLY	
06042	1944:0:2	목록	8B	HUMBA WUMBA	
06043	1944:0:3	목록	8C	WOCKA NOCKA	
06044	1944:0:4	목록	8D	2	
06045	1945:0:0	목록	80	WHAT IS THE NAME OF THE JINJO'S KING?	
06046	1945:0:1	목록	8A	SINGALONG	
06047	1945:0:2	목록	8B	DINGALING	
06048	1945:0:3	목록	8C	JINGALING	
06049	1945:0:4	목록	8D	3	
06050	1946:0:0	목록	80	WHICH COLOR JINJO DOES NOT APPEAR IN THE GAME?	
06051	1946:0:1	목록	8A	GREY	
06052	1946:0:2	목록	8B	WHITE	
06053	1946:0:3	목록	8C	BLACK	
06054	1946:0:4	목록	8D	1	
06055	1947:0:0	목록	80	WHAT IS THE NAME OF THE PAWNBROKER IN JOLLY ROGER'S LAGOON?	
06056	1947:0:1	목록	8A	RAZZLE	
06057	1947:0:2	목록	8B	PAWNO	
06058	1947:0:3	목록	8C	SCUNNY	
06059	1947:0:4	목록	8D	2	
06060	1948:0:0	목록	80	WHAT IS ON JOLLY'S MENU IN JOLLY ROGER'S LAGOON?	
06061	1948:0:1	목록	8A	PIRATE CREW STEW	
06062	1948:0:2	목록	8B	CABIN BOY'S SAUSAGE	
06063	1948:0:3	목록	8C	SEAMAN'S SURPRISE	
06064	1948:0:4	목록	8D	3	
06065	1949:0:0	목록	80	WHAT NAME IS ON THE LOCKER THAT YOU COULD ENTER IN JOLLY ROGER'S LAGOON?	
06066	1949:0:1	목록	8A	D. JONES	
06067	1949:0:2	목록	8B	M. BATES	
06068	1949:0:3	목록	8C	W. ANCHOR	
06069	1949:0:4	목록	8D	1	
06070	194A:0:0	목록	80	WHICH AREA DOES NOT EXIST IN JOLLY ROGER'S LAGOON?	
06071	194A:0:1	목록	8A	SEAWEED SANCTUM	
06072	194A:0:2	목록	8B	ANCHOR REPAIR SHED	
06073	194A:0:3	목록	8C	TEMPLE OF THE FISHES	
06074	194A:0:4	목록	8D	2	
06075	194B:0:0	목록	80	WHAT SPELL DOES MUMBO PERFORM IN JOLLY ROGER'S LAGOON?	
06076	194B:0:1	목록	8A	SUMMON	
06077	194B:0:2	목록	8B	ENLARGE	
06078	194B:0:3	목록	8C	SUNLIGHT	
06079	194B:0:4	목록	8D	3	
06080	194C:0:0	목록	80	WHAT OBJECT DID THE UFO ALIENS IN JOLLY ROGER'S LAGOON NOT CARRY?	
06081	194C:0:1	목록	8A	A HAMMER	
06082	194C:0:2	목록	8B	A RAY GUN	
06083	194C:0:3	목록	8C	A WALKING STICK	
06084	194C:0:4	목록	8D	1	
06085	194D:0:0	목록	80	WHAT WAS WRONG WITH THE ALIENS' UFO IN JOLLY ROGER'S LAGOON?	
06086	194D:0:1	목록	8A	THE COMPUTER WAS BROKEN	
06087	194D:0:2	목록	8B	IT HAD RUN OUT OF FUEL	
06088	194D:0:3	목록	8C	THE TOILETS WERE BLOCKED	
06089	194D:0:4	목록	8D	2	
06090	194E:0:0	목록	80	WHICH SEA-BASED CREATURE IS NOT SEEN IN JOLLY ROGER'S LAGOON?	
06091	194E:0:1	목록	8A	ANGLERFISH	
06092	194E:0:2	목록	8B	OCTOPUS	
06093	194E:0:3	목록	8C	SHARK	
06094	194E:0:4	목록	8D	3	
06095	194F:0:0	목록	80	WHAT IS THE NAME OF THE SEASICK PIRATE IN JOLLY'S?	
06096	194F:0:1	목록	8A	BLACKEYE	
06097	194F:0:2	목록	8B	BROWNEYE	
06098	194F:0:3	목록	8C	FOUREYES	
06099	194F:0:4	목록	8D	1	
06100	1950:0:0	목록	80	WHAT WAS TIPTUP THE TURTLE'S PROBLEM IN JOLLY ROGER'S LAGOON?	
06101	1950:0:1	목록	8A	HE'D LOST HIS SHELL	
06102	1950:0:2	목록	8B	HIS EGG WOULDN'T HATCH	
06103	1950:0:3	목록	8C	HE'D BEEN HIT BY A CANNONBALL	
06104	1950:0:4	목록	8D	2	
06105	1951:0:0	목록	80	WHICH OF THESE MOVES IS LEARNED IN JOLLY ROGER'S LAGOON?	
06106	1951:0:1	목록	8A	BILL DRILL	
06107	1951:0:2	목록	8B	BREEGULL BLASTER	
06108	1951:0:3	목록	8C	TALON TORPEDO	
06109	1951:0:4	목록	8D	3	
06110	1952:0:0	목록	80	WHAT WAS THE PIG IN THE CAGE IN JOLLY ROGER'S LAGOON TRYING TO DO?	
06111	1952:0:1	목록	8A	FILM THE PAINTINGS	
06112	1952:0:2	목록	8B	REPAIR THE TEMPLE WALLS	
06113	1952:0:3	목록	8C	LOOK FOR LOST TREASURE	
06114	1952:0:4	목록	8D	1	
06115	1953:0:0	목록	80	HOW DO YOU GAIN ENTRY TO THE BIG FISH IN JOLLY ROGER'S LAGOON?	
06116	1953:0:1	목록	8A	FEED HIM	
06117	1953:0:2	목록	8B	KNOCK HIS TEETH OUT	
06118	1953:0:3	목록	8C	PULL ON HIS TAIL	
06119	1953:0:4	목록	8D	2	
06120	1954:0:0	목록	80	WHAT IS UNUSUAL ABOUT MUMBO'S SKULL AT JOLLY ROGER'S LAGOON?	
06121	1954:0:1	목록	8A	AN EVIL MUMBO LIVED THERE	
06122	1954:0:2	목록	8B	THERE WAS A JIGGY IN IT	
06123	1954:0:3	목록	8C	IT HAD A SECRET PASSAGE	
06124	1954:0:4	목록	8D	3	
06125	1955:0:0	목록	80	WHAT ITEM DID THE PAWNBROKER AT JOLLY ROGER'S LAGOON HAVE FOR SALE?	
06126	1955:0:1	목록	8A	A CHEATO PAGE	
06127	1955:0:2	목록	8B	A JINJO	
06128	1955:0:3	목록	8C	A PAWN MAGAZINE	
06129	1955:0:4	목록	8D	1	
06130	1956:0:0	목록	80	WHAT PROBLEM DID THE SWIMMING POOL KIDS IN JOLLY ROGER'S LAGOON NOT HAVE?	
06131	1956:0:1	목록	8A	ONE OF THEM HAD THREE ARMS	
06132	1956:0:2	목록	8B	THEIR POOL WAS TOO HOT	
06133	1956:0:3	목록	8C	THEIR POOL WAS FILTHY	
06134	1956:0:4	목록	8D	2	
06135	1957:0:0	목록	80	WHAT DID THE NICE OOGLE CAVEMEN NEED IN TERRYDACTYLAND?	
06136	1957:0:1	목록	8A	FOOD AND DRINK	
06137	1957:0:2	목록	8B	FURS AND CLUBS	
06138	1957:0:3	목록	8C	FOOD AND WARMTH	
06139	1957:0:4	목록	8D	3	
06140	1958:0:0	목록	80	WHAT HAD TERRYDACTYLAND'S NASTY UNGA CAVEMEN STOLEN FROM MAYAHEM TEMPLE?	
06141	1958:0:1	목록	8A	A GOLD RELIC	
06142	1958:0:2	목록	8B	A SACRED STONE	
06143	1958:0:3	목록	8C	A CAR	
06144	1958:0:4	목록	8D	1	
06145	1959:0:0	목록	80	WHAT IS THE NAME OF TERRYDACTYLAND'S TWO RIVAL CAVEMEN TRIBES?	
06146	1959:0:1	목록	8A	UGLY BUGLIES AND OOGLE BOOGLES	
06147	1959:0:2	목록	8B	UNGA BUNGAS AND OOGLE BOOGLES	
06148	1959:0:3	목록	8C	UNGA BUNGAS AND OOPSY DOOPSIES	
06149	1959:0:4	목록	8D	2	
06150	195A:0:0	목록	80	WHAT GIANT-FOOTED DINOSAUR TRIES TO CRUSH YOU IN TERRYDACTYLAND?	
06151	195A:0:1	목록	8A	CHOMPASAUR	
06152	195A:0:2	목록	8B	STEPASAURUS	
06153	195A:0:3	목록	8C	STOMPONADON	
06154	195A:0:4	목록	8D	3	
06155	195B:0:0	목록	80	WHICH AREA DOES NOT EXIST IN TERRYDACTYLAND?	
06156	195B:0:1	목록	8A	THE HATCHERY	
06157	195B:0:2	목록	8B	RIVER PASSAGE	
06158	195B:0:3	목록	8C	STOMPING PLAINS	
06159	195B:0:4	목록	8D	1	
06160	195C:0:0	목록	80	WHICH OF THESE WASN'T A PROBLEM THAT TERRYDACTYLAND'S DINOSAUR FAMILY KIDS HAD?	
06161	195C:0:1	목록	8A	SICKNESS	
06162	195C:0:2	목록	8B	TOO BIG	
06163	195C:0:3	목록	8C	TOO SMALL	
06164	195C:0:4	목록	8D	2	
06165	195D:0:0	목록	80	WHICH MOVE DOES BANJO ON HIS OWN LEARN IN TERRYDACTYLAND?	
06166	195D:0:1	목록	8A	PACK WHACK	
06167	195D:0:2	목록	8B	SACK SACK	
06168	195D:0:3	목록	8C	TAXI PACK	
06169	195D:0:4	목록	8D	3	
06170	195E:0:0	목록	80	HOW MANY DIFFERENT SIZES OF T-REX ARE AVAILABLE IN TERRYDACTYLAND?	
06171	195E:0:1	목록	8A	2	
06172	195E:0:2	목록	8B	1	
06173	195E:0:3	목록	8C	3	
06174	195E:0:4	목록	8D	1	
06175	195F:0:0	목록	80	WHAT DID THE GIANT PTERODACTYL ACCUSE BANJO OF IN TERRYDACTYLAND?	
06176	195F:0:1	목록	8A	MESSING UP HIS NEST	
06177	195F:0:2	목록	8B	STEALING HIS EGGS	
06178	195F:0:3	목록	8C	HITTING THE SMALLER PTERODACTYLS	
06179	195F:0:4	목록	8D	2	
06180	1960:0:0	목록	80	WHAT IS WRONG WITH THE DINOSAUR WHO LIVED IN THE LAKE INSIDE TERRYDACTYLAND'S MOUNTAIN?	
06181	1960:0:1	목록	8A	BROKEN NECK	
06182	1960:0:2	목록	8B	HEADACHE	
06183	1960:0:3	목록	8C	STOMACH CRAMP	
06184	1960:0:4	목록	8D	3	
06185	1961:0:0	목록	80	WHAT IS THE NAME OF THE DINOSAUR WHO LIVED IN TERRYDACTYLAND'S INTERIOR LAKE?	
06186	1961:0:1	목록	8A	CHOMPASAUR	
06187	1961:0:2	목록	8B	SCOFFASAUR	
06188	1961:0:3	목록	8C	CHEWADOCUS	
06189	1961:0:4	목록	8D	1	
06190	1962:0:0	목록	80	WHAT WAS WRONG WITH TERRYDACTYLAND'S DIPLODOCUS WHO LIVED IN A HOLE?	
06191	1962:0:1	목록	8A	HUNGRY	
06192	1962:0:2	목록	8B	THIRSTY	
06193	1962:0:3	목록	8C	LONELY	
06194	1962:0:4	목록	8D	2	
06195	1963:0:0	목록	80	WHICH DINOSAUR TYPE IS NOT SEEN IN TERRYDACTYLAND?	
06196	1963:0:1	목록	8A	STEGOSAURUS	
06197	1963:0:2	목록	8B	PTERODACTYL	
06198	1963:0:3	목록	8C	VELOCIRAPTOR	
06199	1963:0:4	목록	8D	3	
06200	1964:0:0	목록	80	WHAT SPELL DOES MUMBO PERFORM IN TERRYDACTYLAND?	
06201	1964:0:1	목록	8A	ENLARGE	
06202	1964:0:2	목록	8B	SUNLIGHT	
06203	1964:0:3	목록	8C	BUBONIC PLAGUE	
06204	1964:0:4	목록	8D	1	
06205	1965:0:0	목록	80	WHAT IS THE NAME OF THE GIANT PTERODACTYL IN TERRYDACTYLAND?	
06206	1965:0:1	목록	8A	BARRY	
06207	1965:0:2	목록	8B	TERRY	
06208	1965:0:3	목록	8C	LARRY	
06209	1965:0:4	목록	8D	2	
06210	1966:0:0	목록	80	WHAT TYPE OF DINOSAUR ARE TERRYDACTYLAND'S MOTHER AND THREE KIDS?	
06211	1966:0:1	목록	8A	STYRAMOANARUS	
06212	1966:0:2	목록	8B	STYROFOAMUS	
06213	1966:0:3	목록	8C	STYRACOSAURUS	
06214	1966:0:4	목록	8D	3	
06215	1967:0:0	목록	80	WHAT IS THE NAME OF THE FEMALE BEE WHO GIVES YOU EXTRA ENERGY?	
06216	1967:0:1	목록	8A	HONEY B	
06217	1967:0:2	목록	8B	BUMBLE B	
06218	1967:0:3	목록	8C	BUZZY B	
06219	1967:0:4	목록	8D	1	
06220	1968:0:0	목록	80	WHO OWNS THE SACRED TEMPLE WHERE THE JIGGY GAMES ARE PLAYED?	
06221	1968:0:1	목록	8A	KING JINGALING	
06222	1968:0:2	목록	8B	JIGGYWIGGY	
06223	1968:0:3	목록	8C	MASTER JIGJAG	
06224	1968:0:4	목록	8D	2	
06225	1969:0:0	목록	80	WHICH OF THESE IS NOT AN AREA ON THE ISLE O' HAGS?	
06226	1969:0:1	목록	8A	QUAGMIRE	
06227	1969:0:2	목록	8B	WOODED HOLLOW	
06228	1969:0:3	목록	8C	FOREST GROVE	
06229	1969:0:4	목록	8D	3	
06230	196A:0:0	목록	80	WHICH OF THESE IS ONE OF BOTTLES' KIDS?	
06231	196A:0:1	목록	8A	GOGGLES	
06232	196A:0:2	목록	8B	BIGGLES	
06233	196A:0:3	목록	8C	TIZERS	
06234	196A:0:4	목록	8D	1	
06235	196B:0:0	목록	80	HOW MANY TIMES DID BANJO DEFEAT KLUNGO?	
06236	196B:0:1	목록	8A	1	
06237	196B:0:2	목록	8B	3	
06238	196B:0:3	목록	8C	2	
06239	196B:0:4	목록	8D	2	
06240	196C:0:0	목록	80	WHICH POTION DOES KLUNGO NOT DRINK BEFORE ATTACKING YOU?	
06241	196C:0:1	목록	8A	INVISIBILITY	
06242	196C:0:2	목록	8B	ENLARGE	
06243	196C:0:3	목록	8C	SPEED	
06244	196C:0:4	목록	8D	3	
06245	196D:0:0	목록	80	WHICH COLOR JINJO HOUSE DID THE DIGGER FLATTEN IN JINJO VILLAGE?	
06246	196D:0:1	목록	8A	GREY	
06247	196D:0:2	목록	8B	YELLOW	
06248	196D:0:3	목록	8C	WHITE	
06249	196D:0:4	목록	8D	1	
06250	196E:0:0	목록	80	HOW DO YOU TRAVEL TO CLOUD CUCKOOLAND?	
06251	196E:0:1	목록	8A	THROUGH A TUNNEL	
06252	196E:0:2	목록	8B	IN A BUBBLE	
06253	196E:0:3	목록	8C	ON A BOAT	
06254	196E:0:4	목록	8D	2	
06255	196F:0:0	목록	80	WHY WAS WITCHYWORLD CLOSED?	
06256	196F:0:1	목록	8A	ALL THE RIDES WERE BROKEN	
06257	196F:0:2	목록	8B	THE STAFF WERE ON STRIKE	
06258	196F:0:3	목록	8C	APPALLING SAFETY RECORD	
06259	196F:0:4	목록	8D	3	
06260	1970:0:0	목록	80	WHAT IS THE NAME OF THE RIDE OUTSIDE THE ENTRANCE TO WITCHYWORLD?	
06261	1970:0:1	목록	8A	FLUME OF DOOM	
06262	1970:0:2	목록	8B	RIVER RAFT RAPIDS	
06263	1970:0:3	목록	8C	CAULDRON CANYON	
06264	1970:0:4	목록	8D	1	
06265	1971:0:0	목록	80	WHAT IS THE NAME OF MUMBO'S CYBORG IMPERSONATOR?	
06266	1971:0:1	목록	8A	SPONGY MATROSS	
06267	1971:0:2	목록	8B	MINGY JONGO	
06268	1971:0:3	목록	8C	JINJA MINGA	
06269	1971:0:4	목록	8D	2	
06270	1972:0:0	목록	80	WHICH GAME DOES NOT HAVE A REFRIGERATOR MAGNET IN THE WORKERS' QUARTERS IN GRUNTY INDUSTRIES?	
06271	1972:0:1	목록	8A	PERFECT DARK	
06272	1972:0:2	목록	8B	JET FORCE GEMINI	
06273	1972:0:3	목록	8C	BANJO-KAZOOIE	
06274	1972:0:4	목록	8D	3	
06275	1973:0:0	목록	80	WHICH JET FORCE GEMINI CHARACTER CAN YOU FIND A POSTER OF IN GRUNTY INDUSTRIES?	
06276	1973:0:1	목록	8A	JUNO	
06277	1973:0:2	목록	8B	VELA	
06278	1973:0:3	목록	8C	LUPUS	
06279	1973:0:4	목록	8D	2	
06280	1974:0:0	목록	80	WHAT ARE THE NAMES OF MR. AND MRS. ICE CUBE IN HAILFIRE PEAKS?	
06281	1974:0:1	목록	8A	GEORGE AND MILDRED	
06282	1974:0:2	목록	8B	ALBERT AND ETHEL	
06283	1974:0:3	목록	8C	ED AND GABBY	
06284	1974:0:4	목록	8D	1	
06285	1975:0:0	목록	80	BOGGY THE POLAR BEAR HAS GIVEN UP SLED RACING TO DO WHAT?	
06286	1975:0:1	목록	8A	GO FISHING	
06287	1975:0:2	목록	8B	READ PAWN MAGAZINES	
06288	1975:0:3	목록	8C	WATCH TV	
06289	1975:0:4	목록	8D	3	
06290	1976:0:0	목록	80	IN THE WITCHYWORLD STAR SPINNER, HOW MANY STARS LEAD YOU UP TO THE MECHANICAL PLANET?	
06291	1976:0:1	목록	8A	2	
06292	1976:0:2	목록	8B	3	
06293	1976:0:3	목록	8C	4	
06294	1976:0:4	목록	8D	2	
06295	1977:0:0	목록	80	IN GRUNTY INDUSTRIES, WHAT DO THE MEAN FACTORY WORKERS TRY TO WHACK YOU WITH?	
06296	1977:0:1	목록	8A	A WRENCH	
06297	1977:0:2	목록	8B	A HAMMER	
06298	1977:0:3	목록	8C	A PILLOW	
06299	1977:0:4	목록	8D	1	
06300	1978:0:0	목록	80	WHICH IS A WEAPON USED BY THE FLAT BAD GUYS INSIDE CLOUD CUCKOOLAND'S CENTRAL CAVERN?	
06301	1978:0:1	목록	8A	A CANDY CANE	
06302	1978:0:2	목록	8B	A BASEBALL BAT	
06303	1978:0:3	목록	8C	A BANANA	
06304	1978:0:4	목록	8D	1	
06305	1979:0:0	목록	80	SINCE WHEN HAS SABREMAN BEEN FROZEN IN HIS BLOCK OF ICE IN HAILFIRE PEAKS?	
06306	1979:0:1	목록	8A	1982	
06307	1979:0:2	목록	8B	1984	
06308	1979:0:3	목록	8C	1986	
06309	1979:0:4	목록	8D	2	
06310	197A:0:0	목록	80	WHICH OF THE FOLLOWING WORLDS DOES NOT HAVE A TRAIN STATION?	
06311	197A:0:1	목록	8A	GLITTER GULCH MINE	
06312	197A:0:2	목록	8B	JOLLY ROGER'S LAGOON	
06313	197A:0:3	목록	8C	TERRYDACTYLAND	
06314	197A:0:4	목록	8D	2	
06315	197B:0:0	목록	80	APART FROM D. JONES, ALL THE LOCKERS IN JOLLY ROGER'S LAGOON DISPLAY NAMES OF WHOM?	
06316	197B:0:1	목록	8A	FAMOUS MOVIE STARS	
06317	197B:0:2	목록	8B	FORMER AMERICAN PRESIDENTS	
06318	197B:0:3	목록	8C	BANJO-TOOIE TEAM MEMBERS	
06319	197B:0:4	목록	8D	3	
06320	197C:0:0	목록	80	IN JOLLY ROGER'S LAGOON, WHAT IS THE NAME OF THE WRECKED SHIP AT THE BOTTOM?	
06321	197C:0:1	목록	8A	THE SALTY HIPPO	
06322	197C:0:2	목록	8B	THE SCURVY SEADOG	
06323	197C:0:3	목록	8C	IT HAS NO NAME	
06324	197C:0:4	목록	8D	3	
06325	197D:0:0	목록	80	WHAT DRINK IS ON SALE AT JOLLY'S?	
06326	197D:0:1	목록	8A	GINGER BEER	
06327	197D:0:2	목록	8B	ORANGE SQUASH	
06328	197D:0:3	목록	8C	JOLLY'S JUICE	
06329	197D:0:4	목록	8D	1	
06330	197E:0:0	목록	80	WHAT DID ONE OF THE NICE OOGLE BOOGLE CAVEMEN DO?	
06331	197E:0:1	목록	8A	RUBBED TWO STICKS TOGETHER	
06332	197E:0:2	목록	8B	SCRAPED TWO ROCKS TOGETHER	
06333	197E:0:3	목록	8C	THREW HIMSELF ON THE FIRE	
06334	197E:0:4	목록	8D	1	
06335	197F:0:0	목록	80	WHAT CAN BE FOUND IN THE ISLE O' HAGS QUAGMIRE AREA?	
06336	197F:0:1	목록	8A	A RAILWAY BRIDGE	
06337	197F:0:2	목록	8B	A MUMBO SKULL	
06338	197F:0:3	목록	8C	A LARGE DINOSAUR HEAD	
06339	197F:0:4	목록	8D	1	
06340	1980:0:0	목록	80	WHERE WOULD YOU FIND A BIG OIL DRILL?	
06341	1980:0:1	목록	8A	HAILFIRE PEAKS (LAVA SIDE)	
06342	1980:0:2	목록	8B	HAILFIRE PEAKS (ICY SIDE)	
06343	1980:0:3	목록	8C	GRUNTY INDUSTRIES	
06344	1980:0:4	목록	8D	2	
06345	1981:0:0	목록	80	WHAT LABEL WOULD YOU FIND ON THE BOTTLE INSIDE CLOUD CUCKOOLAND'S TRASH CAN?	
06346	1981:0:1	목록	8A	WUMBA'S WATER	
06347	1981:0:2	목록	8B	JOLLY'S JUICE	
06348	1981:0:3	목록	8C	MINGELLA'S MILK	
06349	1981:0:4	목록	8D	2	
06350	1982:0:0	목록	80	IN GRUNTY INDUSTRIES, WHAT IS WRONG WITH WELDAR THE WELDING TORCH?	
06351	1982:0:1	목록	8A	HE HAS STOMACH CRAMPS	
06352	1982:0:2	목록	8B	HIS NOZZLE IS SORE	
06353	1982:0:3	목록	8C	HIS EYESIGHT IS POOR	
06354	1982:0:4	목록	8D	3	
06355	1983:0:0	목록	80	WHAT BRAND OF CANNED CARROTS IS FOUND IN CLOUD CUCKOOLAND'S TRASH CAN?	
06356	1983:0:1	목록	8A	SPEW	
06357	1983:0:2	목록	8B	PUKE	
06358	1983:0:3	목록	8C	HURL	
06359	1983:0:4	목록	8D	1	
06360	1984:0:0	목록	80	THE OIL PIPELINE IN THE GRUNTY INDUSTRIES WASTE DISPOSAL PLANT COMES FROM WHERE?	
06361	1984:0:1	목록	8A	JOLLY ROGER'S LAGOON	
06362	1984:0:2	목록	8B	GLITTER GULCH MINE	
06363	1984:0:3	목록	8C	HAILFIRE PEAKS	
06364	1984:0:4	목록	8D	3	
06365	1985:0:0	목록	80	THE WATER PIPELINE IN THE GRUNTY INDUSTRIES WASTE DISPOSAL PLANT COMES FROM WHERE?	
06366	1985:0:1	목록	8A	JOLLY ROGER'S LAGOON	
06367	1985:0:2	목록	8B	GLITTER GULCH MINE	
06368	1985:0:3	목록	8C	HAILFIRE PEAKS	
06369	1985:0:4	목록	8D	1	
06370	1986:0:0	목록	80	WHICH IS A WEAPON USED BY THE FLAT BAD GUYS INSIDE CLOUD CUCKOOLAND'S CENTRAL CAVERN?	
06371	1986:0:1	목록	8A	A FISH	
06372	1986:0:2	목록	8B	A PORK CHOP	
06373	1986:0:3	목록	8C	A HOT DOG SAUSAGE	
06374	1986:0:4	목록	8D	3	
06375	1987:0:0	목록	80	WHAT DO YOU HAVE TO SHOOT INSIDE THE CHOMPASAUR'S BELLY IN TERRYDACTYLAND?	
06376	1987:0:1	목록	8A	BOILS	
06377	1987:0:2	목록	8B	BALLOONS	
06378	1987:0:3	목록	8C	ULCERS	
06379	1987:0:4	목록	8D	3	
06380	1988:0:0	목록	80	WHY DID LOGGO COMPLAIN IN GRUNTY INDUSTRIES?	
06381	1988:0:1	목록	8A	HE NEEDED A CLEANING	
06382	1988:0:2	목록	8B	HE NEEDED UNBLOCKING	
06383	1988:0:3	목록	8C	HE NEEDED FLUSHING	
06384	1988:0:4	목록	8D	2	
06385	1989:0:0	목록	80	WHAT DOES MRS. BOGGY SAY THAT BOGGY SHOULD HAVE DONE BY THE TIME SHE GOT HOME?	
06386	1989:0:1	목록	8A	CLEANED UP THE IGLOO	
06387	1989:0:2	목록	8B	HAD A WASH	
06388	1989:0:3	목록	8C	PUT THE DINNER IN THE OVEN	
06389	1989:0:4	목록	8D	3	
06390	198A:0:0	목록	80	HOW DID GOBI THE CAMEL HELP YOU ONCE HE'D REACHED HAILFIRE PEAKS?	
06391	198A:0:1	목록	8A	HE COOLED THE TRAIN	
06392	198A:0:2	목록	8B	HE STARTED THE OIL DRILL	
06393	198A:0:3	목록	8C	HE FREED SABREMAN	
06394	198A:0:4	목록	8D	1	
06395	198B:0:0	목록	80	WHAT IS THE NAME OF GRUNTY INDUSTRIES' BOSS CHARACTER?	
06396	198B:0:1	목록	8A	WELDUP	
06397	198B:0:2	목록	8B	WELDAR	
06398	198B:0:3	목록	8C	WELLARD	
06399	198B:0:4	목록	8D	2	
06400	198C:0:0	목록	80	WHAT SPELL DOES MUMBO PERFORM IN GRUNTY INDUSTRIES?	
06401	198C:0:1	목록	8A	PETRIFY	
06402	198C:0:2	목록	8B	ENLARGE	
06403	198C:0:3	목록	8C	EMP	
06404	198C:0:4	목록	8D	3	
06405	198D:0:0	목록	80	WHICH OF THESE IS AN AREA IN GRUNTY INDUSTRIES?	
06406	198D:0:1	목록	8A	REPAIR DEPOT	
06407	198D:0:2	목록	8B	TRANSPORT DEPOT	
06408	198D:0:3	목록	8C	DELIVERY DEPOT	
06409	198D:0:4	목록	8D	1	
06410	198E:0:0	목록	80	WHICH OF THESE ISN'T AN AREA IN GRUNTY INDUSTRIES?	
06411	198E:0:1	목록	8A	AIR CONDITIONING PLANT	
06412	198E:0:2	목록	8B	GENERATOR PLANT	
06413	198E:0:3	목록	8C	BOILER PLANT	
06414	198E:0:4	목록	8D	2	
06415	198F:0:0	목록	80	HOW MANY FLOORS DOES GRUNTY INDUSTRIES' SERVICE ELEVATOR STOP AT?	
06416	198F:0:1	목록	8A	6	
06417	198F:0:2	목록	8B	4	
06418	198F:0:3	목록	8C	5	
06419	198F:0:4	목록	8D	3	
06420	1990:0:0	목록	80	WHAT BRAND OF BATTERY IS USED TO OPEN THE BATTERY-OPERATED DOORS IN GRUNTY INDUSTRIES?	
06421	1990:0:1	목록	8A	BAZZA	
06422	1990:0:2	목록	8B	SHAZZA	
06423	1990:0:3	목록	8C	LEZZA	
06424	1990:0:4	목록	8D	1	
06425	1991:0:0	목록	80	WHAT IS AT THE VERY TOP OF THE LIFT SHAFT IN GRUNTY INDUSTRIES?	
06426	1991:0:1	목록	8A	A JINJO	
06427	1991:0:2	목록	8B	SIGNPOSTS	
06428	1991:0:3	목록	8C	AN EGG NEST	
06429	1991:0:4	목록	8D	2	
06430	1992:0:0	목록	80	HOW MANY CHIMNEYS DOES THE FACTORY HAVE IN GRUNTY INDUSTRIES?	
06431	1992:0:1	목록	8A	0	
06432	1992:0:2	목록	8B	1	
06433	1992:0:3	목록	8C	2	
06434	1992:0:4	목록	8D	3	
06435	1993:0:0	목록	80	WHAT IS THE COLOR OF THE POWER CABLE THAT POWERED THE BOSS ROOM'S DOOR IN GRUNTY INDUSTRIES?	
06436	1993:0:1	목록	8A	BLUE AND YELLOW	
06437	1993:0:2	목록	8B	BLACK AND WHITE	
06438	1993:0:3	목록	8C	RED AND GREEN	
06439	1993:0:4	목록	8D	1	
06440	1994:0:0	목록	80	WHAT ITEM OF CLOTHING DOES BANJO THE WASHING MACHINE FIRE IN GRUNTY INDUSTRIES?	
06441	1994:0:1	목록	8A	SHIRTS	
06442	1994:0:2	목록	8B	SHORTS	
06443	1994:0:3	목록	8C	SOCKS	
06444	1994:0:4	목록	8D	2	
06445	1995:0:0	목록	80	WHICH IS NOT A CABLE COLOR IN GRUNTY INDUSTRIES' CABLE ROOM?	
06446	1995:0:1	목록	8A	YELLOW	
06447	1995:0:2	목록	8B	WHITE	
06448	1995:0:3	목록	8C	BLACK	
06449	1995:0:4	목록	8D	3	
06450	1996:0:0	목록	80	WHAT IS BLOCKING THE VENTS IN GRUNTY INDUSTRIES' SEWER SYSTEM?	
06451	1996:0:1	목록	8A	CLINKERS	
06452	1996:0:2	목록	8B	TURDLETS	
06453	1996:0:3	목록	8C	SQUITTERS	
06454	1996:0:4	목록	8D	1	
06455	1997:0:0	목록	80	WHAT IS WRITTEN ON THE ELECTROMAGNET COVER IN GRUNTY INDUSTRIES?	
06456	1997:0:1	목록	8A	WARNING - POWERFUL MAGNET	
06457	1997:0:2	목록	8B	DANGER - HIGH VOLTAGE	
06458	1997:0:3	목록	8C	CAUTION - STAY CLEAR	
06459	1997:0:4	목록	8D	2	
06460	1998:0:0	목록	80	WHAT PRESSURE LEVEL IS SHOWN ON THE EXTERIOR DIALS OF GRUNTY INDUSTRIES' TRASH COMPACTOR?	
06461	1998:0:1	목록	8A	125	
06462	1998:0:2	목록	8B	50	
06463	1998:0:3	목록	8C	10	
06464	1998:0:4	목록	8D	3	
06465	1999:0:0	목록	80	WHAT IS UNUSUAL ABOUT MUMBO'S SKULL IN GRUNTY INDUSTRIES?	
06466	1999:0:1	목록	8A	IT WAS MADE OF METAL	
06467	1999:0:2	목록	8B	THERE WASN'T ONE	
06468	1999:0:3	목록	8C	IT HAD A SECRET PASSAGE	
06469	1999:0:4	목록	8D	1	
06470	199A:0:0	목록	80	WHAT IS THE COLOR OF THE REVOLVING LIGHTS IN FLOOR 3 OF GRUNTY INDUSTRIES?	
06471	199A:0:1	목록	8A	RED	
06472	199A:0:2	목록	8B	YELLOW	
06473	199A:0:3	목록	8C	PURPLE	
06474	199A:0:4	목록	8D	2	
06475	199B:0:0	목록	80	WHAT IS PACKED IN GRUNTY INDUSTRIES' PACKING ROOM?	
06476	199B:0:1	목록	8A	CHOCOLATE	
06477	199B:0:2	목록	8B	NUTS, BOLTS AND WASHERS	
06478	199B:0:3	목록	8C	TWINKLIES	
06479	199B:0:4	목록	8D	3	
06480	199C:0:0	목록	80	WHAT IS THE MAIN DANGER IN GRUNTY INDUSTRIES' QUALITY CONTROL?	
06481	199C:0:1	목록	8A	TOXIC GAS	
06482	199C:0:2	목록	8B	CRUSHERS	
06483	199C:0:3	목록	8C	LASER BEAMS	
06484	199C:0:4	목록	8D	1	
06485	199D:0:0	목록	80	HOW MANY DIFFERENT WAYS INTO THE FACTORY IN GRUNTY INDUSTRIES ARE THERE?	
06486	199D:0:1	목록	8A	9	
06487	199D:0:2	목록	8B	11	
06488	199D:0:3	목록	8C	13	
06489	199D:0:4	목록	8D	2	
06490	199E:0:0	목록	80	WHAT IS AT THE TOP OF GRUNTY INDUSTRIES' CHIMNEY STACK?	
06491	199E:0:1	목록	8A	JAMJARS	
06492	199E:0:2	목록	8B	A JINJO	
06493	199E:0:3	목록	8C	EMPTY HONEYCOMB	
06494	199E:0:4	목록	8D	3	
06495	199F:0:0	목록	80	WHAT IS THE NAME OF THE FACTORY IN WORLD 6?	
06496	199F:0:1	목록	8A	GRUNTY INDUSTRIES	
06497	199F:0:2	목록	8B	WITCHYWORKS, INC.	
06498	199F:0:3	목록	8C	WITCH INDUSTRIALS	
06499	199F:0:4	목록	8D	1	
06500	19A0:0:0	목록	80	ON HAILFIRE PEAKS, HOW MANY DIFFERENT SIZES OF BANJO THE SNOWBALL ARE THERE?	
06501	19A0:0:1	목록	8A	4	
06502	19A0:0:2	목록	8B	5	
06503	19A0:0:3	목록	8C	6	
06504	19A0:0:4	목록	8D	2	
06505	19A1:0:0	목록	80	HOW MANY ALIEN KIDS ON HAILFIRE PEAKS WERE THERE?	
06506	19A1:0:1	목록	8A	4	
06507	19A1:0:2	목록	8B	2	
06508	19A1:0:3	목록	8C	3	
06509	19A1:0:4	목록	8D	3	
06510	19A2:0:0	목록	80	WHAT SPELL DOES MUMBO PERFORM IN HAILFIRE PEAKS?	
06511	19A2:0:1	목록	8A	LIFE FORCE	
06512	19A2:0:2	목록	8B	SUNLIGHT	
06513	19A2:0:3	목록	8C	STORMCLOUD	
06514	19A2:0:4	목록	8D	1	
06515	19A3:0:0	목록	80	WHICH OF THESE IS AN AREA IN HAILFIRE PEAKS?	
06516	19A3:0:1	목록	8A	BOGGY'S DEN	
06517	19A3:0:2	목록	8B	ICICLE GROTTO	
06518	19A3:0:3	목록	8C	CRYSTAL CAVERNS	
06519	19A3:0:4	목록	8D	2	
06520	19A4:0:0	목록	80	WHICH OF THESE ISN'T AN AREA IN HAILFIRE PEAKS?	
06521	19A4:0:1	목록	8A	INSIDE THE VOLCANO	
06522	19A4:0:2	목록	8B	LAVA CRATER	
06523	19A4:0:3	목록	8C	GLACIER GROTTO	
06524	19A4:0:4	목록	8D	3	
06525	19A5:0:0	목록	80	WHAT IS THE NAME OF THE BIG-FOOTED YETI IN HAILFIRE PEAKS?	
06526	19A5:0:1	목록	8A	BIGGAFOOT	
06527	19A5:0:2	목록	8B	CLUBBAFOOT	
06528	19A5:0:3	목록	8C	BIGGOBOOT	
06529	19A5:0:4	목록	8D	1	
06530	19A6:0:0	목록	80	WHAT IS THE NAME OF A DRAGON BOSS BROTHER IN HAILFIRE PEAKS?	
06531	19A6:0:1	목록	8A	SILLY BILLY	
06532	19A6:0:2	목록	8B	CHILLY WILLY	
06533	19A6:0:3	목록	8C	HOTTIE TOTTIE	
06534	19A6:0:4	목록	8D	2	
06535	19A7:0:0	목록	80	WHAT DOES HAILFIRE PEAKS' OIL DRILL UNEARTH?	
06536	19A7:0:1	목록	8A	OIL	
06537	19A7:0:2	목록	8B	AN ALIEN KID	
06538	19A7:0:3	목록	8C	A JIGGY	
06539	19A7:0:4	목록	8D	3	
06540	19A8:0:0	목록	80	WHAT MINIATURE DOLL IS ONE OF THE ALIEN KIDS HOLDING ON HAILFIRE PEAKS?	
06541	19A8:0:1	목록	8A	JINJO	
06542	19A8:0:2	목록	8B	MUMBO	
06543	19A8:0:3	목록	8C	BANJO	
06544	19A8:0:4	목록	8D	1	
06545	19A9:0:0	목록	80	WHAT OBJECT IS THE ALIEN GIRL HOLDING IN HAILFIRE PEAKS?	
06546	19A9:0:1	목록	8A	A HAIRBRUSH	
06547	19A9:0:2	목록	8B	A MIRROR	
06548	19A9:0:3	목록	8C	A RAY GUN	
06549	19A9:0:4	목록	8D	2	
06550	19AA:0:0	목록	80	WHAT DOES BOGGY THE POLAR BEAR WANT TO EAT IN HAILFIRE PEAKS?	
06551	19AA:0:1	목록	8A	PIZZA	
06552	19AA:0:2	목록	8B	BURGER AND FRIES	
06553	19AA:0:3	목록	8C	FISH	
06554	19AA:0:4	목록	8D	3	
06555	19AB:0:0	목록	80	WHAT WALL-DWELLING FIERY OBJECT ATTACKS YOU IN HAILFIRE PEAKS?	
06556	19AB:0:1	목록	8A	A GIANT HAND	
06557	19AB:0:2	목록	8B	A MASSIVE FOOT	
06558	19AB:0:3	목록	8C	A BURNING TORCH	
06559	19AB:0:4	목록	8D	1	
06560	19AC:0:0	목록	80	WHAT GAME IS PLAYED IN HAILFIRE PEAKS' COLOSSEUM?	
06561	19AC:0:1	목록	8A	PINBALL	
06562	19AC:0:2	목록	8B	KICKBALL	
06563	19AC:0:3	목록	8C	TABLE FOOTBALL	
06564	19AC:0:4	목록	8D	2	
06565	19AD:0:0	목록	80	WHAT IS THE COLOR OF BOGGY THE POLAR BEAR'S BEDSPREAD IN HIS HAILFIRE PEAKS IGLOO?	
06566	19AD:0:1	목록	8A	PURPLE AND GREEN	
06567	19AD:0:2	목록	8B	RED AND BLUE	
06568	19AD:0:3	목록	8C	ORANGE AND YELLOW	
06569	19AD:0:4	목록	8D	3	
06570	19AE:0:0	목록	80	WHY COULDN'T CHUFFY THE TRAIN TRAVEL TO THE ICE SIDE OF HAILFIRE PEAKS?	
06571	19AE:0:1	목록	8A	BOILER WAS TOO HOT	
06572	19AE:0:2	목록	8B	RAN OUT OF STEAM	
06573	19AE:0:3	목록	8C	TRACKS DIDN'T GO THERE	
06574	19AE:0:4	목록	8D	1	
06575	19AF:0:0	목록	80	WHICH ITEM ISN'T FOUND IN AN ICE CUBE IN HAILFIRE PEAKS?	
06576	19AF:0:1	목록	8A	A JINJO	
06577	19AF:0:2	목록	8B	A CHEATO PAGE	
06578	19AF:0:3	목록	8C	A TREBLE CLEF	
06579	19AF:0:4	목록	8D	2	
06580	19B0:0:0	목록	80	HOW MANY ICICLES FALL FROM THE ICICLE GROTTO ROOF IN HAILFIRE PEAKS?	
06581	19B0:0:1	목록	8A	10	
06582	19B0:0:2	목록	8B	5	
06583	19B0:0:3	목록	8C	7	
06584	19B0:0:4	목록	8D	3	
06585	19B1:0:0	목록	80	WHAT IS THE NAME OF THE FROZEN EXPLORER IN HAILFIRE PEAKS?	
06586	19B1:0:1	목록	8A	SABREMAN	
06587	19B1:0:2	목록	8B	CUTLASS GUY	
06588	19B1:0:3	목록	8C	DAGGERCHAP	
06589	19B1:0:4	목록	8D	1	
06590	19B2:0:0	목록	80	WHAT IS DIFFERENT ABOUT THE COLOSSEUM KICKBALL COMPARED TO THE MAYAN KICKBALL?	
06591	19B2:0:1	목록	8A	YOU ONLY PLAYED TWO GAMES	
06592	19B2:0:2	목록	8B	WHO SCORED LEAST WON	
06593	19B2:0:3	목록	8C	THERE WERE MORE OPPONENTS	
06594	19B2:0:4	목록	8D	2	
06595	19B3:0:0	목록	80	WHAT IS THE NAME OF SKY-HIGH WORLD 8?	
06596	19B3:0:1	목록	8A	FLUFFY CLOUDLAND 	
06597	19B3:0:2	목록	8B	CLOUD KINGDOM	
06598	19B3:0:3	목록	8C	CLOUD CUCKOOLAND	
06599	19B3:0:4	목록	8D	3	
06600	19B4:0:0	목록	80	WHAT SPELL DOES MUMBO PERFORM IN CLOUD CUCKOOLAND?	
06601	19B4:0:1	목록	8A	RAIN DANCE	
06602	19B4:0:2	목록	8B	SUNLIGHT	
06603	19B4:0:3	목록	8C	LEVITATE	
06604	19B4:0:4	목록	8D	1	
06605	19B5:0:0	목록	80	WHAT IS THE NAME OF CLOUD CUCKOOLAND'S ATHLETE?	
06606	19B5:0:1	목록	8A	MR. FAT	
06607	19B5:0:2	목록	8B	MR. FIT	
06608	19B5:0:3	목록	8C	MR. FAB	
06609	19B5:0:4	목록	8D	2	
06610	19B6:0:0	목록	80	WHICH EVENT WOULD YOU NOT COMPETE IN AGAINST CLOUD CUCKOOLAND'S ATHLETE?	
06611	19B6:0:1	목록	8A	SACK RACE	
06612	19B6:0:2	목록	8B	SPRINT	
06613	19B6:0:3	목록	8C	LONG JUMP	
06614	19B6:0:4	목록	8D	3	
06615	19B7:0:0	목록	80	WHICH OF THESE OBJECTS ISN'T IN CLOUD CUCKOOLAND?	
06616	19B7:0:1	목록	8A	CAKE SLICE	
06617	19B7:0:2	목록	8B	CHEESE WEDGE	
06618	19B7:0:3	목록	8C	JELLY CASTLE	
06619	19B7:0:4	목록	8D	1	
06620	19B8:0:0	목록	80	BY WHICH METHOD COULD YOU TRAVEL AROUND CLOUD CUCKOOLAND?	
06621	19B8:0:1	목록	8A	FLOWER GLIDERS	
06622	19B8:0:2	목록	8B	CANNON PLANTS	
06623	19B8:0:3	목록	8C	MUSHROOM TAXIS	
06624	19B8:0:4	목록	8D	2	
06625	19B9:0:0	목록	80	HOW MANY JIGGIES DO YOU HAVE TO SHOOT IN CLOUD CUCKOOLAND'S POT O' GOLD GAME TO WIN A CHEATO PAGE?	
06626	19B9:0:1	목록	8A	90	
06627	19B9:0:2	목록	8B	50	
06628	19B9:0:3	목록	8C	75	
06629	19B9:0:4	목록	8D	3	
06630	19BA:0:0	목록	80	WHAT CAN BE RACED AROUND CLOUD CUCKOOLAND?	
06631	19BA:0:1	목록	8A	A CLOCKWORK MOUSE	
06632	19BA:0:2	목록	8B	A WIND-UP TORTOISE	
06633	19BA:0:3	목록	8C	A BATTERY-POWERED BIRD	
06634	19BA:0:4	목록	8D	1	
06635	19BB:0:0	목록	80	WHAT'S FOUND INSIDE CLOUD CUCKOOLAND'S CHEESE WEDGE?	
06636	19BB:0:1	목록	8A	TOMATOES	
06637	19BB:0:2	목록	8B	ONIONS	
06638	19BB:0:3	목록	8C	BISCUITS	
06639	19BB:0:4	목록	8D	2	
06640	19BC:0:0	목록	80	WHAT'S FOUND INSIDE CLOUD CUCKOOLAND'S POT O' GOLD?	
06641	19BC:0:1	목록	8A	JAMJARS' SECRET ABILITY	
06642	19BC:0:2	목록	8B	A HOARD OF STOLEN GOLD	
06643	19BC:0:3	목록	8C	A SHOOTING GAME	
06644	19BC:0:4	목록	8D	3	
06645	19BD:0:0	목록	80	WHAT IS THE FULL NAME OF CLOUD CUCKOOLAND'S FLOATER CREATURE?	
06646	19BD:0:1	목록	8A	FLOATUS FLOATIUM	
06647	19BD:0:2	목록	8B	FLOATSUM JETSUM	
06648	19BD:0:3	목록	8C	FLOATY MAXIMUS	
06649	19BD:0:4	목록	8D	1	
06650	19BE:0:0	목록	80	WHAT IS THE NAME OF CLOUD CUCKOOLAND'S TALKING SAFE?	
06651	19BE:0:1	목록	8A	SWAGBOX SUPREME	
06652	19BE:0:2	목록	8B	SUPERSTASH DELUXE	
06653	19BE:0:3	목록	8C	BOOTY GRABBER PRO	
06654	19BE:0:4	목록	8D	2	
06655	19BF:0:0	목록	80	WHAT IS THE COMBINATION OF CLOUD CUCKOOLAND'S TALKING SAFE?	
06656	19BF:0:1	목록	8A	2001	
06657	19BF:0:2	목록	8B	0898	
06658	19BF:0:3	목록	8C	1984	
06659	19BF:0:4	목록	8D	3	
06660	19C0:0:0	목록	80	WHAT BRAND OF FOOD CONTAINER IS NOT SEEN IN CLOUD CUCKOOLAND'S TRASH CAN?	
06661	19C0:0:1	목록	8A	WONDERBARF SNACKS	
06662	19C0:0:2	목록	8B	SNACKY FATTY CHOCS	
06663	19C0:0:3	목록	8C	SALTED SNACK TREATS	
06664	19C0:0:4	목록	8D	1	
06665	19C1:0:0	목록	80	WHICH BANJO-KAZOOIE CHARACTER IS FOUND ON THE SIDE OF THE MILK CARTON IN CLOUD CUCKOOLAND'S TRASH CAN?	
06666	19C1:0:1	목록	8A	MR. VILE	
06667	19C1:0:2	목록	8B	TOOTY	
06668	19C1:0:3	목록	8C	BRENTILDA	
06669	19C1:0:4	목록	8D	2	
06670	19C2:0:0	목록	80	WHO HAS A GERM PROBLEM IN HIS CLOUD CUCKOOLAND TRASH CAN?	
06671	19C2:0:1	목록	8A	PUFF-PUFF	
06672	19C2:0:2	목록	8B	DUFFA	
06673	19C2:0:3	목록	8C	GUFFO	
06674	19C2:0:4	목록	8D	3	
06675	19C3:0:0	목록	80	WHAT DID THE ZUBBA WANT YOU TO DO IN HIS HIVE ON CLOUD CUCKOOLAND?	
06676	19C3:0:1	목록	8A	SHOOT HIS FRIENDS	
06677	19C3:0:2	목록	8B	COLLECT THE HONEY	
06678	19C3:0:3	목록	8C	FIND THE QUEEN	
06679	19C3:0:4	목록	8D	1	
06680	19C4:0:0	목록	80	WHICH OF THESE AREAS IS HOME TO GUFFO IN CLOUD CUCKOOLAND?	
06681	19C4:0:1	목록	8A	INSIDE THE SNACK TIN	
06682	19C4:0:2	목록	8B	INSIDE THE TRASH CAN	
06683	19C4:0:3	목록	8C	INSIDE THE JELLY CASTLE	
06684	19C4:0:4	목록	8D	2	
06685	19C5:0:0	목록	80	WHICH CHARACTER FIRST SEEN ON AN EARLIER WORLD MADE A CLOUD CUCKOOLAND REAPPEARANCE?	
06686	19C5:0:1	목록	8A	GOBI	
06687	19C5:0:2	목록	8B	THE ALIENS	
06688	19C5:0:3	목록	8C	CANARY MARY	
06689	19C5:0:4	목록	8D	3	
06690	19C6:0:0	목록	80	WHAT IS AT THE VERY TOP OF CLOUD CUCKOOLAND?	
06691	19C6:0:1	목록	8A	A WASP STATUE	
06692	19C6:0:2	목록	8B	THE HIVE ENTRANCE	
06693	19C6:0:3	목록	8C	A CUCKOO	
06694	19C6:0:4	목록	8D	1	
06695	19C7:0:0	목록	80	HOW MANY WAYS ARE THERE INTO CLOUD CUCKOOLAND'S CENTRAL CAVERN?	
06696	19C7:0:1	목록	8A	9	
06697	19C7:0:2	목록	8B	12	
06698	19C7:0:3	목록	8C	15	
06699	19C7:0:4	목록	8D	2	
06700	19C8:0:0	목록	80	WHAT COLOR IS CLOUD CUCKOOLAND'S JELLY CASTLE?	
06701	19C8:0:1	목록	8A	ORANGE	
06702	19C8:0:2	목록	8B	LIME	
06703	19C8:0:3	목록	8C	STRAWBERRY	
06704	19C8:0:4	목록	8D	3	
06705	19C9:0:0	목록	80	WHAT IS BOTTLES' SON PLAYING WITH IN JINJO VILLAGE?	
06706	19C9:0:1	목록	8A	A PLANE	
06707	19C9:0:2	목록	8B	A GAME BOY	
06708	19C9:0:3	목록	8C	A TIGER	
06709	19C9:0:4	목록	8D	1	
06710	19CA:0:0	목록	80	WHAT TYPE OF DOLL IS BOTTLES' DAUGHTER PLAYING WITH IN JINJO VILLAGE?	
06711	19CA:0:1	목록	8A	BANJO	
06712	19CA:0:2	목록	8B	DONKEY KONG	
06713	19CA:0:3	목록	8C	JOANNA DARK	
06714	19CA:0:4	목록	8D	2	
06715	19CB:0:0	목록	80	HOW MANY EGG NESTS ARE THERE IN HEGGY'S EGG SHED?	
06716	19CB:0:1	목록	8A	1	
06717	19CB:0:2	목록	8B	5	
06718	19CB:0:3	목록	8C	3	
06719	19CB:0:4	목록	8D	3	
06720	19CC:0:0	목록	80	WHO LIVES IN HONEY B'S HIVE?	
06721	19CC:0:1	목록	8A	HONEY B	
06722	19CC:0:2	목록	8B	KING JINGALING	
06723	19CC:0:3	목록	8C	BIG BUZZA THE BEE BOSS	
06724	19CC:0:4	목록	8D	1	
06725	19CD:0:0	목록	80	WHO LIVES IN JINJO VILLAGE?	
06726	19CD:0:1	목록	8A	MASTER JIGGYWIGGY	
06727	19CD:0:2	목록	8B	THE JINJOS	
06728	19CD:0:3	목록	8C	BANJO	
06729	19CD:0:4	목록	8D	2	
06730	19CE:0:0	목록	80	WHERE DOES KING JINGALING LIVE?	
06731	19CE:0:1	목록	8A	IN A BOAT	
06732	19CE:0:2	목록	8B	IN A SHED	
06733	19CE:0:3	목록	8C	IN A THRONE ROOM	
06734	19CE:0:4	목록	8D	3	
06735	19CF:0:0	목록	80	WHAT SHAPE ARE THE FLOOR TILES IN JIGGYWIGGY'S TEMPLE?	
06736	19CF:0:1	목록	8A	JIGSAW-SHAPED	
06737	19CF:0:2	목록	8B	TRIANGULAR	
06738	19CF:0:3	목록	8C	THERE ARE NO TILES	
06739	19CF:0:4	목록	8D	1	
06740	19D0:0:0	목록	80	HOW DOES CHEATO THE SPELL BOOK HELP BANJO?	
06741	19D0:0:1	목록	8A	GIVES MUMBO SPELLS	
06742	19D0:0:2	목록	8B	AWARDS CHEATS	
06743	19D0:0:3	목록	8C	PROVIDES REFRESHMENTS	
06744	19D0:0:4	목록	8D	2	
06745	19D1:0:0	목록	80	HOW DOES BANJO GET INSIDE THE KICKBALL STADIUM IN MAYAHEM TEMPLE?	
06746	19D1:0:1	목록	8A	WITH A GRENADE EGG	
06747	19D1:0:2	목록	8B	BRIBES THE GUARD	
06748	19D1:0:3	목록	8C	DISGUISED AS A STONY	
06749	19D1:0:4	목록	8D	3	
06750	19D2:0:0	목록	80	WHAT IS THE NAME OF THE BIRD-LIKE CHARACTER IN GLITTER GULCH MINE?	
06751	19D2:0:1	목록	8A	CANARY MARY	
06752	19D2:0:2	목록	8B	CROW JOE	
06753	19D2:0:3	목록	8C	PARAKEET PETE	
06754	19D2:0:4	목록	8D	1	
06755	19D3:0:0	목록	80	WHICH OF THESE WAS A BOSS CHARACTER?	
06756	19D3:0:1	목록	8A	OLD QUEEN COAL	
06757	19D3:0:2	목록	8B	MRS. PATCH	
06758	19D3:0:3	목록	8C	LORD WOO FAK FAK	
06759	19D3:0:4	목록	8D	3	
06760	19D4:0:0	목록	80	WHAT IS TARGITZAN THE MAYAN GOD OF?	
06761	19D4:0:1	목록	8A	TIDDLYWINKS	
06762	19D4:0:2	목록	8B	SUNLIGHT	
06763	19D4:0:3	목록	8C	TARGET SHOOTING	
06764	19D4:0:4	목록	8D	3	
06765	19D5:0:0	목록	80	WHAT SHAPE IS THE TV IN THE GAME SELECTION SCREEN?	
06766	19D5:0:1	목록	8A	HONEYCOMB-SHAPED	
06767	19D5:0:2	목록	8B	CIRCULAR	
06768	19D5:0:3	목록	8C	STAR-SHAPED	
06769	19D5:0:4	목록	8D	1	
06770	19D6:0:0	목록	80	WHAT WAS THE FIRST GAME THAT BANJO APPEARED IN?	
06771	19D6:0:1	목록	8A	BANJO-KAZOOIE	
06772	19D6:0:2	목록	8B	DIDDY KONG RACING	
06773	19D6:0:3	목록	8C	SUPER BANJO LAND 64	
06774	19D6:0:4	목록	8D	2	
06775	19D7:0:0	목록	80	WHAT COLOR ARE BANJO'S SHORTS?	
06776	19D7:0:1	목록	8A	BLUE	
06777	19D7:0:2	목록	8B	RED	
06778	19D7:0:3	목록	8C	YELLOW	
06779	19D7:0:4	목록	8D	3	
06780	19D8:0:0	목록	80	HOW MANY DAUGHTERS DID TIPTUP HAVE IN JOLLY ROGER'S LAGOON?	
06781	19D8:0:1	목록	8A	19	
06782	19D8:0:2	목록	8B	2	
06783	19D8:0:3	목록	8C	5	
06784	19D8:0:4	목록	8D	1	
06785	19D9:0:0	목록	80	WHAT WAS WRONG WITH THE PIRATE IN JOLLY'S?	
06786	19D9:0:1	목록	8A	HOMESICK	
06787	19D9:0:2	목록	8B	SEASICK	
06788	19D9:0:3	목록	8C	SICKNESS AND DIARRHOEA	
06789	19D9:0:4	목록	8D	2	
06790	19DA:0:0	목록	80	WHAT DOES BLUBBER RENT OUT FROM HIS WAVERACER SHOP IN JOLLY ROGER'S LAGOON?	
06791	19DA:0:1	목록	8A	VIDEOS	
06792	19DA:0:2	목록	8B	GO-KARTS	
06793	19DA:0:3	목록	8C	WAVERACERS	
06794	19DA:0:4	목록	8D	3	
06795	19DB:0:0	목록	80	WHAT FALLS FROM THE ICICLE GROTTO ROOF IN HAILFIRE PEAKS?	
06796	19DB:0:1	목록	8A	ICICLES	
06797	19DB:0:2	목록	8B	ROCKS	
06798	19DB:0:3	목록	8C	LIGHT FITTINGS	
06799	19DB:0:4	목록	8D	1	
06800	19DC:0:0	목록	80	WHAT HASN'T MUMBO JUMBO GOT IN HIS SKULL?	
06801	19DC:0:1	목록	8A	A CHAIR	
06802	19DC:0:2	목록	8B	WINDOWS	
06803	19DC:0:3	목록	8C	A HI-FI	
06804	19DC:0:4	목록	8D	3	
06805	19DD:0:0	목록	80	WHAT DOES HUMBA WUMBA THE INDIAN LIVE IN?	
06806	19DD:0:1	목록	8A	A TENT	
06807	19DD:0:2	목록	8B	A CARDBOARD BOX	
06808	19DD:0:3	목록	8C	A SKULL	
06809	19DD:0:4	목록	8D	1	
06810	19DE:0:0	목록	80	WHAT DOES MUMBO JUMBO THE SHAMAN LIVE IN?	
06811	19DE:0:1	목록	8A	A TENT	
06812	19DE:0:2	목록	8B	A SKULL	
06813	19DE:0:3	목록	8C	A MAGICAL CASTLE	
06814	19DE:0:4	목록	8D	2	
06815	19DF:0:0	목록	80	WHAT WOULD BANJO DO IF YOU PRESSED {87}?	
06816	19DF:0:1	목록	8A	ATTACK	
06817	19DF:0:2	목록	8B	CROUCH	
06818	19DF:0:3	목록	8C	JUMP	
06819	19DF:0:4	목록	8D	3	
06820	19E0:0:0	목록	80	WHAT DO THE JINJOS SAY WHEN THEY ARE RESCUED?	
06821	19E0:0:1	목록	8A	JINJO!	
06822	19E0:0:2	목록	8B	CHEERS!	
06823	19E0:0:3	목록	8C	I'M FREE!	
06824	19E0:0:4	목록	8D	1	
06825	19E1:0:0	목록	80	HOW MANY POINTS DO THE PLAYERS START WITH IN THE SEMIFINAL GAME OF THE COLOSSEUM KICKBALL?	
06826	19E1:0:1	목록	8A	25	
06827	19E1:0:2	목록	8B	50	
06828	19E1:0:3	목록	8C	0	
06829	19E1:0:4	목록	8D	2	
06830	19E2:0:0	목록	80	WHICH OF THE BANJO-ONLY MOVES IS ACTIVATED BY HOLDING {81} AND PRESSING {82}?	
06831	19E2:0:1	목록	8A	PACK WHACK	
06832	19E2:0:2	목록	8B	SHACK PACK	
06833	19E2:0:3	목록	8C	SNOOZE PACK	
06834	19E2:0:4	목록	8D	3	
06835	19E3:0:0	목록	80	WHAT CAN KAZOOIE DO WHEN SHE IS ON HER OWN THAT SHE CAN'T WHEN BANJO IS WITH HER?	
06836	19E3:0:1	목록	8A	HATCH EGGS	
06837	19E3:0:2	목록	8B	FLY	
06838	19E3:0:3	목록	8C	WEAR CLAW CLAMBER BOOTS	
06839	19E3:0:4	목록	8D	1	
06840	19E4:0:0	목록	80	HOW MANY LETTERS ARE THERE IN THE NAME 'BANJO-TOOIE'?	
06841	19E4:0:1	목록	8A	MORE THAN 9	
06842	19E4:0:2	목록	8B	LESS THAN 10	
06843	19E4:0:3	목록	8C	11	
06844	19E4:0:4	목록	8D	1	
06845	19E5:0:0	목록	80	WHO MIGHT YOU FIND LURKING ON THE ICE SIDE OF HAILFIRE PEAKS?	
06846	19E5:0:1	목록	8A	BIGGAHEAD	
06847	19E5:0:2	목록	8B	BIGGABUTT	
06848	19E5:0:3	목록	8C	BIGGAFOOT	
06849	19E5:0:4	목록	8D	3	
06850	19E6:0:0	목록	80	WHAT HAS CHEATO THE SPELL BOOK LOST?	
06851	19E6:0:1	목록	8A	HIS PAGES	
06852	19E6:0:2	목록	8B	HIS PAGER	
06853	19E6:0:3	목록	8C	HIS PAGEBOY	
06854	19E6:0:4	목록	8D	1	
06855	19E7:0:0	목록	80	WHAT IS MINGY JONGO ANNOUNCED AS IN CLOUD CUCKOOLAND?	
06856	19E7:0:1	목록	8A	DEVIOUS MUMBO-A-LIKE	
06857	19E7:0:2	목록	8B	CRAFTY SHAMAN IMPERSONATOR	
06858	19E7:0:3	목록	8C	FIENDISH MASTER OF DISGUISE	
06859	19E7:0:4	목록	8D	2	
06860	19E8:0:0	목록	80	WHAT IS MR. PATCH ANNOUNCED AS IN WITCHYWORLD?	
06861	19E8:0:1	목록	8A	RIDICULOUS ROTUND RUBBER RUFFIAN	
06862	19E8:0:2	목록	8B	BIZARRE BOUNCING BLOW-UP BLIMP	
06863	19E8:0:3	목록	8C	STRANGE WOBBLY INFLATABLE THING	
06864	19E8:0:4	목록	8D	3	
06865	19E9:0:0	목록	80	WHAT IS OLD KING COAL ANNOUNCED AS IN GLITTER GULCH MINE?	
06866	19E9:0:1	목록	8A	GRUBBY BOILER MONARCH	
06867	19E9:0:2	목록	8B	THE MIGHTY ANTHRACITE	
06868	19E9:0:3	목록	8C	MASTER OF DIRTY TRICKS	
06869	19E9:0:4	목록	8D	1	
06870	19EA:0:0	목록	80	WHAT IS LORD WOO FAK FAK ANNOUNCED AS IN JOLLY ROGER'S LAGOON?	
06871	19EA:0:1	목록	8A	HIGH AND MIGHTY AQUATIC HERO	
06872	19EA:0:2	목록	8B	SELF-IMPORTANT ANGLERFISH	
06873	19EA:0:3	목록	8C	EGOTISTICAL LOCKER LURKER	
06874	19EA:0:4	목록	8D	2	
06875	19EB:0:0	목록	80	WHAT IS WELDAR ANNOUNCED AS IN GRUNTY INDUSTRIES?	
06876	19EB:0:1	목록	8A	NASALLY CONGESTED WELDING TORCH	
06877	19EB:0:2	목록	8B	SONICALLY LIMITED WELDING TORCH	
06878	19EB:0:3	목록	8C	VISUALLY IMPAIRED WELDING TORCH	
06879	19EB:0:4	목록	8D	3	
06880	19EC:0:0	목록	80	WHICH OF THE BANJO-ONLY MOVES IS ACTIVATED BY HOLDING {81} AND PRESSING {83}?	
06881	19EC:0:1	목록	8A	SACK PACK	
06882	19EC:0:2	목록	8B	SHACK PACK	
06883	19EC:0:3	목록	8C	SNACK PACK	
06884	19EC:0:4	목록	8D	1	
06885	19ED:0:0	목록	80	WHAT COLOR ARE THE CLOCKWORK KAZOOIE EGGS?	
06886	19ED:0:1	목록	8A	YELLOW WITH RED SPOTS	
06887	19ED:0:2	목록	8B	RED WITH YELLOW SPOTS	
06888	19ED:0:3	목록	8C	BLUE WITH GREEN SPOTS	
06889	19ED:0:4	목록	8D	2	
06890	19EE:0:0	목록	80	WHAT COLOR ARE THE NORMAL BLUE EGGS?	
06891	19EE:0:1	목록	8A	RED	
06892	19EE:0:2	목록	8B	WHITE	
06893	19EE:0:3	목록	8C	BLUE	
06894	19EE:0:4	목록	8D	3	
06895	19EF:0:0	목록	80	WHICH BANJO-KAZOOIE WORLD IS NOT SEEN IN BANJO-TOOIE ON A PICTURE?	
06896	19EF:0:1	목록	8A	GOBI'S DESERT	
06897	19EF:0:2	목록	8B	TREASURE TROVE COVE	
06898	19EF:0:3	목록	8C	FREEZEEZY PEAK	
06899	19EF:0:4	목록	8D	1	
06900	19F0:0:0	목록	80	HOW LONG DID GRUNTILDA SPEND IN HER GRAVE?	
06901	19F0:0:1	목록	8A	'3 YEARS'	
06902	19F0:0:2	목록	8B	'2 YEARS'	
06903	19F0:0:3	목록	8C	'1 YEAR, 6 MONTHS AND 23 DAYS'	
06904	19F0:0:4	목록	8D	2	
06905	19F1:0:0	목록	80	WHAT CAN BE FOUND IN CLOUD CUCKOOLAND?	
06906	19F1:0:1	목록	8A	A CUCKOO	
06907	19F1:0:2	목록	8B	A COCKEREL	
06908	19F1:0:3	목록	8C	A CANARY	
06909	19F1:0:4	목록	8D	3	
06910	19F2:0:0	목록	80	HOW HEAVY IS THE WEIGHT ABOVE YOUR STUPID HEAD?	
06911	19F2:0:1	목록	8A	1 TON	
06912	19F2:0:2	목록	8B	10 TONS	
06913	19F2:0:3	목록	8C	100 TONS	
06914	19F2:0:4	목록	8D	1	
06915	19F3:0:0	목록	80	TIME FOR A NASTY ONE - WHAT NUMBER QUESTION IS THIS ON MY LIST?	
06916	19F3:0:1	목록	8A	73	
06917	19F3:0:2	목록	8B	228	
06918	19F3:0:3	목록	8C	166	
06919	19F3:0:4	목록	8D	2	
06920	19F4:0:0	목록	80	WHO HAS GOT ONE OF THE PRIZES FROM MY LAST QUIZ - GRUNTY'S FURNACE FUN?	
06921	19F4:0:1	목록	8A	BLUBBER	
06922	19F4:0:2	목록	8B	JOLLY	
06923	19F4:0:3	목록	8C	PAWNO	
06924	19F4:0:4	목록	8D	3	
06925	19F5:0:0	목록	80	WHAT IS UNUSUAL ABOUT MASTER JIGGYWIGGY?	
06926	19F5:0:1	목록	8A	HE'S GOT A JIGGY FOR A HEAD	
06927	19F5:0:2	목록	8B	HE'S GOT TWO HEADS	
06928	19F5:0:3	목록	8C	HE'S GOT NO HEAD	
06929	19F5:0:4	목록	8D	1	
06930	19F6:0:0	목록	80	WHO ARE THE SIMILAR-LOOKING ARCH ENEMIES OF THE JINJOS?	
06931	19F6:0:1	목록	8A	THE BUMJOS	
06932	19F6:0:2	목록	8B	THE MINJOS	
06933	19F6:0:3	목록	8C	THE DIMBOS	
06934	19F6:0:4	목록	8D	2	
06935	19F7:0:0	목록	80	WHICH OF THESE IS ONE OF BOGGY'S KIDS?	
06936	19F7:0:1	목록	8A	FOGGY	
06937	19F7:0:2	목록	8B	DOGGY	
06938	19F7:0:3	목록	8C	SOGGY	
06939	19F7:0:4	목록	8D	3	
06940	19F8:0:0	목록	80	WHAT IS MRS. BOTTLES' FIRST NAME?	
06941	19F8:0:1	목록	8A	IT WAS NEVER MENTIONED	
06942	19F8:0:2	목록	8B	BETTY	
06943	19F8:0:3	목록	8C	MILKY	
06944	19F8:0:4	목록	8D	1	
06945	19F9:0:0	목록	80	WHAT'S ON THE BACKGROUND OF THE QUIZ LOGO ON THE WALL OVER THERE?	
06946	19F9:0:1	목록	8A	ME AND MY SISTERS	
06947	19F9:0:2	목록	8B	A FORK OF LIGHTNING	
06948	19F9:0:3	목록	8C	THE GUN TOWER	
06949	19F9:0:4	목록	8D	2	
06950	19FA:0:0	목록	80	WHAT SHAPE IS THE STAND THAT I'M READING THESE QUESTIONS FROM?	
06951	19FA:0:1	목록	8A	SQUARE	
06952	19FA:0:2	목록	8B	CIRCULAR	
06953	19FA:0:3	목록	8C	STAR-SHAPED	
06954	19FA:0:4	목록	8D	3	
06955	19FB:0:0	목록	80	WHAT IS THE NAME OF A QUIZ I HAVEN'T HOSTED?	
06956	19FB:0:1	목록	8A	BEAT THE BEAR	
06957	19FB:0:2	목록	8B	TOWER OF TRAGEDY	
06958	19FB:0:3	목록	8C	GRUNTY'S FURNACE FUN	
06959	19FB:0:4	목록	8D	1	
06960	19FC:0:0	목록	80	HOW MANY DIFFERENT CHARACTERS WERE INVOLVED IN THE OPENING STORY SEQUENCE?	
06961	19FC:0:1	목록	8A	6	
06962	19FC:0:2	목록	8B	8	
06963	19FC:0:3	목록	8C	7	
06964	19FC:0:4	목록	8D	2	
06965	19FD:0:0	목록	80	WHICH OF THESE WORLDS HAS THE MOST LETTERS IN ITS NAME?	
06966	19FD:0:1	목록	8A	HAILFIRE PEAKS	
06967	19FD:0:2	목록	8B	TERRYDACTYLAND	
06968	19FD:0:3	목록	8C	MAYAHEM TEMPLE	
06969	19FD:0:4	목록	8D	2	
06970	19FE:0:0	목록	80	WHAT COLOR IS MUMBO'S FEEBLE ENERGY STAFF ATTACK?	
06971	19FE:0:1	목록	8A	PINK	
06972	19FE:0:2	목록	8B	YELLOW	
06973	19FE:0:3	목록	8C	WHITE	
06974	19FE:0:4	목록	8D	1	
06975	19FF:0:0	목록	80	WHAT DID KLUNGO SAY HE WAS GOING TO DO AS A NEW CAREER?	
06976	19FF:0:1	목록	8A	MAKE GAMES	
06977	19FF:0:2	목록	8B	BECOME A DJ	
06978	19FF:0:3	목록	8C	SELL USED CARS	
06979	19FF:0:4	목록	8D	1	
06980	1A00:0:0	목록	80	WHERE IS THIS SCENE?	
06981	1A00:0:1	목록	8A	HAILFIRE PEAKS	
06982	1A00:0:2	목록	8B	MAYAHEM TEMPLE	
06983	1A00:0:3	목록	8C	WITCHYWORLD	
06984	1A00:0:4	목록	8D	2	
06985	1A00:0:5	목록	8E	F184,29	
06986	1A01:0:0	목록	80	WHERE IS THIS SEEN?	
06987	1A01:0:1	목록	8A	ON A POSTER	
06988	1A01:0:2	목록	8B	ON A TENT	
06989	1A01:0:3	목록	8C	ON A SHIP'S SAIL	
06990	1A01:0:4	목록	8D	2	
06991	1A01:0:5	목록	8E	F295,41	
06992	1A02:0:0	목록	80	WHERE IS THIS?	
06993	1A02:0:1	목록	8A	TERRYDACTYLAND	
06994	1A02:0:2	목록	8B	WITCHYWORLD	
06995	1A02:0:3	목록	8C	HAILFIRE PEAKS	
06996	1A02:0:4	목록	8D	3	
06997	1A02:0:5	목록	8E	F295,42	
06998	1A03:0:0	목록	80	WHO WANTS THIS?	
06999	1A03:0:1	목록	8A	BOGGY BEAR	
07000	1A03:0:2	목록	8B	SABREMAN	
07001	1A03:0:3	목록	8C	PENGUIN PETE	
07002	1A03:0:4	목록	8D	1	
07003	1A03:0:5	목록	8E	F295,43	
07004	1A04:0:0	목록	80	WHAT IS BEHIND THE DOOR?	
07005	1A04:0:1	목록	8A	A CODE ROOM	
07006	1A04:0:2	목록	8B	A PRISON	
07007	1A04:0:3	목록	8C	A TRAIN STATION	
07008	1A04:0:4	목록	8D	2	
07009	1A04:0:5	목록	8E	F185,26	
07010	1A05:0:0	목록	80	WHERE IS THIS?	
07011	1A05:0:1	목록	8A	TERRYDACTYLAND	
07012	1A05:0:2	목록	8B	MAYAHEM TEMPLE	
07013	1A05:0:3	목록	8C	SPIRAL MOUNTAIN	
07014	1A05:0:4	목록	8D	3	
07015	1A05:0:5	목록	8E	F175,14	
07016	1A06:0:0	목록	80	WHERE IS THIS?	
07017	1A06:0:1	목록	8A	POT O' GOLD	
07018	1A06:0:2	목록	8B	JIGGYWIGGY'S TEMPLE	
07019	1A06:0:3	목록	8C	JIGSAW VILLAGE	
07020	1A06:0:4	목록	8D	1	
07021	1A06:0:5	목록	8E	F317,7	
07022	1A07:0:0	목록	80	WHERE IS THIS INSIDE?	
07023	1A07:0:1	목록	8A	TRASH CAN	
07024	1A07:0:2	목록	8B	TREASURE CHAMBER	
07025	1A07:0:3	목록	8C	CHEESE WEDGE	
07026	1A07:0:4	목록	8D	3	
07027	1A07:0:5	목록	8E	F312,2	
07028	1A08:0:0	목록	80	WHERE IS THIS IN MAYAHEM TEMPLE?	
07029	1A08:0:1	목록	8A	TREASURE CHAMBER	
07030	1A08:0:2	목록	8B	TARGITZAN'S CHAMBER	
07031	1A08:0:3	목록	8C	CODE ROOM	
07032	1A08:0:4	목록	8D	2	
07033	1A08:0:5	목록	8E	F375,1	
07034	1A09:0:0	목록	80	WHERE WOULD YOU SEE THIS IN MAYAHEM TEMPLE?	
07035	1A09:0:1	목록	8A	TREASURE CHAMBER WALL	
07036	1A09:0:2	목록	8B	TARGITZAN'S CHAMBER CEILING	
07037	1A09:0:3	목록	8C	STADIUM FLOOR	
07038	1A09:0:4	목록	8D	1	
07039	1A09:0:5	목록	8E	F197,6	
07040	1A0A:0:0	목록	80	WHERE IS THIS?	
07041	1A0A:0:1	목록	8A	INSIDE CHOMPA'S BELLY	
07042	1A0A:0:2	목록	8B	INSIDE THE BIG FISH	
07043	1A0A:0:3	목록	8C	INSIDE THE UFO	
07044	1A0A:0:4	목록	8D	1	
07045	1A0A:0:5	목록	8E	F291,22	
07046	1A0B:0:0	목록	80	WHERE DID YOU SEE THIS?	
07047	1A0B:0:1	목록	8A	DODGEM DOME	
07048	1A0B:0:2	목록	8B	ICICLE GROTTO	
07049	1A0B:0:3	목록	8C	INSIDE THE UFO	
07050	1A0B:0:4	목록	8D	3	
07051	1A0B:0:5	목록	8E	F241,13	
07052	1A0C:0:0	목록	80	WHERE WOULD YOU SEE THIS?	
07053	1A0C:0:1	목록	8A	WORKERS' QUARTERS	
07054	1A0C:0:2	목록	8B	JOLLY'S	
07055	1A0C:0:3	목록	8C	BOTTLES' HOUSE	
07056	1A0C:0:4	목록	8D	2	
07057	1A0C:0:5	목록	8E	F237,8	
07058	1A0D:0:0	목록	80	WHERE IS THIS BRIDGE?	
07059	1A0D:0:1	목록	8A	TERRYDACTYLAND	
07060	1A0D:0:2	목록	8B	MAYAHEM TEMPLE	
07061	1A0D:0:3	목록	8C	SPIRAL MOUNTAIN	
07062	1A0D:0:4	목록	8D	2	
07063	1A0D:0:5	목록	8E	F184,32	
07064	1A0E:0:0	목록	80	WHERE WOULD YOU SEE THIS?	
07065	1A0E:0:1	목록	8A	HAILFIRE PEAKS	
07066	1A0E:0:2	목록	8B	ISLE O' HAGS	
07067	1A0E:0:3	목록	8C	MAYAHEM TEMPLE	
07068	1A0E:0:4	목록	8D	3	
07069	1A0E:0:5	목록	8E	F184,33	
07070	1A0F:0:0	목록	80	WHERE WOULD YOU SEE THIS?	
07071	1A0F:0:1	목록	8A	TARGITZAN'S TEMPLE	
07072	1A0F:0:2	목록	8B	CODE ROOM	
07073	1A0F:0:3	목록	8C	GRUNTY INDUSTRIES	
07074	1A0F:0:4	목록	8D	2	
07075	1A0F:0:5	목록	8E	F188,2	
07076	1A10:0:0	목록	80	WHO LIVES HERE?	
07077	1A10:0:1	목록	8A	CANARY MARY	
07078	1A10:0:2	목록	8B	THE PROSPECTOR	
07079	1A10:0:3	목록	8C	GUFFO	
07080	1A10:0:4	목록	8D	2	
07081	1A10:0:5	목록	8E	F216,11	
07082	1A11:0:0	목록	80	HOW MANY BRICKED-UP ARCHWAYS DID YOU SEE?	
07083	1A11:0:1	목록	8A	1	
07084	1A11:0:2	목록	8B	3	
07085	1A11:0:3	목록	8C	2	
07086	1A11:0:4	목록	8D	3	
07087	1A11:0:5	목록	8E	F295,45	
07088	1A12:0:0	목록	80	WHO LIVES HERE?	
07089	1A12:0:1	목록	8A	BOGGY BEAR	
07090	1A12:0:2	목록	8B	BANJO BEAR	
07091	1A12:0:3	목록	8C	BIGGAFOOT THE YETI	
07092	1A12:0:4	목록	8D	1	
07093	1A12:0:5	목록	8E	F305,3	
07094	1A13:0:0	목록	80	WHICH TERRYDACTYLAND TRIBE IS HE FROM?	
07095	1A13:0:1	목록	8A	ROCKNUTS	
07096	1A13:0:2	목록	8B	UNGA BUNGA	
07097	1A13:0:3	목록	8C	OOGLE BOOGLE	
07098	1A13:0:4	목록	8D	2	
07099	1A13:0:5	목록	8E	F281,19	
07100	1A14:0:0	목록	80	WHERE WOULD YOU FIND THIS?	
07101	1A14:0:1	목록	8A	TERRYDACTYLAND	
07102	1A14:0:2	목록	8B	HAILFIRE PEAKS	
07103	1A14:0:3	목록	8C	GLITTER GULCH MINE	
07104	1A14:0:4	목록	8D	1	
07105	1A14:0:5	목록	8E	F274,84	
07106	1A15:0:0	목록	80	WHAT TYPE OF FOOTWEAR ARE THESE?	
07107	1A15:0:1	목록	8A	SPRINGY STEP SHOES	
07108	1A15:0:2	목록	8B	TURBO TRAINERS	
07109	1A15:0:3	목록	8C	NEITHER OF THESE	
07110	1A15:0:4	목록	8D	2	
07111	1A15:0:5	목록	8E	F274,85	
07112	1A16:0:0	목록	80	HOW MANY FRIDGE MAGNETS DID YOU SEE?	
07113	1A16:0:1	목록	8A	4	
07114	1A16:0:2	목록	8B	5	
07115	1A16:0:3	목록	8C	6	
07116	1A16:0:4	목록	8D	2	
07117	1A16:0:5	목록	8E	F259,8	
07118	1A17:0:0	목록	80	WHAT DOES THE PIPELINE CARRY?	
07119	1A17:0:1	목록	8A	TOXIC WASTE	
07120	1A17:0:2	목록	8B	OIL	
07121	1A17:0:3	목록	8C	WATER	
07122	1A17:0:4	목록	8D	3	
07123	1A17:0:5	목록	8E	F273,16	
07124	1A18:0:0	목록	80	HOW MANY DIALS DID YOU SEE IN CHUFFY'S CAB?	
07125	1A18:0:1	목록	8A	6	
07126	1A18:0:2	목록	8B	7	
07127	1A18:0:3	목록	8C	8	
07128	1A18:0:4	목록	8D	1	
07129	1A18:0:5	목록	8E	F208,1	
07130	1A19:0:0	목록	80	WHAT COLOR WAS THE CABLE?	
07131	1A19:0:1	목록	8A	RED	
07132	1A19:0:2	목록	8B	GREEN	
07133	1A19:0:3	목록	8C	BLUE	
07134	1A19:0:4	목록	8D	3	
07135	1A19:0:5	목록	8E	F212,3	
07136	1A1A:0:0	목록	80	WHAT WAS IN THE TALLER BOX?	
07137	1A1A:0:1	목록	8A	SNACKY FATTY CHOCS	
07138	1A1A:0:2	목록	8B	CHOC-O-TREATS	
07139	1A1A:0:3	목록	8C	SALTED SNACK TREATS	
07140	1A1A:0:4	목록	8D	1	
07141	1A1A:0:5	목록	8E	F311,12	
07142	1A1B:0:0	목록	80	WHERE IS THIS IN JOLLY ROGER'S LAGOON?	
07143	1A1B:0:1	목록	8A	SLIME SANCTUM	
07144	1A1B:0:2	목록	8B	SEWER SANCTUM	
07145	1A1B:0:3	목록	8C	SEAWEED SANCTUM	
07146	1A1B:0:4	목록	8D	3	
07147	1A1B:0:5	목록	8E	F247,1	
07148	1A1C:0:0	목록	80	WHAT COLOR IS THE RED BARREL?	
07149	1A1C:0:1	목록	8A	GREY	
07150	1A1C:0:2	목록	8B	BLUE	
07151	1A1C:0:3	목록	8C	RED	
07152	1A1C:0:4	목록	8D	3	
07153	1A1C:0:5	목록	8E	F255,5	
07154	1A1D:0:0	목록	80	WHERE WAS THIS SEASICK PIRATE FOUND?	
07155	1A1D:0:1	목록	8A	JOLLY'S	
07156	1A1D:0:2	목록	8B	DRIVE-THRU MCJOLLY'S 	
07157	1A1D:0:3	목록	8C	JOLLY'S BAR AND BISTRO	
07158	1A1D:0:4	목록	8D	1	
07159	1A1D:0:5	목록	8E	F237,10	
07160	1A1E:0:0	목록	80	WHERE WOULD YOU SEE THESE?	
07161	1A1E:0:1	목록	8A	INSIDE THE CHEESE WEDGE	
07162	1A1E:0:2	목록	8B	INSIDE MUMBO'S SKULL	
07163	1A1E:0:3	목록	8C	INSIDE BANJO'S HOUSE	
07164	1A1E:0:4	목록	8D	2	
07165	1A1E:0:5	목록	8E	F369,1	
07166	1A1F:0:0	목록	80	WHERE IS THIS?	
07167	1A1F:0:1	목록	8A	INSIDE GRUNTY'S LAIR	
07168	1A1F:0:2	목록	8B	INSIDE THE UFO	
07169	1A1F:0:3	목록	8C	INSIDE MUMBO'S SKULL	
07170	1A1F:0:4	목록	8D	3	
07171	1A1F:0:5	목록	8E	F369,2	
07172	1A20:0:0	목록	80	WHAT MONSTER IS THIS A CARVING OF?	
07173	1A20:0:1	목록	8A	CHOMPASAUR	
07174	1A20:0:2	목록	8B	STOMPONADON	
07175	1A20:0:3	목록	8C	TERRY	
07176	1A20:0:4	목록	8D	1	
07177	1A20:0:5	목록	8E	F278,57	
07178	1A21:0:0	목록	80	WHAT WAS WRONG WITH THESE CAVEMEN?	
07179	1A21:0:1	목록	8A	COLD AND WET	
07180	1A21:0:2	목록	8B	COLD AND HUNGRY	
07181	1A21:0:3	목록	8C	BAD BREATH AND HICCUPS	
07182	1A21:0:4	목록	8D	2	
07183	1A21:0:5	목록	8E	F277,29	
07184	1A22:0:0	목록	80	WHO IS THIS?	
07185	1A22:0:1	목록	8A	HARRY	
07186	1A22:0:2	목록	8B	TERRY	
07187	1A22:0:3	목록	8C	LARRY	
07188	1A22:0:4	목록	8D	2	
07189	1A22:0:5	목록	8E	F275,54	
07190	1A23:0:0	목록	80	WHICH TRAIN STATION IS THIS?	
07191	1A23:0:1	목록	8A	TERRYDACTYLAND	
07192	1A23:0:2	목록	8B	WITCHYWORLD	
07193	1A23:0:3	목록	8C	ISLE O' HAGS	
07194	1A23:0:4	목록	8D	1	
07195	1A23:0:5	목록	8E	F276,17	
07196	1A24:0:0	목록	80	WHAT WAS CONGA NOT WEARING?	
07197	1A24:0:1	목록	8A	A HAT	
07198	1A24:0:2	목록	8B	A PAIR OF BOOTS	
07199	1A24:0:3	목록	8C	A BOW TIE	
07200	1A24:0:4	목록	8D	3	
07201	1A24:0:5	목록	8E	F249,53	
07202	1A25:0:0	목록	80	IS THIS A...	
07203	1A25:0:1	목록	8A	PUMP MAESTRO 2	
07204	1A25:0:2	목록	8B	PUMP MASTER 2	
07205	1A25:0:3	목록	8C	PUMPER MASTER 2	
07206	1A25:0:4	목록	8D	2	
07207	1A25:0:5	목록	8E	F227,3	
07208	1A26:0:0	목록	80	WHERE IS THIS?	
07209	1A26:0:1	목록	8A	CLOUD CUCKOOLAND	
07210	1A26:0:2	목록	8B	WITCHYWORLD	
07211	1A26:0:3	목록	8C	ISLE O' HAGS	
07212	1A26:0:4	목록	8D	2	
07213	1A26:0:5	목록	8E	F214,177	
07214	1A27:0:0	목록	80	HOW MANY FEATHERS ARE THERE ON MUMBO'S SKULL?	
07215	1A27:0:1	목록	8A	3	
07216	1A27:0:2	목록	8B	4	
07217	1A27:0:3	목록	8C	2	
07218	1A27:0:4	목록	8D	1	
07219	1A27:0:5	목록	8E	F231,11	
07220	1A28:0:0	목록	80	WHAT COLOR WERE THE THREE MONSTER HEADS?	
07221	1A28:0:1	목록	8A	RED, GREEN AND PURPLE	
07222	1A28:0:2	목록	8B	BLUE, RED AND YELLOW	
07223	1A28:0:3	목록	8C	GREEN, BLUE AND RED	
07224	1A28:0:4	목록	8D	3	
07225	1A28:0:5	목록	8E	F234,12	
07226	1A29:0:0	목록	80	HOW MANY OF THE CRATES WERE OPEN?	
07227	1A29:0:1	목록	8A	ALL OF THEM	
07228	1A29:0:2	목록	8B	SOME OF THEM	
07229	1A29:0:3	목록	8C	NONE OF THEM	
07230	1A29:0:4	목록	8D	3	
07231	1A29:0:5	목록	8E	F219,3	
07232	1A2A:0:0	목록	80	WHERE DO THESE DOORS LEAD TO?	
07233	1A2A:0:1	목록	8A	KICKBALL GAMES	
07234	1A2A:0:2	목록	8B	STAR SPINNER CHALLENGE	
07235	1A2A:0:3	목록	8C	DODGEM GAMES	
07236	1A2A:0:4	목록	8D	3	
07237	1A2A:0:5	목록	8E	F221,9	
07238	1A2B:0:0	목록	80	HOW MANY BARRELS WERE THERE?	
07239	1A2B:0:1	목록	8A	8	
07240	1A2B:0:2	목록	8B	9	
07241	1A2B:0:3	목록	8C	7	
07242	1A2B:0:4	목록	8D	1	
07243	1A2B:0:5	목록	8E	F202,19	
07244	1A2C:0:0	목록	80	WHAT WAS WRONG WITH THIS DINOSAUR'S CHILDREN?	
07245	1A2C:0:1	목록	8A	SMALL, HUNGRY AND SICK	
07246	1A2C:0:2	목록	8B	SICK, SMALL AND MISSING	
07247	1A2C:0:3	목록	8C	DEAF, SICK AND DIM	
07248	1A2C:0:4	목록	8D	2	
07249	1A2C:0:5	목록	8E	F280,27	
07250	1A2D:0:0	목록	80	WHAT IS THE NAME OF THIS INNKEEPER?	
07251	1A2D:0:1	목록	8A	JOLLY JADE	
07252	1A2D:0:2	목록	8B	JOLLY JIMMY	
07253	1A2D:0:3	목록	8C	JOLLY ROGER	
07254	1A2D:0:4	목록	8D	3	
07255	1A2D:0:5	목록	8E	F237,11	
07256	1A2E:0:0	목록	80	WHERE IS THIS?	
07257	1A2E:0:1	목록	8A	JOLLY'S	
07258	1A2E:0:2	목록	8B	BLUBBER'S WAVERACER HIRE	
07259	1A2E:0:3	목록	8C	PAWNO'S EMPORIUM	
07260	1A2E:0:4	목록	8D	3	
07261	1A2E:0:5	목록	8E	F238,11	
07262	1A2F:0:0	목록	80	WHO LURKS IN HERE?	
07263	1A2F:0:1	목록	8A	SCREWAR	
07264	1A2F:0:2	목록	8B	WELDAR	
07265	1A2F:0:3	목록	8C	SPANNAR	
07266	1A2F:0:4	목록	8D	2	
07267	1A2F:0:5	목록	8E	F272,67	
07268	1A30:0:0	목록	80	WHAT DOES THIS SWITCH DO?	
07269	1A30:0:1	목록	8A	OPENS THE COLOSSEUM	
07270	1A30:0:2	목록	8B	RAISES THE COLUMNS	
07271	1A30:0:3	목록	8C	KNOCKS THE ARCH DOWN	
07272	1A30:0:4	목록	8D	2	
07273	1A30:0:5	목록	8E	F301,10	
07274	1A31:0:0	목록	80	WHERE WOULD YOU SEE THIS RUG?	
07275	1A31:0:1	목록	8A	MUMBO'S SKULL	
07276	1A31:0:2	목록	8B	UNGA BUNGA CAVE	
07277	1A31:0:3	목록	8C	WUMBA'S WIGWAM	
07278	1A31:0:4	목록	8D	3	
07279	1A31:0:5	목록	8E	F182,15	
07280	1A32:0:0	목록	80	HOW MANY COINS WITH JIGGIES ON THEM WERE THERE?	
07281	1A32:0:1	목록	8A	MORE THAN 5	
07282	1A32:0:2	목록	8B	5	
07283	1A32:0:3	목록	8C	LESS THAN 5	
07284	1A32:0:4	목록	8D	1	
07285	1A32:0:5	목록	8E	F310,70	
07286	1A33:0:0	목록	80	WHERE WILL YOU FIND THIS TV?	
07287	1A33:0:1	목록	8A	CLOUD CUCKOOLAND	
07288	1A33:0:2	목록	8B	BANJO'S HOUSE	
07289	1A33:0:3	목록	8C	BOGGY'S IGLOO	
07290	1A33:0:4	목록	8D	3	
07291	1A33:0:5	목록	8E	F305,1	
07292	1A34:0:0	목록	80	HOW MANY SMALL FANS DID YOU SEE?	
07293	1A34:0:1	목록	8A	4	
07294	1A34:0:2	목록	8B	6	
07295	1A34:0:3	목록	8C	5	
07296	1A34:0:4	목록	8D	2	
07297	1A34:0:5	목록	8E	F271,10	
07298	1A35:0:0	목록	80	WHAT COLORS WERE THE PROPELLER TIPS?	
07299	1A35:0:1	목록	8A	WHITE	
07300	1A35:0:2	목록	8B	GREEN AND RED	
07301	1A35:0:3	목록	8C	YELLOW	
07302	1A35:0:4	목록	8D	3	
07303	1A35:0:5	목록	8E	F271,10	
07304	1A36:0:0	목록	80	HOW MANY BLADES DID THE BIG FAN HAVE?	
07305	1A36:0:1	목록	8A	3	
07306	1A36:0:2	목록	8B	4	
07307	1A36:0:3	목록	8C	5	
07308	1A36:0:4	목록	8D	2	
07309	1A36:0:5	목록	8E	F271,10	
07310	1A37:0:0	목록	80	WHICH DIAL IS IN THE RED?	
07311	1A37:0:1	목록	8A	THE LEFT ONE	
07312	1A37:0:2	목록	8B	THE RIGHT ONE	
07313	1A37:0:3	목록	8C	NEITHER OF THEM	
07314	1A37:0:4	목록	8D	2	
07315	1A37:0:5	목록	8E	F265,7	
07316	1A38:0:0	목록	80	PUT THE COLORS IN ORDER FROM BOTTOM TO TOP?	
07317	1A38:0:1	목록	8A	GREEN, YELLOW AND PURPLE	
07318	1A38:0:2	목록	8B	PURPLE, GREEN AND YELLOW	
07319	1A38:0:3	목록	8C	YELLOW, PURPLE AND GREEN	
07320	1A38:0:4	목록	8D	2	
07321	1A38:0:5	목록	8E	F261,1	
07322	1A39:0:0	목록	80	HOW MANY BOXES DID YOU SEE?	
07323	1A39:0:1	목록	8A	22	
07324	1A39:0:2	목록	8B	27	
07325	1A39:0:3	목록	8C	MORE	
07326	1A39:0:4	목록	8D	3	
07327	1A39:0:5	목록	8E	F264,8	
07328	1A3A:0:0	목록	80	WHAT WAS WRITTEN ON THE SIGN?	
07329	1A3A:0:1	목록	8A	MINE ENTRANCE	
07330	1A3A:0:2	목록	8B	DO NOT ENTER	
07331	1A3A:0:3	목록	8C	MINE ENTRY 2	
07332	1A3A:0:4	목록	8D	3	
07333	1A3A:0:5	목록	8E	F199,72	
07334	1A3B:0:0	목록	80	WHAT SHAPE WERE THE ORANGE PARTS OF THE WIGWAM?	
07335	1A3B:0:1	목록	8A	OBLONGS	
07336	1A3B:0:2	목록	8B	TRIANGLES	
07337	1A3B:0:3	목록	8C	DIAMONDS	
07338	1A3B:0:4	목록	8D	2	
07339	1A3B:0:5	목록	8E	F199,73	
07340	1A3C:0:0	목록	80	WHAT COLOR IS THE MOLE'S HAT?	
07341	1A3C:0:1	목록	8A	YELLOW	
07342	1A3C:0:2	목록	8B	GREEN	
07343	1A3C:0:3	목록	8C	CYAN	
07344	1A3C:0:4	목록	8D	1	
07345	1A3C:0:5	목록	8E	F185,23	
07346	1A3D:0:0	목록	80	WHAT IS THIS?	
07347	1A3D:0:1	목록	8A	THE EDGE OF BUBBLE GLOOP SWAMP	
07348	1A3D:0:2	목록	8B	THE CEILING OF THE TREASURE CHAMBER	
07349	1A3D:0:3	목록	8C	THE FLOOR OF SEAWEED SANCTUM	
07350	1A3D:0:4	목록	8D	2	
07351	1A3D:0:5	목록	8E	F197,13	
07352	1A3E:0:0	목록	80	HOW MANY BROWN FLOOR SLABS WERE THERE?	
07353	1A3E:0:1	목록	8A	7	
07354	1A3E:0:2	목록	8B	4	
07355	1A3E:0:3	목록	8C	5	
07356	1A3E:0:4	목록	8D	1	
07357	1A3E:0:5	목록	8E	F376,5	
07358	1A3F:0:0	목록	80	HOW MANY BOOKS DID YOU SEE?	
07359	1A3F:0:1	목록	8A	AROUND 162	
07360	1A3F:0:2	목록	8B	AROUND 108	
07361	1A3F:0:3	목록	8C	AROUND 135	
07362	1A3F:0:4	목록	8D	3	
07363	1A3F:0:5	목록	8E	F323,7	
07364	1A40:0:0	목록	80	WHAT IS THIS STRUCTURE?	
07365	1A40:0:1	목록	8A	WELDAR'S HOME	
07366	1A40:0:2	목록	8B	DODGEM DOME	
07367	1A40:0:3	목록	8C	STAR SPINNER GAME	
07368	1A40:0:4	목록	8D	2	
07369	1A40:0:5	목록	8E	F214,178	
07370	1A41:0:0	목록	80	HOW MANY SQUARE CRATES WERE THERE?	
07371	1A41:0:1	목록	8A	2	
07372	1A41:0:2	목록	8B	4	
07373	1A41:0:3	목록	8C	3	
07374	1A41:0:4	목록	8D	3	
07375	1A41:0:5	목록	8E	F215,25	
07376	1A42:0:0	목록	80	WHERE DO YOU FIRST MEET THE PROSPECTOR'S PARTNER?	
07377	1A42:0:1	목록	8A	IN SPIRAL MOUNTAIN	
07378	1A42:0:2	목록	8B	IN JINJO VILLAGE	
07379	1A42:0:3	목록	8C	IN PRISON	
07380	1A42:0:4	목록	8D	3	
07381	1A42:0:5	목록	8E	F216,7	
07382	1A43:0:0	목록	80	WHERE WAS THAT?	
07383	1A43:0:1	목록	8A	INSIDE CHOMPA'S BELLY	
07384	1A43:0:2	목록	8B	INSIDE GRUNTY'S GUT	
07385	1A43:0:3	목록	8C	INSIDE THE BIG FISH	
07386	1A43:0:4	목록	8D	3	
07387	1A43:0:5	목록	8E	F248,3	
07388	1A44:0:0	목록	80	WHAT WASN'T IN THIS ROOM?	
07389	1A44:0:1	목록	8A	A GAME BOY CAMERA	
07390	1A44:0:2	목록	8B	SOME DOUBLOONS	
07391	1A44:0:3	목록	8C	FISH	
07392	1A44:0:4	목록	8D	2	
07393	1A44:0:5	목록	8E	F250,9	
07394	1A45:0:0	목록	80	WHICH OF THESE SIGNS IS CORRECT?	
07395	1A45:0:1	목록	8A	WEIRD BEARDED CAMEL	
07396	1A45:0:2	목록	8B	ANCIENT KILLER ALIEN	
07397	1A45:0:3	목록	8C	MIGHTY EVIL DINOSAUR	
07398	1A45:0:4	목록	8D	3	
07399	1A45:0:5	목록	8E	F234,14	
07400	1A46:0:0	목록	80	WHAT WAS ACTUALLY IN THE 'WEIRD KILLER ALIEN' CAGE?	
07401	1A46:0:1	목록	8A	A JINJO	
07402	1A46:0:2	목록	8B	AN ALIEN FROM THE UFO	
07403	1A46:0:3	목록	8C	MUMBO JUMBO	
07404	1A46:0:4	목록	8D	1	
07405	1A46:0:5	목록	8E	F234,14	
07406	1A47:0:0	목록	80	HOW MANY DINO FOOTPRINTS DID YOU SEE?	
07407	1A47:0:1	목록	8A	3	
07408	1A47:0:2	목록	8B	4	
07409	1A47:0:3	목록	8C	5	
07410	1A47:0:4	목록	8D	2	
07411	1A47:0:5	목록	8E	F282,15	
07412	1A48:0:0	목록	80	WHAT WAS THE NAME OF THAT TERRYDACTYLAND AREA?	
07413	1A48:0:1	목록	8A	WATERFALL PASSAGE	
07414	1A48:0:2	목록	8B	RIVER PASSAGE	
07415	1A48:0:3	목록	8C	BACK PASSAGE	
07416	1A48:0:4	목록	8D	2	
07417	1A48:0:5	목록	8E	F279,1	
07418	1A49:0:0	목록	80	WHO IS THAT?	
07419	1A49:0:1	목록	8A	MR. PANTS	
07420	1A49:0:2	목록	8B	MR. SHORTS	
07421	1A49:0:3	목록	8C	MR. Y'S	
07422	1A49:0:4	목록	8D	1	
07423	1A49:0:5	목록	8E	F305,2	
07424	1A4A:0:0	목록	80	WHO LIVES IN THIS TENT IN HAILFIRE PEAKS?	
07425	1A4A:0:1	목록	8A	CLUBMAN	
07426	1A4A:0:2	목록	8B	MACHETEMAN	
07427	1A4A:0:3	목록	8C	SABREMAN	
07428	1A4A:0:4	목록	8D	3	
07429	1A4A:0:5	목록	8E	F295,41	
07430	1A4B:0:0	목록	80	WHAT WAS TO THE LEFT OF THE MOON?	
07431	1A4B:0:1	목록	8A	STAR	
07432	1A4B:0:2	목록	8B	SUN	
07433	1A4B:0:3	목록	8C	PLANET	
07434	1A4B:0:4	목록	8D	1	
07435	1A4B:0:5	목록	8E	F185,26	
07436	1A4C:0:0	목록	80	HOW MANY RAYS DID THE SUN HAVE?	
07437	1A4C:0:1	목록	8A	6	
07438	1A4C:0:2	목록	8B	8	
07439	1A4C:0:3	목록	8C	10	
07440	1A4C:0:4	목록	8D	2	
07441	1A4C:0:5	목록	8E	F185,26	
07442	1A4D:0:0	목록	80	WHAT DIDN'T YOU SEE?	
07443	1A4D:0:1	목록	8A	A WHITE MOON	
07444	1A4D:0:2	목록	8B	AN ORANGE SUN 	
07445	1A4D:0:3	목록	8C	A SILVER STAR	
07446	1A4D:0:4	목록	8D	3	
07447	1A4D:0:5	목록	8E	F185,26	
07448	1A4E:0:0	목록	80	HOW MANY JIGGIES DID YOU SEE?	
07449	1A4E:0:1	목록	8A	9	
07450	1A4E:0:2	목록	8B	8	
07451	1A4E:0:3	목록	8C	10	
07452	1A4E:0:4	목록	8D	1	
07453	1A4E:0:5	목록	8E	F317,7	
07454	1A4F:0:0	목록	80	WHAT APPEARS IN HERE?	
07455	1A4F:0:1	목록	8A	TWINKLIES	
07456	1A4F:0:2	목록	8B	ULCERS	
07457	1A4F:0:3	목록	8C	CLINKERS	
07458	1A4F:0:4	목록	8D	2	
07459	1A4F:0:5	목록	8E	F291,22	
07460	1A50:0:0	목록	80	WHAT COST 4 DOUBLOONS?	
07461	1A50:0:1	목록	8A	SEAMAN'S SURPRISE	
07462	1A50:0:2	목록	8B	COQ AU VIN	
07463	1A50:0:3	목록	8C	TOAD IN THE HOLE	
07464	1A50:0:4	목록	8D	3	
07465	1A50:0:5	목록	8E	F237,8	
07466	1A51:0:0	목록	80	HOW MANY DOUBLOONS WOULD IT COST FOR ALL THREE MEALS?	
07467	1A51:0:1	목록	8A	12	
07468	1A51:0:2	목록	8B	11	
07469	1A51:0:3	목록	8C	13	
07470	1A51:0:4	목록	8D	1	
07471	1A51:0:5	목록	8E	F237,8	
07472	1A52:0:0	목록	80	WHICH CHARACTER WASN'T SEEN IN JOLLY'S?	
07473	1A52:0:1	목록	8A	JAMJARS	
07474	1A52:0:2	목록	8B	CAPTAIN BLUBBER	
07475	1A52:0:3	목록	8C	MERRY MAGGIE	
07476	1A52:0:4	목록	8D	2	
07477	1A52:0:5	목록	8E	F237,12	
07478	1A53:0:0	목록	80	HOW MANY PLANKS DID YOU SEE?	
07479	1A53:0:1	목록	8A	9	
07480	1A53:0:2	목록	8B	7	
07481	1A53:0:3	목록	8C	8	
07482	1A53:0:4	목록	8D	3	
07483	1A53:0:5	목록	8E	F184,32	
07484	1A54:0:0	목록	80	WHAT WAS THIS STATUE'S NAME?	
07485	1A54:0:1	목록	8A	DIDN'T HAVE ONE	
07486	1A54:0:2	목록	8B	TARGITZAN	
07487	1A54:0:3	목록	8C	JIGGYWIGGY	
07488	1A54:0:4	목록	8D	1	
07489	1A54:0:5	목록	8E	F184,33	
07490	1A55:0:0	목록	80	WHAT DID THIS STATUE DO?	
07491	1A55:0:1	목록	8A	CONCEALED A SWITCH	
07492	1A55:0:2	목록	8B	HELD A JIGGY	
07493	1A55:0:3	목록	8C	FIRED DARTS	
07494	1A55:0:4	목록	8D	2	
07495	1A55:0:5	목록	8E	F184,33	
07496	1A56:0:0	목록	80	WHAT LETTER WAS TO THE LEFT OF 'P'?	
07497	1A56:0:1	목록	8A	M	
07498	1A56:0:2	목록	8B	G	
07499	1A56:0:3	목록	8C	NONE OF THEM	
07500	1A56:0:4	목록	8D	3	
07501	1A56:0:5	목록	8E	F188,2	
07502	1A57:0:0	목록	80	WHICH ROW OF LETTERS READ 'JUXKHY'?	
07503	1A57:0:1	목록	8A	MIDDLE ONE	
07504	1A57:0:2	목록	8B	TOP ONE	
07505	1A57:0:3	목록	8C	NONE OF THEM	
07506	1A57:0:4	목록	8D	1	
07507	1A57:0:5	목록	8E	F188,2	
07508	1A58:0:0	목록	80	HOW MANY LETTERS DID YOU SEE?	
07509	1A58:0:1	목록	8A	30	
07510	1A58:0:2	목록	8B	26	
07511	1A58:0:3	목록	8C	22	
07512	1A58:0:4	목록	8D	2	
07513	1A58:0:5	목록	8E	F188,2	
07514	1A59:0:0	목록	80	WHAT WERE THE LETTERS ON THE BOTTOM ROW?	
07515	1A59:0:1	목록	8A	DNOW	
07516	1A59:0:2	목록	8B	ZOTW	
07517	1A59:0:3	목록	8C	ZDOW	
07518	1A59:0:4	목록	8D	3	
07519	1A59:0:5	목록	8E	F188,2	
07520	1A5A:0:0	목록	80	WHERE WAS THE 'Q'?	
07521	1A5A:0:1	목록	8A	SECOND ROW DOWN	
07522	1A5A:0:2	목록	8B	MIDDLE ROW	
07523	1A5A:0:3	목록	8C	FOURTH ROW DOWN	
07524	1A5A:0:4	목록	8D	1	
07525	1A5A:0:5	목록	8E	F188,2	
07526	1A5B:0:0	목록	80	WHAT COLOR WAS THE GRAMOPHONE RECORD LABEL?	
07527	1A5B:0:1	목록	8A	RED	
07528	1A5B:0:2	목록	8B	BLUE	
07529	1A5B:0:3	목록	8C	GREEN	
07530	1A5B:0:4	목록	8D	2	
07531	1A5B:0:5	목록	8E	F216,11	
07532	1A5C:0:0	목록	80	HOW MANY BOXES OF BEANS WERE THERE?	
07533	1A5C:0:1	목록	8A	2	
07534	1A5C:0:2	목록	8B	4	
07535	1A5C:0:3	목록	8C	3	
07536	1A5C:0:4	목록	8D	3	
07537	1A5C:0:5	목록	8E	F216,11	
07538	1A5D:0:0	목록	80	WHAT COLOR WAS THE RAT'S HELMET ON THE PICTURE?	
07539	1A5D:0:1	목록	8A	YELLOW	
07540	1A5D:0:2	목록	8B	PINK	
07541	1A5D:0:3	목록	8C	ORANGE	
07542	1A5D:0:4	목록	8D	1	
07543	1A5D:0:5	목록	8E	F216,11	
07544	1A5E:0:0	목록	80	WHAT WAS THE BACKGROUND COLOR ON THE PICTURE?	
07545	1A5E:0:1	목록	8A	GREY	
07546	1A5E:0:2	목록	8B	PURPLE	
07547	1A5E:0:3	목록	8C	BLUE	
07548	1A5E:0:4	목록	8D	2	
07549	1A5E:0:5	목록	8E	F216,11	
07550	1A5F:0:0	목록	80	WHERE WOULD YOU SEE THIS BUILDING?	
07551	1A5F:0:1	목록	8A	JOLLY ROGER'S LAGOON	
07552	1A5F:0:2	목록	8B	MAYAHEM TEMPLE	
07553	1A5F:0:3	목록	8C	HAILFIRE PEAKS	
07554	1A5F:0:4	목록	8D	3	
07555	1A5F:0:5	목록	8E	F295,45	
07556	1A60:0:0	목록	80	HOW MANY ARCHES WERE NOT BLOCKED?	
07557	1A60:0:1	목록	8A	HALF OF THEM	
07558	1A60:0:2	목록	8B	MOST OF THEM	
07559	1A60:0:3	목록	8C	TWO OF THEM	
07560	1A60:0:4	목록	8D	1	
07561	1A60:0:5	목록	8E	F295,45	
07562	1A61:0:0	목록	80	WHAT WERE ON THE BEDSIDE TABLES?	
07563	1A61:0:1	목록	8A	BOOKS	
07564	1A61:0:2	목록	8B	LAMPS	
07565	1A61:0:3	목록	8C	CLOTHES	
07566	1A61:0:4	목록	8D	2	
07567	1A61:0:5	목록	8E	F305,3	
07568	1A62:0:0	목록	80	WHAT WAS ON THE PICTURE ON THE WALL?	
07569	1A62:0:1	목록	8A	BOGGY'S KIDS	
07570	1A62:0:2	목록	8B	BOGGY'S IGLOO	
07571	1A62:0:3	목록	8C	A SNOWMAN	
07572	1A62:0:4	목록	8D	3	
07573	1A62:0:5	목록	8E	F305,3	
07574	1A63:0:0	목록	80	WHAT COLOR WAS THE DUVET NEAREST THE CAMERA?	
07575	1A63:0:1	목록	8A	RED AND BLUE	
07576	1A63:0:2	목록	8B	ORANGE AND RED	
07577	1A63:0:3	목록	8C	RED AND WHITE	
07578	1A63:0:4	목록	8D	1	
07579	1A63:0:5	목록	8E	F305,3	
07580	1A64:0:0	목록	80	WHAT SHAPE WAS THE RUG ON THE FLOOR?	
07581	1A64:0:1	목록	8A	SQUARE	
07582	1A64:0:2	목록	8B	CIRCULAR	
07583	1A64:0:3	목록	8C	THERE WAS NO RUG	
07584	1A64:0:4	목록	8D	2	
07585	1A64:0:5	목록	8E	F305,3	
07586	1A65:0:0	목록	80	HOW MANY PEOPLE LIVE HERE?	
07587	1A65:0:1	목록	8A	1	
07588	1A65:0:2	목록	8B	3	
07589	1A65:0:3	목록	8C	5	
07590	1A65:0:4	목록	8D	3	
07591	1A65:0:5	목록	8E	F305,3	
07592	1A66:0:0	목록	80	HOW MANY BEDS WERE IN HERE?	
07593	1A66:0:1	목록	8A	4	
07594	1A66:0:2	목록	8B	3	
07595	1A66:0:3	목록	8C	5	
07596	1A66:0:4	목록	8D	1	
07597	1A66:0:5	목록	8E	F305,3	
07598	1A67:0:0	목록	80	HOW MANY TEETH DID THE CAVEMAN HAVE?	
07599	1A67:0:1	목록	8A	2	
07600	1A67:0:2	목록	8B	3	
07601	1A67:0:3	목록	8C	NONE	
07602	1A67:0:4	목록	8D	2	
07603	1A67:0:5	목록	8E	F281,19	
07604	1A68:0:0	목록	80	HOW MANY RIBS DID THE FOSSIL HAVE?	
07605	1A68:0:1	목록	8A	8	
07606	1A68:0:2	목록	8B	5	
07607	1A68:0:3	목록	8C	7	
07608	1A68:0:4	목록	8D	3	
07609	1A68:0:5	목록	8E	F274,84	
07610	1A69:0:0	목록	80	HOW MANY LACE HOLES ON THAT PAIR OF SHOES?	
07611	1A69:0:1	목록	8A	12	
07612	1A69:0:2	목록	8B	8	
07613	1A69:0:3	목록	8C	16	
07614	1A69:0:4	목록	8D	1	
07615	1A69:0:5	목록	8E	F274,85	
07616	1A6A:0:0	목록	80	WHERE WOULD YOU SEE THIS FRIDGE?	
07617	1A6A:0:1	목록	8A	BOTTLES' HOUSE	
07618	1A6A:0:2	목록	8B	GRUNTY INDUSTRIES	
07619	1A6A:0:3	목록	8C	PROSPECTOR'S HUT	
07620	1A6A:0:4	목록	8D	2	
07621	1A6A:0:5	목록	8E	F259,8	
07622	1A6B:0:0	목록	80	WHICH FRIDGE MAGNET WAS FARTHEST RIGHT?	
07623	1A6B:0:1	목록	8A	BANJO-TOOIE LOGO	
07624	1A6B:0:2	목록	8B	PERFECT DARK LOGO	
07625	1A6B:0:3	목록	8C	JET FORCE GEMINI LOGO	
07626	1A6B:0:4	목록	8D	3	
07627	1A6B:0:5	목록	8E	F259,8	
07628	1A6C:0:0	목록	80	HOW MANY LETTERS ON THE SIGN?	
07629	1A6C:0:1	목록	8A	30	
07630	1A6C:0:2	목록	8B	25	
07631	1A6C:0:3	목록	8C	35	
07632	1A6C:0:4	목록	8D	1	
07633	1A6C:0:5	목록	8E	F273,16	
07634	1A6D:0:0	목록	80	WHERE IS THIS PIPELINE FOUND?	
07635	1A6D:0:1	목록	8A	GLITTER GULCH MINE	
07636	1A6D:0:2	목록	8B	GRUNTY INDUSTRIES	
07637	1A6D:0:3	목록	8C	JOLLY ROGER'S LAGOON	
07638	1A6D:0:4	목록	8D	2	
07639	1A6D:0:5	목록	8E	F273,16	
07640	1A6E:0:0	목록	80	WHERE IS THIS?	
07641	1A6E:0:1	목록	8A	CRAZY CASTLE PUMP ROOM	
07642	1A6E:0:2	목록	8B	BOILER PLANT	
07643	1A6E:0:3	목록	8C	CHUFFY'S CAB	
07644	1A6E:0:4	목록	8D	3	
07645	1A6E:0:5	목록	8E	F208,1	
07646	1A6F:0:0	목록	80	WINDOWS PLUS RED HANDLES - HOW MANY?	
07647	1A6F:0:1	목록	8A	6	
07648	1A6F:0:2	목록	8B	4	
07649	1A6F:0:3	목록	8C	5	
07650	1A6F:0:4	목록	8D	1	
07651	1A6F:0:5	목록	8E	F208,1	
07652	1A70:0:0	목록	80	HOW MANY RUNGS ARE ON THE LADDER?	
07653	1A70:0:1	목록	8A	6	
07654	1A70:0:2	목록	8B	8	
07655	1A70:0:3	목록	8C	10	
07656	1A70:0:4	목록	8D	2	
07657	1A70:0:5	목록	8E	F212,3	
07658	1A71:0:0	목록	80	WHAT BRAND IS THE SALTED SNACK TREATS?	
07659	1A71:0:1	목록	8A	YUK	
07660	1A71:0:2	목록	8B	KAK	
07661	1A71:0:3	목록	8C	TAT	
07662	1A71:0:4	목록	8D	3	
07663	1A71:0:5	목록	8E	F311,12	
07664	1A72:0:0	목록	80	THIS AREA IS FOUND ON WHICH WORLD?	
07665	1A72:0:1	목록	8A	CLOUD CUCKOOLAND	
07666	1A72:0:2	목록	8B	GRUNTY INDUSTRIES	
07667	1A72:0:3	목록	8C	WITCHYWORLD	
07668	1A72:0:4	목록	8D	1	
07669	1A72:0:5	목록	8E	F311,12	
07670	1A73:0:0	목록	80	BARRELS PLUS WAVERACERS - HOW MANY?	
07671	1A73:0:1	목록	8A	4	
07672	1A73:0:2	목록	8B	5	
07673	1A73:0:3	목록	8C	6	
07674	1A73:0:4	목록	8D	2	
07675	1A73:0:5	목록	8E	F255,5	
07676	1A74:0:0	목록	80	WHO RAN THIS SHOP IN JOLLY ROGER'S LAGOON?	
07677	1A74:0:1	목록	8A	ROGER THE CABIN BOY	
07678	1A74:0:2	목록	8B	REAR ADMIRAL BROWNEYE	
07679	1A74:0:3	목록	8C	CAPTAIN BLUBBER	
07680	1A74:0:4	목록	8D	3	
07681	1A74:0:5	목록	8E	F255,5	
07682	1A75:0:0	목록	80	WHAT WAS THE COLOR OF THE PIRATE'S NECKTIE?	
07683	1A75:0:1	목록	8A	YELLOW	
07684	1A75:0:2	목록	8B	RED	
07685	1A75:0:3	목록	8C	WHITE	
07686	1A75:0:4	목록	8D	1	
07687	1A75:0:5	목록	8E	F237,10	
07688	1A76:0:0	목록	80	HOW MANY BONES WERE THERE?	
07689	1A76:0:1	목록	8A	10	
07690	1A76:0:2	목록	8B	8	
07691	1A76:0:3	목록	8C	6	
07692	1A76:0:4	목록	8D	2	
07693	1A76:0:5	목록	8E	F276,17	
07694	1A77:0:0	목록	80	WHO IS NOT SEEN IN WITCHYWORLD'S BIG TOP TENT?	
07695	1A77:0:1	목록	8A	CONGA	
07696	1A77:0:2	목록	8B	MR. PATCH	
07697	1A77:0:3	목록	8C	BOGGY'S KIDS	
07698	1A77:0:4	목록	8D	3	
07699	1A77:0:5	목록	8E	F249,53	
07700	1A78:0:0	목록	80	WHAT COLOR WERE THE FLASHING LIGHTS?	
07701	1A78:0:1	목록	8A	RED, GREEN AND YELLOW	
07702	1A78:0:2	목록	8B	RED, BLUE AND YELLOW	
07703	1A78:0:3	목록	8C	BLUE, GREEN AND YELLOW	
07704	1A78:0:4	목록	8D	1	
07705	1A78:0:5	목록	8E	F227,3	
07706	1A79:0:0	목록	80	HOW MANY FLASHING LIGHTS WERE THERE ON THE FENCE?	
07707	1A79:0:1	목록	8A	8	
07708	1A79:0:2	목록	8B	10	
07709	1A79:0:3	목록	8C	9	
07710	1A79:0:4	목록	8D	2	
07711	1A79:0:5	목록	8E	F214,177	
07712	1A7A:0:0	목록	80	HOW MANY MOONS WERE THERE ON THE TENT?	
07713	1A7A:0:1	목록	8A	2	
07714	1A7A:0:2	목록	8B	4	
07715	1A7A:0:3	목록	8C	3	
07716	1A7A:0:4	목록	8D	3	
07717	1A7A:0:5	목록	8E	F214,177	
07718	1A7B:0:0	목록	80	WHO TOLD YOUR FORTUNE IN WITCHYWORLD?	
07719	1A7B:0:1	목록	8A	MADAME GRUNTY	
07720	1A7B:0:2	목록	8B	GYPSY GRABCASH	
07721	1A7B:0:3	목록	8C	THE MISTRESS OF FORTUNE	
07722	1A7B:0:4	목록	8D	1	
07723	1A7B:0:5	목록	8E	F214,177	
07724	1A7C:0:0	목록	80	WHICH MONSTER HAD DIFFERENT-COLORED EYES THAN THE OTHER TWO?	
07725	1A7C:0:1	목록	8A	THE RED ONE	
07726	1A7C:0:2	목록	8B	THE GREEN ONE	
07727	1A7C:0:3	목록	8C	THE BLUE ONE	
07728	1A7C:0:4	목록	8D	2	
07729	1A7C:0:5	목록	8E	F234,12	
07730	1A7D:0:0	목록	80	WHICH MONSTER HAD NO TEETH?	
07731	1A7D:0:1	목록	8A	THE RED ONE	
07732	1A7D:0:2	목록	8B	THE GREEN ONE	
07733	1A7D:0:3	목록	8C	THE BLUE ONE	
07734	1A7D:0:4	목록	8D	3	
07735	1A7D:0:5	목록	8E	F234,12	
07736	1A7E:0:0	목록	80	WHERE WOULD YOU SEE THESE IN WITCHYWORLD?	
07737	1A7E:0:1	목록	8A	CAVE OF HORRORS	
07738	1A7E:0:2	목록	8B	THE HAUNTED CAVERN	
07739	1A7E:0:3	목록	8C	MONSTER'S LAIR	
07740	1A7E:0:4	목록	8D	1	
07741	1A7E:0:5	목록	8E	F234,12	
07742	1A7F:0:0	목록	80	HOW MANY GLOWING WHITE LIGHTS WERE THERE ON THE FLOOR?	
07743	1A7F:0:1	목록	8A	8	
07744	1A7F:0:2	목록	8B	9	
07745	1A7F:0:3	목록	8C	7	
07746	1A7F:0:4	목록	8D	2	
07747	1A7F:0:5	목록	8E	F221,9	
07748	1A80:0:0	목록	80	WHICH DOOR HAD A YELLOW LIGHT AROUND IT?	
07749	1A80:0:1	목록	8A	THE ONE RIGHT ON THE LEFT	
07750	1A80:0:2	목록	8B	THE RIGHT ONE	
07751	1A80:0:3	목록	8C	NOT THE ONE ON THE RIGHT	
07752	1A80:0:4	목록	8D	3	
07753	1A80:0:5	목록	8E	F221,9	
07754	1A81:0:0	목록	80	HOW MANY BARRELS HAD SKULL AND CROSSBONES ON THEM?	
07755	1A81:0:1	목록	8A	3	
07756	1A81:0:2	목록	8B	1	
07757	1A81:0:3	목록	8C	2	
07758	1A81:0:4	목록	8D	3	
07759	1A81:0:5	목록	8E	F202,19	
07760	1A82:0:0	목록	80	HOW MANY GREEN BOTTLES WERE THERE ON THE SHELVES?	
07761	1A82:0:1	목록	8A	10	
07762	1A82:0:2	목록	8B	9	
07763	1A82:0:3	목록	8C	8	
07764	1A82:0:4	목록	8D	1	
07765	1A82:0:5	목록	8E	F237,11	
07766	1A83:0:0	목록	80	WHICH COLOR IS NOT USED ON THE RUG?	
07767	1A83:0:1	목록	8A	YELLOW	
07768	1A83:0:2	목록	8B	RED	
07769	1A83:0:3	목록	8C	GREEN	
07770	1A83:0:4	목록	8D	2	
07771	1A83:0:5	목록	8E	F182,15	
07772	1A84:0:0	목록	80	HOW MANY GREEN ARROWS WERE THERE?	
07773	1A84:0:1	목록	8A	3	
07774	1A84:0:2	목록	8B	1	
07775	1A84:0:3	목록	8C	NONE	
07776	1A84:0:4	목록	8D	3	
07777	1A84:0:5	목록	8E	F182,15	
07778	1A85:0:0	목록	80	HOW MANY YELLOW ARROWS WERE THERE?	
07779	1A85:0:1	목록	8A	3	
07780	1A85:0:2	목록	8B	NONE	
07781	1A85:0:3	목록	8C	2	
07782	1A85:0:4	목록	8D	1	
07783	1A85:0:5	목록	8E	F182,15	
07784	1A86:0:0	목록	80	HOW MANY STARS DID YOU SEE?	
07785	1A86:0:1	목록	8A	22	
07786	1A86:0:2	목록	8B	27	
07787	1A86:0:3	목록	8C	24	
07788	1A86:0:4	목록	8D	2	
07789	1A86:0:5	목록	8E	F214,178	
07790	1A87:0:0	목록	80	WHAT COLOR BOOKS WEREN'T IN THE BOOKCASE?	
07791	1A87:0:1	목록	8A	GREEN	
07792	1A87:0:2	목록	8B	YELLOW	
07793	1A87:0:3	목록	8C	PURPLE	
07794	1A87:0:4	목록	8D	3	
07795	1A87:0:5	목록	8E	F323,7	
07796	1A88:0:0	목록	80	WHO OWNS THIS BOOKCASE?	
07797	1A88:0:1	목록	8A	BOTTLES	
07798	1A88:0:2	목록	8B	BULLION BILL	
07799	1A88:0:3	목록	8C	BANJO	
07800	1A88:0:4	목록	8D	1	
07801	1A88:0:5	목록	8E	F323,7	
07802	1A89:0:0	목록	80	ONE GETS TONNED!	
07803	1A89:0:1	목록	81	WHICH GETS SQUISHED?	
07804	1A89:0:2	목록	82	BANJO LOST{0A}OR{0A}GRUNTY SQUASHED?	
07805	1A89:0:3	목록	83	TOWER OF TRAGEDY QUIZ/N#MULTI PLAYER	
07806	1B68:0:0	목록	80	THE BANJO-TOOIE TEAM...	
07807	1B69:0:0	목록	80	RARE TESTING TEAM...	
07808	1B6A:0:0	목록	80	NINTENDO PRODUCT TESTING...	
07809	1B6B:0:0	목록	80	THANKS TO THE FOLLOWING	
07810	1B6B:0:1	목록	81	RARE PEOPLE...	
07811	1B6C:0:0	목록	80	THANKS TO THE FOLLOWING	
07812	1B6C:0:1	목록	81	NINTENDO PEOPLE...	
07813	1B6D:0:1	목록	81	BANJO-TOOIE	
07814	1B6E:0:1	목록	81	AND FINALLY...	
07815	1B6F:0:0	목록	80	WAS BROUGHT TO YOU BY...	
07816	1B70:0:0	목록	80	ED 'JINJO' BRYAN	
07817	1B70:0:1	목록	81	WILL 'BAZZA' BRYAN	
07818	1B70:0:2	목록	82	KIERAN 'KLUNGO' CONNELL	
07819	1B71:0:0	목록	80	SALVATORE 'FRUITY' FILECCIA	
07820	1B71:0:1	목록	81	STEVEN 'HONEY B' HURST	
07821	1B71:0:2	목록	82	GRANT 'OLD KING COAL' KIRKHOPE	
07822	1B72:0:0	목록	80	PAUL 'WOO FAK FAK' MACHACEK	
07823	1B72:0:1	목록	81	STEVE 'MINGELLA' MALPASS	
07824	1B72:0:2	목록	82	GREGG 'GRUNTY' MAYLES	
07825	1B73:0:0	목록	80	STEVE 'BLOBBELDA' MAYLES	
07826	1B73:0:1	목록	81	DAVID 'DILBERTA' PASHUTE	
07827	1B73:0:2	목록	82	ANDY 'JOLLY ROGER' POLLINGTON	
07828	1B74:0:0	목록	80	CHRIS 'SUPERSTASH' SUTHERLAND	
07829	1B74:0:1	목록	81	AND	
07830	1B74:0:2	목록	82	MARK 'CHILLY WILLY' WILSON	
07831	1B75:0:0	목록	80	ROSS 'BULLION BILL' BULLIMORE	
07832	1B75:0:1	목록	81	MATT 'SALTY JOE' CARTER	
07833	1B75:0:2	목록	82	JUSTIN 'CANARY MARY' COOK	
07834	1B76:0:0	목록	80	RICHARD 'ROCKNUT' COUSINS	
07835	1B76:0:1	목록	81	ANDREW 'KLANG' KIMBERLEY	
07836	1B76:0:2	목록	82	LUKE 'MERRY MAGGIE' MUNTON	
07837	1B77:0:0	목록	80	DALE 'MRS. BOGGY' MURCHIE	
07838	1B77:0:1	목록	81	DAVID 'DIPPY' PARKINSON	
07839	1B77:0:2	목록	82	GARY 'GOBI' PHELPS	
07840	1B78:0:0	목록	80	GAVIN 'GUFFO' PRICE	
07841	1B78:0:1	목록	81	JOHN 'JIPPO JIM' SILKE	
07842	1B78:0:2	목록	82	ROGER 'SKIVVY' SMITH	
07843	1B79:0:0	목록	80	GARETH 'GLOWBO' STEVENSON	
07844	1B79:0:1	목록	81	HUW 'JIGGYWIGGY' WARD	
07845	1B79:0:2	목록	82	DAVID 'WELDAR' WONG	
07846	1B7A:0:0	목록	80	ROGER HARRISON	
07847	1B7A:0:1	목록	81	TOM HERTZOG	
07848	1B7A:0:2	목록	82	MICHAEL KELBAUGH	
07849	1B7B:0:0	목록	80	SAM KUJATH	
07850	1B7B:0:1	목록	81	MICHAEL LESLIE	
07851	1B7B:0:2	목록	82	CHRIS NEEDHAM	
07852	1B7C:0:0	목록	80	RICH RICHARDSON	
07853	1B7C:0:1	목록	81	AND	
07854	1B7C:0:2	목록	82	THE DISCIPLES OF JIGGYWIGGY	
07855	1B7D:0:0	목록	80	SIMON 'CLINKER' FARMER	
07856	1B7D:0:1	목록	81	EVELINE 'TWINKLIES' FISCHER	
07857	1B7D:0:2	목록	82	EILEEN 'HEGGY' HOCHBERG	
07858	1B7E:0:0	목록	80	JOEL 'JAMJARS' HOCHBERG	
07859	1B7E:0:1	목록	81	SCOTT 'SCROTTY' HOCHBERG	
07860	1B7E:0:2	목록	82	LEIGH 'MR. PANTS' LOVEDAY	
07861	1B7F:0:0	목록	80	CHRIS 'PAWNO' SEAVOR	
07862	1B7F:0:1	목록	81	CHRIS 'JINGALING' STAMPER	
07863	1B7F:0:2	목록	82	TIM 'SABREMAN' STAMPER	
07864	1B80:0:0	목록	80	ANDY 'BOTTLES' WILSON	
07865	1B81:0:0	목록	80	MR. ARAKAWA	
07866	1B81:0:1	목록	81	CHRIS CAMPBELL	
07867	1B81:0:2	목록	82	MIKE FUKUDA	
07868	1B82:0:0	목록	80	DON JAMES	
07869	1B82:0:1	목록	81	KEN LOBB	
07870	1B82:0:2	목록	82	JACQUALEE STORY	
07871	1B83:0:0	목록	80	GAIL TILDEN	
07872	1B83:0:1	목록	81	AND	
07873	1B83:0:2	목록	82	MR. YAMAUCHI	
07874	1B84:0:0	목록	80	WAS DEVELOPED BY RARE	
07875	1B84:0:1	목록	81	AND	
07876	1B84:0:2	목록	82	PUBLISHED BY NINTENDO	
07877	1B85:0:0	목록	80	WELL DONE TO YOU	
07878	1B85:0:1	목록	81	FOR MAKING IT THIS FAR...	
07879	1B86:0:0	목록	80	YOU HAVE BEEN WATCHING...	
07880	1B87:0:0	목록	80	AND OF COURSE...	
07881	1B88:0:0	목록	80	BOVINA	
07882	1B88:0:1	목록	81	THE GOLDEN GOLIATH	
07883	1B88:0:2	목록	82	SSSLUMBER	
07884	1B88:0:3	목록	83	OFFICER UNOGOPAZ	
07885	1B88:0:4	목록	84	CHIEF BLOATAZIN	
07886	1B88:0:5	목록	85	TARGITZAN	
07887	1B89:0:0	목록	80	BULLION BILL...	
07888	1B89:0:1	목록	81	AND DILBERTA	
07889	1B89:0:2	목록	82	CANARY MARY	
07890	1B89:0:3	목록	83	OLD KING COAL	
07891	1B8A:0:0	목록	80	BIG AL	
07892	1B8A:0:1	목록	81	CONGA	
07893	1B8A:0:2	목록	82	SALTY JOE	
07894	1B8A:0:3	목록	83	THE SAUCER OF PERIL	
07895	1B8A:0:4	목록	84	MR. PATCH	
07896	1B8B:0:0	목록	80	JOLLY ROGER...	
07897	1B8B:0:1	목록	81	AND MERRY MAGGIE MALPASS	
07898	1B8B:0:2	목록	82	TROTTY	
07899	1B8B:0:3	목록	83	PIGGLES	
07900	1B8B:0:4	목록	84	PAWNO	
07901	1B8B:0:5	목록	85	CAPTAIN BLUBBER	
07902	1B8B:0:6	목록	86	CAPTAIN BLACKEYE	
07903	1B8B:0:7	목록	87	TIPTUP AND TIPTUP JR.	
07904	1B8B:0:8	목록	88	ALPH...	
07905	1B8B:0:9	목록	89	BETI...	
07906	1B8B:0:10	목록	8A	AND GAMMO	
07907	1B8B:0:11	목록	8B	CHRIS P. BACON	
07908	1B8B:0:12	목록	8C	LORD WOO FAK FAK	
07909	1B8C:0:0	목록	80	DIPPY	
07910	1B8C:0:1	목록	81	ROCKNUT	
07911	1B8C:0:2	목록	82	UNGA BUNGA	
07912	1B8C:0:3	목록	83	OOGLE BOOGLE	
07913	1B8C:0:4	목록	84	STOMPONADON	
07914	1B8C:0:5	목록	85	CHOMPASAURUS... AND LUNCH!	
07915	1B8C:0:6	목록	86	TERRY	
07916	1B8C:0:7	목록	87	SCROTTY	
07917	1B8C:0:8	목록	88	SCRAT...	
07918	1B8C:0:9	목록	89	SCRIT...	
07919	1B8C:0:10	목록	8A	AND SCRUT	
07920	1B8D:0:0	목록	80	LOGGO	
07921	1B8D:0:1	목록	81	SKIVVY	
07922	1B8D:0:2	목록	82	WELDAR	
07923	1B8E:0:0	목록	80	GOBI	
07924	1B8E:0:1	목록	81	BOGGY	
07925	1B8E:0:2	목록	82	MRS. BOGGY	
07926	1B8E:0:3	목록	83	GROGGY...	
07927	1B8E:0:4	목록	84	SOGGY...	
07928	1B8E:0:5	목록	85	AND MOGGY	
07929	1B8E:0:6	목록	86	ALPHETTE...	
07930	1B8E:0:7	목록	87	BETETTE...	
07931	1B8E:0:8	목록	88	AND GAMETTE	
07932	1B8E:0:9	목록	89	MILDRED ICE CUBE	
07933	1B8E:0:10	목록	8A	BIGGAFOOT	
07934	1B8E:0:11	목록	8B	SABREMAN	
07935	1B8E:0:12	목록	8C	CHILLI BILLI...	
07936	1B8E:0:13	목록	8D	AND CHILLY WILLY	
07937	1B8F:0:0	목록	80	GEORGE ICE CUBE	
07938	1B8F:0:1	목록	81	SUPERSTASH	
07939	1B8F:0:2	목록	82	GUFFO	
07940	1B8F:0:3	목록	83	MR. FIT	
07941	1B8F:0:4	목록	84	MINGY JONGO	
07942	1B90:0:0	목록	80	MUMBO JUMBO	
07943	1B90:0:1	목록	81	HUMBA WUMBA	
07944	1B90:0:2	목록	82	KING JINGALING...	
07945	1B90:0:3	목록	83	AND TOOTS	
07946	1B90:0:4	목록	84	KLUNGO	
07947	1B90:0:5	목록	85	MASTER JIGGYWIGGY	
07948	1B90:0:6	목록	86	DISCIPLE OF JIGGYWIGGY	
07949	1B90:0:7	목록	87	HEGGY	
07950	1B90:0:8	목록	88	HONEY B	
07951	1B90:0:9	목록	89	CHEATO	
07952	1B90:0:10	목록	8A	JAMJARS	
07953	1B90:0:11	목록	8B	GOGGLES	
07954	1B90:0:12	목록	8C	SPECCY	
07955	1B90:0:13	목록	8D	MRS. BOTTLES	
07956	1B90:0:14	목록	8E	BOTTLES	
07957	1B90:0:15	목록	8F	BLOBBELDA...	
07958	1B90:0:16	목록	90	MINGELLA...	
07959	1B90:0:17	목록	91	AND GRUNTILDA	
07960	1B90:0:18	목록	92	BANJO...	
07961	1B90:0:19	목록	93	AND KAZOOIE	
07962	1B90:0:20	목록	94	DINGPOT	
07963	1C30:0:0	목록	80	WHO SOLD BURGERS IN WITCHYWORLD?	
07964	1C30:0:1	목록	8A	LITTLE WILLY	
07965	1C30:0:2	목록	8B	MEDIUM MOE	
07966	1C30:0:3	목록	8C	BIG AL	
07967	1C30:0:4	목록	8D	3	
07968	1C31:0:0	목록	80	WHAT TYPE OF DRINK WAS CAPTAIN BLACKEYE DRINKING?	
07969	1C31:0:1	목록	8A	WATER	
07970	1C31:0:2	목록	8B	CAPPUCCINO	
07971	1C31:0:3	목록	8C	GINGER BEER	
07972	1C31:0:4	목록	8D	1	
07973	1C32:0:0	목록	80	WHY WAS BIG TERRY UNHAPPY?	
07974	1C32:0:1	목록	8A	HIS EGGS HAD BEEN STOLEN	
07975	1C32:0:2	목록	8B	HIS NUTS HAD BEEN STOLEN	
07976	1C32:0:3	목록	8C	HIS CRISPS HAD BEEN STOLEN	
07977	1C32:0:4	목록	8D	1	
07978	1C33:0:0	목록	80	WHAT IS THE NAME OF THE LOCAL MAGICAL CREATURE?	
07979	1C33:0:1	목록	8A	GLOBAL	
07980	1C33:0:2	목록	8B	GLOWBO	
07981	1C33:0:3	목록	8C	GLOBULE	
07982	1C33:0:4	목록	8D	2	
07983	1C34:0:0	목록	80	HOW DID THE MISSING DINOSAUR GET HOME?	
07984	1C34:0:1	목록	8A	BY PLANE	
07985	1C34:0:2	목록	8B	BY SEA	
07986	1C34:0:3	목록	8C	BY TRAIN	
07987	1C34:0:4	목록	8D	3	
07988	1C35:0:0	목록	80	WHAT DID THE DRAGON BROTHERS ON HAILFIRE PEAKS WANT?	
07989	1C35:0:1	목록	8A	PIZZA	
07990	1C35:0:2	목록	8B	DOUGHNUTS	
07991	1C35:0:3	목록	8C	PORK RINDS	
07992	1C35:0:4	목록	8D	1	
07993	1C36:0:0	목록	80	WHO IS BOGGY?	
07994	1C36:0:1	목록	8A	A SILLY HIPPO	
07995	1C36:0:2	목록	8B	A POLAR BEAR	
07996	1C36:0:3	목록	8C	A TOILET	
07997	1C36:0:4	목록	8D	2	
07998	1C37:0:0	목록	80	WHO LIVES IN THE ENORMOUS EGG JUST OUTSIDE MAYAHEM TEMPLE?	
07999	1C37:0:1	목록	8A	COCKY THE COCKEREL	
08000	1C37:0:2	목록	8B	HOOTER THE ROOSTER 	
08001	1C37:0:3	목록	8C	HEGGY THE HEN	
08002	1C37:0:4	목록	8D	3	
08003	1C38:0:0	목록	80	WHAT IS ON THE LICENSE PLATE OF MY LOVELY DIGGER?	
08004	1C38:0:1	목록	8A	GRUNTY 1	
08005	1C38:0:2	목록	8B	WITCH 1	
08006	1C38:0:3	목록	8C	HAG 1	
08007	1C38:0:4	목록	8D	3	
08008	1C39:0:0	목록	80	WHAT WAS STRANGE ABOUT CANARY MARY?	
08009	1C39:0:1	목록	8A	SHE HAD WINGS	
08010	1C39:0:2	목록	8B	SHE HAD TWO HEADS	
08011	1C39:0:3	목록	8C	SHE HAD FIFTEEN LEGS	
08012	1C39:0:4	목록	8D	1	
08013	1C3A:0:0	목록	80	WHAT WAS WRONG WITH THE KIDS' POOL IN JOLLY ROGER'S LAGOON?	
08014	1C3A:0:1	목록	8A	IT WAS TOO SMALL	
08015	1C3A:0:2	목록	8B	IT WAS FULL OF SHOPPING CARTS AND CAR TIRES	
08016	1C3A:0:3	목록	8C	IT WAS COLD AND FULL OF TOXIC WASTE	
08017	1C3A:0:4	목록	8D	3	
08018	1C3B:0:0	목록	80	HOW MANY JIGGIES DID YOU NEED TO OPEN THE DOOR THAT LED UP HERE?	
08019	1C3B:0:1	목록	8A	65	
08020	1C3B:0:2	목록	8B	70	
08021	1C3B:0:3	목록	8C	75	
08022	1C3B:0:4	목록	8D	2	
08023	1C3C:0:0	목록	80	WHAT IS THE NATIONAL SPORT IN MAYAHEM TEMPLE?	
08024	1C3C:0:1	목록	8A	TIDDLYWINKS	
08025	1C3C:0:2	목록	8B	BASKETBALL	
08026	1C3C:0:3	목록	8C	KICKBALL	
08027	1C3C:0:4	목록	8D	3	
08028	1C3D:0:0	목록	80	WHAT IS MY NAME SPELLED BACKWARDS?	
08029	1C3D:0:1	목록	8A	ADLITNURG	
08030	1C3D:0:2	목록	8B	ALITNRUG	
08031	1C3D:0:3	목록	8C	ADDILTNURG	
08032	1C3D:0:4	목록	8D	1	
08033	1C3E:0:0	목록	80	WHAT COLOR IS MY SCARF?	
08034	1C3E:0:1	목록	8A	RED	
08035	1C3E:0:2	목록	8B	PURPLE	
08036	1C3E:0:3	목록	8C	GREEN	
08037	1C3E:0:4	목록	8D	2	
08038	1C3F:0:0	목록	80	WHAT WAS THE NAME OF THE FIRST GAME I STARRED IN?	
08039	1C3F:0:1	목록	8A	PERFECT GRUNTY	
08040	1C3F:0:2	목록	8B	GRUNTY KONG 64	
08041	1C3F:0:3	목록	8C	BANJO-KAZOOIE	
08042	1C3F:0:4	목록	8D	3	
08043	1C40:0:0	목록	80	WHICH JINJO FAMILY ONLY HAD ONE MEMBER?	
08044	1C40:0:1	목록	8A	WHITE	
08045	1C40:0:2	목록	8B	BLACK	
08046	1C40:0:3	목록	8C	YELLOW	
08047	1C40:0:4	목록	8D	1	
08048	1C41:0:0	목록	80	WHAT IS THE NAME OF MY BEAUTIFUL LIFE-SUCKING GUN?	
08049	1C41:0:1	목록	8A	W.I.L.L.I.A.M.	
08050	1C41:0:2	목록	8B	B.O.B.	
08051	1C41:0:3	목록	8C	D.A.V.E.	
08052	1C41:0:4	목록	8D	2	
08053	1C42:0:0	목록	80	WHO IS ON THE FRONT OF THE BANJO-TOOIE BOX?	
08054	1C42:0:1	목록	8A	BANJO, KAZOOIE AND DONKEY KONG	
08055	1C42:0:2	목록	8B	BANJO, KAZOOIE AND GRUNTILDA	
08056	1C42:0:3	목록	8C	BANJO, KAZOOIE AND MUMBO	
08057	1C42:0:4	목록	8D	3	
08058	1C43:0:0	목록	80	HOW MANY BUTTONS HAS AN OFFICIAL NINTENDO CONTROLLER?	
08059	1C43:0:1	목록	8A	10	
08060	1C43:0:2	목록	8B	8	
08061	1C43:0:3	목록	8C	9	
08062	1C43:0:4	목록	8D	1	
08063	1C44:0:0	목록	80	WHERE WAS THE SWITCH FOR THE BURGER STAND IN WITCHYWORLD?	
08064	1C44:0:1	목록	8A	IN THE STAR SPINNER AREA	
08065	1C44:0:2	목록	8B	ON TOP OF THE TICKET BOOTH	
08066	1C44:0:3	목록	8C	BEHIND THE FRIES STAND	
08067	1C44:0:4	목록	8D	2	
08068	1C45:0:0	목록	80	HOW MANY SECTIONS MADE UP TARGITZAN IN MAYAHEM TEMPLE?	
08069	1C45:0:1	목록	8A	FIVE	
08070	1C45:0:2	목록	8B	FOUR	
08071	1C45:0:3	목록	8C	THREE	
08072	1C45:0:4	목록	8D	1	
08073	1C46:0:0	목록	80	WHAT WAS THE NAME OF GLITTER GULCH MINE'S PROSPECTOR?	
08074	1C46:0:1	목록	8A	GOLD BAR BRYAN	
08075	1C46:0:2	목록	8B	BULLION BILL	
08076	1C46:0:3	목록	8C	KLONDYKE O'REILLY	
08077	1C46:0:4	목록	8D	2	
08078	1C47:0:0	목록	80	WHAT WAS ON THE EMPTY BOTTLE IN THE TRASH CAN ON CLOUD CUCKOOLAND?	
08079	1C47:0:1	목록	8A	JOLLY'S JUICE	
08080	1C47:0:2	목록	8B	CHEATO'S CHEAPO COLA	
08081	1C47:0:3	목록	8C	BLOBBY'S BREW	
08082	1C47:0:4	목록	8D	1	
08083	1C48:0:0	목록	80	WHAT WAS BLOCKING UP THE VENTS IN THE FACTORY SEWERS?	
08084	1C48:0:1	목록	8A	CLONKERS	
08085	1C48:0:2	목록	8B	CLANKERS	
08086	1C48:0:3	목록	8C	CLINKERS	
08087	1C48:0:4	목록	8D	3	
08088	1C49:0:0	목록	80	HOW MANY BATTERY-OPERATED DOORS WERE THERE IN MY FACTORY?	
08089	1C49:0:1	목록	8A	FOUR	
08090	1C49:0:2	목록	8B	FIVE	
08091	1C49:0:3	목록	8C	SIX	
08092	1C49:0:4	목록	8D	1	
08093	1C4A:0:0	목록	80	WHERE COULD CHUFFY THE TRAIN NOT GO TO?	
08094	1C4A:0:1	목록	8A	ISLE O' HAGS	
08095	1C4A:0:2	목록	8B	GLITTER GULCH MINE	
08096	1C4A:0:3	목록	8C	JOLLY ROGER'S LAGOON	
08097	1C4A:0:4	목록	8D	3	
08098	1C4B:0:0	목록	80	WHAT WAS BIGGAFOOT GUARDING IN THE ICY SIDE OF HAILFIRE PEAKS?	
08099	1C4B:0:1	목록	8A	A JIGGY	
08100	1C4B:0:2	목록	8B	SOME GOLDEN EGGS	
08101	1C4B:0:3	목록	8C	A PAIR OF CLAW CLAMBER BOOTS	
08102	1C4B:0:4	목록	8D	3	
08103	1C4C:0:0	목록	80	HOW MANY TENTS WERE THERE IN WITCHYWORLD?	
08104	1C4C:0:1	목록	8A	TWO	
08105	1C4C:0:2	목록	8B	THREE	
08106	1C4C:0:3	목록	8C	ONE	
08107	1C4C:0:4	목록	8D	2	
08108	1C4D:0:0	목록	80	WHICH BANJO-KAZOOIE CHARACTER WASN'T SEEN IN BANJO-TOOIE?	
08109	1C4D:0:1	목록	8A	CAPTAIN BLUBBER	
08110	1C4D:0:2	목록	8B	MR. VILE	
08111	1C4D:0:3	목록	8C	TIPTUP	
08112	1C4D:0:4	목록	8D	2	
08113	1C4E:0:0	목록	80	WHO IS THE LARGEST CHARACTER ON THE BACK OF THE BANJO-TOOIE BOX?	
08114	1C4E:0:1	목록	8A	BANJO	
08115	1C4E:0:2	목록	8B	GRUNTILDA	
08116	1C4E:0:3	목록	8C	MUMBO JUMBO	
08117	1C4E:0:4	목록	8D	2	
08118	1C4F:0:0	목록	80	WHAT ESRB RATING HAS BANJO-TOOIE GOT?	
08119	1C4F:0:1	목록	8A	E - EVERYONE	
08120	1C4F:0:2	목록	8B	K-A - KIDS TO ADULTS	
08121	1C4F:0:3	목록	8C	M - MATURE	
08122	1C4F:0:4	목록	8D	1	
08123	1C50:0:0	목록	80	WHICH JINJO FAMILY HAD THE MOST MEMBERS?	
08124	1C50:0:1	목록	8A	PINK	
08125	1C50:0:2	목록	8B	BLACK	
08126	1C50:0:3	목록	8C	BROWN	
08127	1C50:0:4	목록	8D	2	
08128	1C51:0:0	목록	80	BEFORE YOU MET ME, WHICH BOSS CHARACTER HAD THE MOST ENERGY?	
08129	1C51:0:1	목록	8A	OLD KING COAL	
08130	1C51:0:2	목록	8B	TERRY	
08131	1C51:0:3	목록	8C	LORD WOO FAK FAK	
08132	1C51:0:4	목록	8D	1	
08133	1C52:0:0	목록	80	WHAT ARE THE ARCH ENEMIES OF THE JINJOS CALLED?	
08134	1C52:0:1	목록	8A	JOOJOOS	
08135	1C52:0:2	목록	8B	MINJOS	
08136	1C52:0:3	목록	8C	BUMJOS	
08137	1C52:0:4	목록	8D	2	
08138	1C53:0:0	목록	80	WHAT WAS THE NAME OF MY EXCELLENT AND ENTERTAINING QUIZ?	
08139	1C53:0:1	목록	8A	TOWER OF TRIVIA	
08140	1C53:0:2	목록	8B	TOWER OF TRIUMPH	
08141	1C53:0:3	목록	8C	TOWER OF TRAGEDY	
08142	1C53:0:4	목록	8D	3	
08143	1C54:0:0	목록	80	WHAT IS THE NAME OF MY CAULDRON LOCATED IN THE GUN CHAMBER?	
08144	1C54:0:1	목록	8A	DINGPOT	
08145	1C54:0:2	목록	8B	DUNGPOT	
08146	1C54:0:3	목록	8C	COLD RON	
08147	1C54:0:4	목록	8D	1	
08148	1C55:0:0	목록	80	WHO WAS WINNING YOUR PATHETIC CARD GAME BEFORE ME AND MY SISTERS RUINED IT?	
08149	1C55:0:1	목록	8A	MUMBO	
08150	1C55:0:2	목록	8B	BOTTLES	
08151	1C55:0:3	목록	8C	TOOTY	
08152	1C55:0:4	목록	8D	2	
08153	1C56:0:0	목록	80	WHICH JINJO FAMILY HOUSE DID I DEMOLISH WITH MY LITTLE DIGGER HERE?	
08154	1C56:0:1	목록	8A	PINK	
08155	1C56:0:2	목록	8B	SILVER	
08156	1C56:0:3	목록	8C	GREY	
08157	1C56:0:4	목록	8D	3	
08158	1C57:0:0	목록	80	WHAT COLOR POTION DID KLUNGO NEVER USE?	
08159	1C57:0:1	목록	8A	YELLOW	
08160	1C57:0:2	목록	8B	PURPLE	
08161	1C57:0:3	목록	8C	GREEN	
08162	1C57:0:4	목록	8D	2	
08163	1C58:0:0	목록	80	HOW MANY SECTIONS DID THE SAUCER OF PERIL RIDE FLY THROUGH?	
08164	1C58:0:1	목록	8A	FOUR	
08165	1C58:0:2	목록	8B	FIVE	
08166	1C58:0:3	목록	8C	SIX	
08167	1C58:0:4	목록	8D	2	
08168	1C59:0:0	목록	80	HOW MANY FLOORS WERE THERE IN MY FACTORY?	
08169	1C59:0:1	목록	8A	THREE	
08170	1C59:0:2	목록	8B	FOUR	
08171	1C59:0:3	목록	8C	FIVE	
08172	1C59:0:4	목록	8D	3	
08173	1C5A:0:0	목록	80	HOW MANY MEMBERS OF THE UNGA BUNGA TRIBE WERE THERE?	
08174	1C5A:0:1	목록	8A	TWO	
08175	1C5A:0:2	목록	8B	THREE	
08176	1C5A:0:3	목록	8C	FOUR	
08177	1C5A:0:4	목록	8D	2	
08178	1C5B:0:0	목록	80	WHO WAS IN THE PAINTING IN PAWNO'S EMPORIUM?	
08179	1C5B:0:1	목록	8A	BRENTILDA	
08180	1C5B:0:2	목록	8B	BOTTLES	
08181	1C5B:0:3	목록	8C	CAPTAIN BLACKEYE	
08182	1C5B:0:4	목록	8D	1	
08183	1C5C:0:0	목록	80	WHAT COLOR WAS MUMBO'S PAD IN JOLLY ROGER'S LAGOON?	
08184	1C5C:0:1	목록	8A	GREEN	
08185	1C5C:0:2	목록	8B	YELLOW	
08186	1C5C:0:3	목록	8C	BLUE	
08187	1C5C:0:4	목록	8D	2	
08188	1C5D:0:0	목록	80	WHAT LOGO WAS ON MRS. BOTTLES' COFFEE MUG?	
08189	1C5D:0:1	목록	8A	BANJO-TOOIE	
08190	1C5D:0:2	목록	8B	BANJO-KAZOOIE	
08191	1C5D:0:3	목록	8C	DONKEY KONG 64	
08192	1C5D:0:4	목록	8D	1	
08193	1C5E:0:0	목록	80	HOW MANY LETTERS IN MY NAME?	
08194	1C5E:0:1	목록	8A	THIRTEEN MINUS FOUR	
08195	1C5E:0:2	목록	8B	ONE PLUS SEVEN	
08196	1C5E:0:3	목록	8C	FIVE TIMES TWO	
08197	1C5E:0:4	목록	8D	1	
08198	1C5F:0:0	목록	80	WHAT DIFFERENT-COLORED GEM PILES WERE FOUND IN GLITTER GULCH MINE?	
08199	1C5F:0:1	목록	8A	RED, GREEN AND YELLOW	
08200	1C5F:0:2	목록	8B	WHITE, BLUE AND RED	
08201	1C5F:0:3	목록	8C	BLUE, GREEN AND PURPLE	
08202	1C5F:0:4	목록	8D	3	
08203	1C60:0:0	목록	80	WHAT CARDS DID YOU HAVE DURING YOUR STUPID LITTLE CARD GAME?	
08204	1C60:0:1	목록	8A	2,2,7,9 AND A JACK	
08205	1C60:0:2	목록	8B	3,4,7, ACE AND A KING	
08206	1C60:0:3	목록	8C	4,4,8,10 AND A QUEEN	
08207	1C60:0:4	목록	8D	1	
08208	1C61:0:0	목록	80	WHAT NUMBER AM I THINKING OF?	
08209	1C61:0:1	목록	8A	ONE	
08210	1C61:0:2	목록	8B	TWO	
08211	1C61:0:3	목록	8C	THREE	
08212	1C61:0:4	목록	8D	2	
08213	1C62:0:0	목록	80	WHICH JINJO FAMILY HAD 5 MEMBERS?	
08214	1C62:0:1	목록	8A	BLUE	
08215	1C62:0:2	목록	8B	RED	
08216	1C62:0:3	목록	8C	GREEN	
08217	1C62:0:4	목록	8D	3	
08218	1C63:0:0	목록	80	WHAT WAS THE FIRST WORD I SAID WHEN YOU GOT UP HERE?	
08219	1C63:0:1	목록	8A	YOU'RE	
08220	1C63:0:2	목록	8B	FINALLY	
08221	1C63:0:3	목록	8C	HEY!	
08222	1C63:0:4	목록	8D	2	
08223	1C64:0:0	목록	80	HOW MANY CHARACTERS LIVE IN BUILDINGS WITHIN JINJO VILLAGE?	
08224	1C64:0:1	목록	8A	46	
08225	1C64:0:2	목록	8B	49	
08226	1C64:0:3	목록	8C	50	
08227	1C64:0:4	목록	8D	3	
08228	1C65:0:0	목록	80	HOW MANY MUMBO SKULLS ARE THERE IN THE GAME?	
08229	1C65:0:1	목록	8A	10	
08230	1C65:0:2	목록	8B	9	
08231	1C65:0:3	목록	8C	8	
08232	1C65:0:4	목록	8D	1	
08233	1C66:0:0	목록	80	WHAT IS THE TOTAL NUMBER OF LEGS ON ALL OF HUMBA WUMBA'S TRANSFORMATIONS?	
08234	1C66:0:1	목록	8A	14	
08235	1C66:0:2	목록	8B	12	
08236	1C66:0:3	목록	8C	16	
08237	1C66:0:4	목록	8D	2	
08238	1C67:0:0	목록	80	WHAT COLOR JINJO WAS ON THE FRONT OF THE BANJO-KAZOOIE BOX?	
08239	1C67:0:1	목록	8A	ORANGE	
08240	1C67:0:2	목록	8B	GREEN	
08241	1C67:0:3	목록	8C	PURPLE	
08242	1C67:0:4	목록	8D	3	
08243	1C68:0:0	목록	80	WHICH OF JAMJARS' ABILITIES COST THE LEAST AND MOST TO LEARN?	
08244	1C68:0:1	목록	8A	GRIP GRAB AND SHACK PACK	
08245	1C68:0:2	목록	8B	EGG AIM AND SACK PACK	
08246	1C68:0:3	목록	8C	EGG AIM AND SHACK PACK	
08247	1C68:0:4	목록	8D	2	
08248	1C69:0:0	목록	80	WHAT COLOR WERE KING JINGALING'S SLIPPERS?	
08249	1C69:0:1	목록	8A	PINK	
08250	1C69:0:2	목록	8B	GREEN	
08251	1C69:0:3	목록	8C	BLUE	
08252	1C69:0:4	목록	8D	1	
08253	1C6A:0:0	목록	80	WHICH OF YOU TAKE PART IN THE MULTIPLAYER QUIZ?	
08254	1C6A:0:1	목록	8A	BANJO, JAMJARS, BOTTLES AND WUMBA	
08255	1C6A:0:2	목록	8B	BANJO, MUMBO, JAMJARS AND WUMBA	
08256	1C6A:0:3	목록	8C	BANJO, MUMBO, JAMJARS AND BOTTLES	
08257	1C6A:0:4	목록	8D	2	
08258	1C6B:0:0	목록	80	WHICH OF THESE IS TRUE?	
08259	1C6B:0:1	목록	8A	JAMJARS TEACHES YOU 27 NEW MOVES	
08260	1C6B:0:2	목록	8B	CHEATO HAS LOST 24 PAGES	
08261	1C6B:0:3	목록	8C	THERE ARE 3 YELLOW JINJOS	
08262	1C6B:0:4	목록	8D	3	
