위치	ID	원문	수정 전	수정 후	이유
0CDB:0:0	00003	YOU'VE FOUND SOME NOTES, BOY.	악보를 좀 찾았구나, 꼬마.	음표를 좀 찾았구나, 꼬마.	용어 통일(NOTES=음표)
0CDC:0:0	00005	YOU'VE CAUGHT A GLOWBO!	글로우보를 잡았다!	글로보를 잡았다!	이름 통일(GLOWBO=글로보)
0CDF:0:0	00009	GOLD FEATHERS ARE USED FOR INVULNERABILITY!	금색 깃털은 무적이 되는 데 쓰여!	황금 깃털은 무적이 되는 데 쓰여!	용어 통일(GOLD FEATHERS=황금 깃털, 카주이와 같게)
0CE5:0:1	00016	WASHER NOT AS GOOD AS BEAR.	탈수기, 곰만큼 좋지 않다.	세탁기, 곰만큼 좋지 않다.	변신 이름 통일(WASHER=세탁기)
0CE5:0:2	00017	DON'T COME BAWLING TO MUMBO IF CAN'T GET THROUGH ALL WORLDS...	모든 세계 못 가면, 엄보한테 와서 울지 마라...	모든 세계 못 가면, 멈보한테 와서 울지 마라...	오타(MUMBO=멈보)
0CF3:0:0	00048	NO SERVICE - TRAIN DERAILED IN GLITTER GULCH MINE.	운행 중단 - 글리터 걸치 광산에서 열차가 탈선했습니다.	운행 중단 - 반짝 협곡 광산에서 열차가 탈선했습니다.	지명 뜻으로(GLITTER GULCH MINE=반짝 협곡 광산)
0CF5:0:0	00051	CHUFFY IS LOADING ORE IN GLITTER GULCH MINE.	처피는 글리터 걸치 광산에서 광석을 싣고 있어.	처피는 반짝 협곡 광산에서 광석을 싣고 있어.	지명 뜻으로(GLITTER GULCH MINE=반짝 협곡 광산)
0CF6:0:0	00052	CHUFFY IS ENJOYING THE ATTRACTIONS OF WITCHYWORLD.	처피는 위치월드의 놀이기구를 즐기고 있어.	처피는 마녀랜드의 놀이기구를 즐기고 있어.	지명 뜻으로(WITCHYWORLD=마녀랜드)
0CF7:0:0	00053	CHUFFY IS ON FREIGHT SERVICE TO GRUNTY INDUSTRIES.	처피는 그런티 인더스트리로 화물을 나르는 중이야.	처피는 그런티 산업으로 화물을 나르는 중이야.	지명 통일(GRUNTY INDUSTRIES=그런티 인더스트리즈) / 지명 뜻으로(GRUNTY INDUSTRIES=그런티 산업)
0CF8:0:0	00054	CHUFFY IS VIEWING THE CAVE PAINTINGS IN TERRYDACTYLAND.	처피는 테리닥틸랜드에서 동굴 벽화를 구경하고 있어.	처피는 익룡랜드에서 동굴 벽화를 구경하고 있어.	지명 뜻으로(TERRYDACTYLAND=익룡랜드)
0CF9:0:0	00055	CHUFFY IS WARMING HIS COALS ON THE LAVA SIDE OF HAILFIRE PEAKS.	처피는 헤일파이어 피크스 용암 쪽에서 석탄을 데우고 있어.	처피는 불얼음 봉우리 용암 쪽에서 석탄을 데우고 있어.	지명 뜻으로(HAILFIRE PEAKS=불얼음 봉우리)
0CFA:0:0	00056	CHUFFY IS CHILLING OUT ON THE ICE SIDE OF HAILFIRE PEAKS.	처피는 헤일파이어 피크스 얼음 쪽에서 느긋하게 쉬고 있어.	처피는 불얼음 봉우리 얼음 쪽에서 느긋하게 쉬고 있어.	지명 뜻으로(HAILFIRE PEAKS=불얼음 봉우리)
0CFB:0:0	00057	CHUFFY IS RELAXING BY THE COAST ON THE ISLE O' HAGS.	처피는 하그즈 섬 해안가에서 쉬고 있어.	처피는 마녀섬 해안가에서 쉬고 있어.	지명 통일(해그 섬) / 지명 뜻으로(ISLE O' HAGS=마녀섬, 하스피)
0CFC:0:1	00058	JOIN BANJO THE BEAR AND HIS WISE-CRACKING BREEGULL PARTNER KAZOOIE, AS THEY CONTINUE THEIR BATTLE AGAINST A RECENTLY-EXHUMED GRUNTILDA THE WITCH AND HER EVIL SISTERS.	곰돌이 반조와 입담 좋은 브리걸 파트너 카주이와 함께, 최근 부활한 마녀 그런틸다와 그 사악한 자매들에 맞선 싸움을 이어가세요.	곰돌이 반조와 입담 좋은 브리걸 짝꿍 카주이와 함께, 최근 부활한 마녀 그런틸다와 그 사악한 자매들에 맞선 싸움을 이어가세요.	용어 통일(졸리·매기 PARTNER=짝꿍)
0CFC:0:3	00059	DISCOVER AND EXPLORE 8 BREATHTAKING NEW WORLDS ON THE MYSTERIOUS ISLE O' HAGS AND BATTLE 10 UNIQUE BOSSES IN YOUR QUEST FOR THE JIGGIES AND A SHOWDOWN WITH THE WART-COVERED COVEN.	신비로운 하그즈 섬에서 숨 막히는 8개의 새로운 세계를 발견하고 탐험하며, 지기를 찾는 여정 중에 10명의 개성 넘치는 보스와 싸우고 사마귀투성이 마녀 집단과 최후의 결전을 벌이세요.	신비로운 마녀섬에서 숨 막히는 8개의 새로운 세계를 발견하고 탐험하며, 지기를 찾는 여정 중에 10명의 개성 넘치는 보스와 싸우고 사마귀투성이 마녀 집단과 최후의 결전을 벌이세요.	지명 통일(해그 섬) / 지명 뜻으로(ISLE O' HAGS=마녀섬, 하스피)
0CFC:0:4	00060	THIS TIME THE DYNAMIC DUO HAVE AN AMAZING ARSENAL OF OVER 40 ABILITIES AT THEIR DISPOSAL, INCLUDING THE BREEGULL BLASTER, CLAW CLAMBER BOOTS, BILL DRILL AND THE WACKY CLOCKWORK KAZOOIE EGGS!	이번에는 다이내믹 듀오가 브리걸 블래스터, 클로 클램버 부츠, 빌 드릴, 그리고 괴상한 클락워크 카주이 에그를 포함한 40가지가 넘는 놀라운 능력을 마음껏 쓸 수 있어요!	이번에는 다이내믹 듀오가 브리걸 블래스터, 클로 클램버 부츠, 빌 드릴, 그리고 괴상한 태엽 카주이 알을 포함한 40가지가 넘는 놀라운 능력을 마음껏 쓸 수 있어요!	용어 통일(CLOCKWORK KAZOOIE EGGS=태엽 카주이 알)
0CFC:0:6	00062	ALSO CONTROLLABLE ARE MUMBO JUMBO AND HIS AMAZING BAG OF SPELLS AND 8 WEIRD AND WONDERFUL TRANSFORMATIONS, COURTESY OF HUMBA WUMBA, MUMBO'S GLAMOROUS RIVAL.	엄보 점보와 그의 놀라운 마법 주머니, 그리고 엄보의 매혹적인 라이벌 험바 웜바가 선사하는 8가지의 기묘하고 멋진 변신도 조종할 수 있습니다.	멈보 점보와 그의 놀라운 마법 주머니, 그리고 멈보의 매혹적인 라이벌 훔바 움바가 선사하는 8가지의 기묘하고 멋진 변신도 조종할 수 있습니다.	이름 통일(HUMBA WUMBA=훔바 움바, 번역 다수 표기) / 오타(MUMBO=멈보)
0CFC:1:7	00068	CHALLENGE YOUR FRIENDS OVER A SERIES OF MORE THAN 10 MULTIPLAYER GAMES FOR UP TO 4 PLAYERS, INCLUDING THE HILARIOUSLY UNIQUE EGG-BLASTING FIRST-PERSON SHOOTOUTS!	포복절도할 만큼 독특한 알 쏘기 1인칭 슈팅전을 포함해, 최대 4인까지 즐기는 10가지가 넘는 멀티플레이 게임으로 친구들에게 도전하세요!	포복절도할 만큼 독특한 알 쏘기 1인칭 사격전을 포함해, 최대 4인까지 즐기는 10가지가 넘는 멀티플레이 게임으로 친구들에게 도전하세요!	용어 통일(SHOOTOUT=사격전)
0CFF:0:1	00075	IT'S A ~-WAY TIE FOR 1ST PLACE.	~팀이 공동 1위입니다.	~명이 공동 1위입니다.	오역(~-WAY TIE = ~명 공동)
0D02:0:0	00088	MECHANICAL PERSONNEL MAY NOT USE THE WARP PADS. USE THE SERVICE ELEVATOR INSTEAD!	기계 직원은 워프 패드를 사용할 수 없습니다. 대신 서비스 엘리베이터를 이용하세요!	기계 직원은 워프 패드를 사용할 수 없습니다. 대신 업무용 엘리베이터를 이용하세요!	용어 통일(SERVICE ELEVATOR)
0D03:0:1	00090	YOU'VE CAUGHT THE LEGENDARY MEGA-GLOWBO!	전설의 메가 글로우보를 잡았다!	전설의 메가 글로보를 잡았다!	이름 통일(GLOWBO=글로보)
0D05:0:0	00094	PLAYER 1 PLAYS THE GAME AS NORMAL, BUT IS HAUNTED BY THE GHOST OF BOTTLES.	플레이어 1은 평소처럼 게임을 플레이하지만, 바틀스의 유령에게 쫓깁니다.	플레이어 1은 평소처럼 게임을 플레이하지만, 보틀스의 유령에게 쫓깁니다.	이름 통일(BOTTLES=보틀스)
0D42:0:2	00129	MOVE ALONG WITH THE GREATEST OF EASE,	아주 쉽게 따라 이동하고,	가장자리를 따라 손쉽게 움직이고,	어색한 문장
0D42:0:3	00130	BUTTON {86} TO ATTACK WHAT YOU PLEASE!	맘에 드는 걸 공격하려면 {86} 버튼을 눌러!	{86} 버튼으로 마음껏 공격해라!	어색한 문장·잼자스 말투
0D45:0:3	00138	TARGITZAN'S TEMPLE IN YOU CAN GO!	타깃잔의 신전에도 들어갈 수 있다!	타깃잔의 사원에도 들어갈 수 있다!	지명 통일(TARGITZAN'S TEMPLE=타깃잔의 사원)
0D46:0:0	00139	THE BREEGULL BLASTER ALLOWS YOU TO USE KAZOOIE AS A HAND-HELD EGG-FIRING GUN IN FIRST-PERSON VIEW SECTIONS.	브리걸 블래스터를 쓰면 1인칭 시점 구간에서 카주이를 알을 쏘는 손총처럼 쓸 수 있어.	브리걸 블래스터를 쓰면 1인칭 시점 구간에서 카주이를 손에 들고 알을 쏘는 총처럼 쓸 수 있어.	어색한 표현(손총)
0D46:0:1	00140	PRESS {81} TO FIRE EGGS AND USE {80} TO TOGGLE THE AIMING SIGHT ON AND OFF.	{81}을 눌러서 알을 쏘고, {80}으로 조준 시야를 켜고 끌 수 있어.	{81}을 눌러서 알을 쏘고, {80}으로 조준경을 켜고 끌 수 있어.	어색한 직역(AIMING SIGHT=조준경)
0D48:0:0	00143	WHAT YOU NEED IS AN AIMING SIGHT,	네게 필요한 건 조준 시야다,	네게 필요한 건 조준경다,	어색한 직역(AIMING SIGHT=조준경)
0D49:0:0	00147	THE EGG AIM ALLOWS YOU TO FIRE YOUR EGGS MORE ACCURATELY.	에그 에임을 쓰면 알을 더 정확하게 쏠 수 있어.	알 조준을 쓰면 알을 더 정확하게 쏠 수 있어.	기술 이름 통일(EGG AIM=알 조준, 번역 다수 표기)
0D49:0:1	00148	WHILE IN BANJO'S EYES VIEW, USE {81} TO FIRE EGGS AND {84} TO TOGGLE THE AIMING SIGHT OFF AND ON.	반조의 눈 시점에서 {81}로 알을 쏘고, {84}로 조준 시야를 켜고 끌 수 있어.	반조의 눈 시점에서 {81}으로 알을 쏘고, {84}으로 조준경을 켜고 끌 수 있어.	어색한 직역(AIMING SIGHT=조준경) / 버튼 아이콘 뒤 조사 통일(«버튼»으로 읽어 을·으로·과)
0D4A:0:2	00150	I WANNA SEE AT LEAST ~ NOTES BEFORE I TELL YOU ABOUT THE EGG AIM...	에그 에임을 알려주기 전에 음표 ~개는 봐야겠다...	알 조준을 알려주기 전에 음표 ~개는 봐야겠다...	기술 이름 통일(EGG AIM=알 조준, 번역 다수 표기)
0D4D:0:0	00159	THE BILL DRILL ALLOWS YOU TO DESTROY STRONGER OBJECTS THAT THE BEAK BUSTER CAN'T.	빌 드릴을 쓰면 빅 버스터로는 못 부수는 더 단단한 물체도 부술 수 있어.	빌 드릴을 쓰면 부리 박치기로는 못 부수는 더 단단한 물체도 부술 수 있어.	기술 이름 통일(BEAK BUSTER=부리 박치기, 카주이와 같게)
0D50:0:0	00167	THE BEAK BAYONET ALLOWS YOU TO DEFEND YOURSELF IN FIRST-PERSON VIEW SECTIONS WITHOUT USING EGGS.	비크 바이오넷을 쓰면 1인칭 시점 구간에서 알 없이도 스스로를 지킬 수 있어.	부리 총검을 쓰면 1인칭 시점 구간에서 알 없이도 스스로를 지킬 수 있어.	기술 이름(BEAK BAYONET=부리 총검)
0D51:0:2	00170	I WANNA SEE AT LEAST ~ NOTES BEFORE I TELL YOU ABOUT THE BEAK BAYONET...	비크 바이오넷을 알려주기 전에 음표 ~개는 봐야겠다...	부리 총검을 알려주기 전에 음표 ~개는 봐야겠다...	기술 이름(BEAK BAYONET=부리 총검)
0D56:1:0	00178	PRESS AND HOLD {81} TO CROUCH, THEN PRESS {83} OR {84} TO FIRE EGGS FORWARDS OR BACKWARDS.	{81}을 누르고 있으면 웅크리며, 이때 {83} 또는 {84}를 누르면 알을 앞이나 뒤로 쏩니다.	{81}을 누르고 있으면 웅크리며, 이때 {83} 또는 {84}을 누르면 알을 앞이나 뒤로 쏩니다.	버튼 아이콘 뒤 조사 통일(«버튼»으로 읽어 을·으로·과)
0D57:1:0	00179	PRESS AND HOLD {81} TO CROUCH, THEN PRESS {82} TO ACTIVATE THE MOVE. CONTINUE TO HOLD {81} AND USE THE CONTROL STICK TO MOVE AROUND.	{81}을 누르고 있으면 웅크리며, 이때 {82}를 누르면 동작이 발동합니다. {81}을 계속 누른 채 컨트롤 스틱으로 이동하세요.	{81}을 누르고 있으면 웅크리며, 이때 {82}을 누르면 동작이 발동합니다. {81}을 계속 누른 채 컨트롤 스틱으로 이동하세요.	버튼 아이콘 뒤 조사 통일(«버튼»으로 읽어 을·으로·과)
0D57:1:1	00180	YOU'LL BE INVULNERABLE TO MOST THINGS, BUT THE MOVE COSTS GOLD FEATHERS.	대부분의 공격에 무적이 되지만, 이 동작은 금색 깃털을 소모합니다.	대부분의 공격에 무적이 되지만, 이 동작은 황금 깃털을 소모합니다.	용어 통일(GOLD FEATHERS=황금 깃털, 카주이와 같게)
0D58:1:0	00181	PRESS AND HOLD {81}, THEN PRESS {85}. CONTINUE TO HOLD {81} AND USE THE CONTROL STICK TO MOVE AROUND.	{81}을 누르고 있다가 {85}를 누르세요. {81}을 계속 누른 채 컨트롤 스틱으로 이동하세요.	{81}을 누르고 있다가 {85}을 누르세요. {81}을 계속 누른 채 컨트롤 스틱으로 이동하세요.	버튼 아이콘 뒤 조사 통일(«버튼»으로 읽어 을·으로·과)
0D5F:1:0	00196	ONCE UNDERWATER, PRESS {87} TO SWIM SLOWLY AND {86} TO SWIM QUICKLY.	물속에서는 {87}로 천천히, {86}으로 빠르게 헤엄칩니다.	물속에서는 {87}으로 천천히, {86}으로 빠르게 헤엄칩니다.	버튼 아이콘 뒤 조사 통일(«버튼»으로 읽어 을·으로·과)
0D62:1:0	00203	PRESS {85} OR {82} TO ROTATE THE CAMERA IN SMALL AMOUNTS.	{85} 또는 {82}를 누르면 카메라가 조금씩 회전합니다.	{85} 또는 {82}을 누르면 카메라가 조금씩 회전합니다.	버튼 아이콘 뒤 조사 통일(«버튼»으로 읽어 을·으로·과)
0D62:1:1	00204	PRESS AND HOLD {85} OR {82} TO ROTATE THE CAMERA CONSTANTLY.	{85} 또는 {82}를 누르고 있으면 카메라가 계속 회전합니다.	{85} 또는 {82}을 누르고 있으면 카메라가 계속 회전합니다.	버튼 아이콘 뒤 조사 통일(«버튼»으로 읽어 을·으로·과)
0D62:1:2	00205	PRESS {84} TO SELECT BETWEEN THE CAMERA DISTANCES AVAILABLE.	{84}를 누르면 사용 가능한 카메라 거리 중에서 선택합니다.	{84}을 누르면 사용 가능한 카메라 거리 중에서 선택합니다.	버튼 아이콘 뒤 조사 통일(«버튼»으로 읽어 을·으로·과)
0D63:0:2	00208	I NEED AT LEAST ~ NOTES TO TEACH YOU ABOUT AIRBORNE AIMING...	공중 조준을 가르쳐 주려면 최소 음표 ~개는 있어야 돼...	공중 알 조준을 가르쳐 주려면 최소 음표 ~개는 있어야 돼...	기술 이름 통일(공중 알 조준)
0D64:0:2	00211	{83} GIVES YOU THE AIMING SIGHT,	{83}을 누르면 조준 시야가 뜨고,	{83}을 누르면 조준경이 뜨고,	어색한 직역(AIMING SIGHT=조준경)
0D64:0:3	00212	THEN PRESS {81} TO SHOOT FROM HEIGHT!	그런 다음 {81}로 높은 곳에서 쏴라!	그런 다음 {81}으로 높은 곳에서 쏴라!	버튼 아이콘 뒤 조사 통일(«버튼»으로 읽어 을·으로·과)
0D65:0:0	00213	AIRBORNE AIMING ALLOWS YOU TO FIRE EGGS WHILE FLYING.	에어본 에이밍을 쓰면 날면서 알을 쏠 수 있어.	공중 알 조준을 쓰면 날면서 알을 쏠 수 있어.	기술 이름 통일(AIRBORNE EGG AIMING=공중 알 조준)
0D65:0:1	00214	WHILE IN BANJO'S EYES VIEW, USE {81} TO FIRE AND {84} TO TOGGLE THE AIMING SIGHT OFF AND ON.	반조의 눈 시점에서 {81}로 쏘고, {84}로 조준 시야를 켜고 끌 수 있어.	반조의 눈 시점에서 {81}으로 쏘고, {84}으로 조준경을 켜고 끌 수 있어.	어색한 직역(AIMING SIGHT=조준경) / 버튼 아이콘 뒤 조사 통일(«버튼»으로 읽어 을·으로·과)
0D68:0:1	00222	FIND A PAIR OF PADS WITH BANJO AND KAZOOIE'S IMAGE ON THEM, STAND ON THE BANJO PAD AND PRESS {87}.	반조와 카주이 그림이 그려진 패드 한 쌍을 찾아서, 반조 패드 위에 선 다음 {87}을 누르세요.	반조와 카주이 그림이 그려진 패드 한 쌍을 찾아서, 반조 패드 위에 선 다음 {87}을 눌러.	잼자스 말투 통일
0D68:0:3	00223	ONCE SEPARATED, YOU CAN STAND ON THE PAD OR NEAR A SWAP CLOUD AND PRESS {87} TO CHANGE TO THE OTHER CHARACTER.	분리된 뒤에는 패드 위나 스왑 클라우드 근처에 서서 {87}을 누르면 다른 캐릭터로 바꿀 수 있습니다.	분리된 뒤에는 패드 위나 스왑 클라우드 근처에 서서 {87}을 누르면 다른 캐릭터로 바꿀 수 있어.	잼자스 말투 통일
0D68:0:4	00224	TO JOIN BACK UP AGAIN, SIMPLY TOUCH THE TWO CHARACTERS TOGETHER.	다시 합치려면 두 캐릭터를 서로 맞닿게 하기만 하면 됩니다.	다시 합치려면 두 캐릭터를 서로 맞닿게 하기만 하면 돼.	잼자스 말투 통일
0D6B:0:1	00232	PRESS {86} WHEN RUNNING, JUMPING OR STANDING STILL.	달릴 때, 점프할 때, 또는 가만히 서 있을 때 {86}을 누르세요.	달릴 때, 점프할 때, 또는 가만히 서 있을 때 {86}을 눌러.	잼자스 말투 통일
0D6C:0:0	00233	PRESS {87} TO LEARN THE MOVE, OR {86} TO BE DISMISSED.	{87}을 누르면 동작을 배우고, {86}을 누르면 그만둡니다.	{87}을 누르면 동작을 배우고, {86}을 누르면 해산이다.	잼자스 말투(BE DISMISSED = 해산)
0D6F:0:1	00238	YOU WON'T BE NEEDING THAT FLEABAG WITH YOU TO LEARN THIS ONE.	이건 배우는 데 그 벼룩 봉지는 필요 없다.	이건 배우는 데 그 벼룩투성이는 필요 없다.	어색한 직역(FLEABAG=벼룩투성이)
0D71:0:1	00244	THIS ONE'S NOT FOR YOU, FLEABAG. IT'S FOR THAT FAT BEAR.	이건 네 거 아니다, 벼룩 봉지야. 그 뚱뚱한 곰 거지.	이건 네 거 아니다, 벼룩투성이야. 그 뚱뚱한 곰 거지.	어색한 직역(FLEABAG=벼룩투성이)
0D73:0:1	00248	THIS ONE'S ONLY FOR THAT FLEABAG BUDDY OF YOURS.	이건 네 벼룩 봉지 친구한테만 해당되는 거다.	이건 네 벼룩투성이 친구한테만 해당되는 거다.	어색한 직역(FLEABAG=벼룩투성이)
0D77:0:0	00257	WHERE'S FLEABAG?	벼룩 봉지는 어디 갔냐?	벼룩투성이는 어디 갔냐?	어색한 직역(FLEABAG=벼룩투성이)
0D81:0:0	00273	YOU HAVE SPLIT UP.	분리되었습니다.	분리됐다.	잼자스 말투 통일
0D81:0:1	00274	TO CHANGE TO THE OTHER CHARACTER, STAND ON YOUR PAD OR NEAR A SWAP CLOUD AND PRESS {87}.	다른 캐릭터로 바꾸려면 패드 위나 스왑 클라우드 근처에 서서 {87}을 누르세요.	다른 캐릭터로 바꾸려면 패드 위나 스왑 클라우드 근처에 서서 {87}을 눌러.	잼자스 말투 통일
0D81:0:2	00275	TO REJOIN, SIMPLY TOUCH THE TWO CHARACTERS TOGETHER.	다시 합치려면 두 캐릭터를 서로 맞닿게 하세요.	다시 합치려면 두 캐릭터를 서로 맞닿게 해.	잼자스 말투 통일
0D82:0:0	00276	THESE ARE SPLIT-UP PADS.	이것들은 분리 패드입니다.	이건 분리 패드다.	잼자스 말투 통일
0D83:0:2	00279	CONTROL STICK TO STEER 'N' {87} FOR SPEED,	컨트롤 스틱으로 조종하고 {87}로 속도를 내라,	컨트롤 스틱으로 조종하고 {87}으로 속도를 내라,	버튼 아이콘 뒤 조사 통일(«버튼»으로 읽어 을·으로·과)
0D84:0:0	00281	THE TALON TORPEDO ALLOWS YOU TO FIRE KAZOOIE LIKE A GUIDED TORPEDO TO DESTROY OBJECTS.	탈론 토피도를 쓰면 카주이를 유도 어뢰처럼 발사해서 물체를 부술 수 있어.	탤런 토피도를 쓰면 카주이를 유도 어뢰처럼 발사해서 물체를 부술 수 있어.	기술 이름 통일(TALON=탤런, 카주이와 같게)
0D84:0:1	00282	PRESS {81} TO LAUNCH HER, THEN USE THE CONTROL STICK TO STEER, {87} TO SPEED UP OR {86} TO CANCEL HER AND RETURN TO BANJO.	{81}을 눌러 발사한 다음, 컨트롤 스틱으로 조종하고 {87}로 속도를 내거나 {86}으로 취소해서 반조에게 돌아가세요.	{81}을 눌러 발사한 다음, 컨트롤 스틱으로 조종하고 {87}으로 속도를 내거나 {86}으로 취소해서 반조에게 돌아가.	잼자스 말투 통일 / 버튼 아이콘 뒤 조사 통일(«버튼»으로 읽어 을·으로·과)
0D85:0:2	00284	YOU GOTTA GET ME AT LEAST ~ NOTES TO LEARN THE TALON TORPEDO...	탈론 토피도를 배우려면 음표 ~개는 가져와야 돼...	탤런 토피도를 배우려면 음표 ~개는 가져와야 돼...	기술 이름 통일(TALON=탤런, 카주이와 같게)
0D86:0:2	00287	PRESS {83} FOR THE AIMING SIGHT,	{83}을 눌러서 조준 시야를 띄우고,	{83}을 눌러서 조준경을 띄우고,	어색한 직역(AIMING SIGHT=조준경)
0D86:0:3	00288	FOLLOWED BY {81} TO START A FIGHT!	이어서 {81}로 싸움을 시작해라!	이어서 {81}으로 싸움을 시작해라!	버튼 아이콘 뒤 조사 통일(«버튼»으로 읽어 을·으로·과)
0D87:0:0	00289	SUB-AQUA AIMING ALLOWS YOU TO FIRE EGGS WHILE SWIMMING UNDERWATER.	서브아쿠아 에이밍을 쓰면 물속에서 헤엄치며 알을 쏠 수 있어.	수중 알 조준을 쓰면 물속에서 헤엄치며 알을 쏠 수 있어.	기술 이름 통일(SUB-AQUA EGG AIMING=수중 알 조준)
0D87:0:1	00290	WHILE IN BANJO'S EYES VIEW, USE {81} TO FIRE AND {84} TO TOGGLE THE AIMING SIGHT OFF AND ON.	반조의 눈 시점에서 {81}로 쏘고, {84}로 조준 시야를 켜고 끌 수 있어.	반조의 눈 시점에서 {81}으로 쏘고, {84}으로 조준경을 켜고 끌 수 있어.	어색한 직역(AIMING SIGHT=조준경) / 버튼 아이콘 뒤 조사 통일(«버튼»으로 읽어 을·으로·과)
0D88:0:2	00292	I NEED AT LEAST ~ NOTES TO TEACH YOU ABOUT SUB-AQUA AIMING...	서브아쿠아 에이밍을 가르쳐 주려면 최소 음표 ~개는 있어야 돼...	수중 알 조준을 가르쳐 주려면 최소 음표 ~개는 있어야 돼...	기술 이름 통일(SUB-AQUA EGG AIMING=수중 알 조준)
0D8A:0:1	00298	PRESS {86} WHEN RUNNING, JUMPING OR STANDING STILL.	달릴 때, 점프할 때, 또는 가만히 서 있을 때 {86}을 누르세요.	달릴 때, 점프할 때, 또는 가만히 서 있을 때 {86}을 눌러.	잼자스 말투 통일
0D8C:0:0	00301	USE THE CONTROL STICK TO MOVE THE BOMB AROUND AND DETONATE IT BY PRESSING {86}.	컨트롤 스틱으로 폭탄을 이동시키고, {86}을 눌러서 터뜨리세요.	컨트롤 스틱으로 폭탄을 움직이고, {86}을 눌러서 터뜨려.	잼자스 말투 통일
0D8E:0:0	00306	THE SPRINGY STEP SHOES ALLOW YOU A SINGLE JUMP OF GREAT HEIGHT.	스프링기 스텝 슈즈를 쓰면 한 번 아주 높이 뛸 수 있어.	스프링 스텝 슈즈를 쓰면 한 번 아주 높이 뛸 수 있어.	아이템 이름 통일(SPRINGY STEP SHOES=스프링 스텝 슈즈)
0D8E:0:1	00307	COLLECT THE SHOES, THEN PRESS {87} TO ACTIVATE THE LEAP OR {86} TO CANCEL THE FOOTWEAR.	신발을 주운 다음 {87}을 누르면 도약하고, {86}을 누르면 신발을 벗습니다.	신발을 주운 다음 {87}을 누르면 도약하고, {86}을 누르면 신발을 벗어.	잼자스 말투 통일
0D8F:0:2	00309	I NEED AT LEAST ~ NOTES TO TEACH YOU ABOUT THE SPRINGY STEP SHOES...	스프링기 스텝 슈즈를 가르쳐 주려면 최소 음표 ~개는 있어야 돼...	스프링 스텝 슈즈를 가르쳐 주려면 최소 음표 ~개는 있어야 돼...	아이템 이름 통일(SPRINGY STEP SHOES=스프링 스텝 슈즈)
0D91:0:1	00315	TO REMOVE THE EMPTY BACKPACK, PRESS AND HOLD {81}, THEN PRESS {85}.	빈 배낭을 벗으려면 {81}을 누르고 있다가 {85}를 누르세요.	빈 배낭을 벗으려면 {81}을 누르고 있다가 {85}을 눌러.	잼자스 말투 통일 / 버튼 아이콘 뒤 조사 통일(«버튼»으로 읽어 을·으로·과)
0D91:0:2	00316	CONTINUE TO HOLD {81} AND PRESS {86} TO COLLECT AN OBJECT.	{81}을 계속 누른 채 {86}을 누르면 물체를 집습니다.	{81}을 계속 누른 채 {86}을 누르면 물체를 집어.	잼자스 말투 통일
0D91:0:3	00317	REMOVE THE FULL BACKPACK BY HOLDING {81} AND PRESSING {85} AS BEFORE.	가득 찬 배낭도 아까처럼 {81}을 누르고 {85}를 눌러서 벗으세요.	가득 찬 배낭도 아까처럼 {81}을 누른 채 {85}을 눌러서 벗어.	잼자스 말투 통일 / 버튼 아이콘 뒤 조사 통일(«버튼»으로 읽어 을·으로·과)
0D91:0:4	00318	THE CONTENTS WILL AUTOMATICALLY JUMP OUT IF THEY ARE IN THE CORRECT PLACE.	알맞은 위치에 있으면 내용물이 자동으로 튀어나옵니다.	알맞은 위치에 있으면 내용물이 자동으로 튀어나와.	잼자스 말투 통일
0D91:0:5	00319	HOWEVER, CONTENTS CAN ALSO BE EMPTIED OUT IN ANY PLACE BY PRESSING {86}.	하지만 {86}을 누르면 아무 곳에서나 내용물을 꺼낼 수도 있습니다.	하지만 {86}을 누르면 아무 곳에서나 내용물을 꺼낼 수도 있어.	잼자스 말투 통일
0D94:0:1	00327	PRESS AND HOLD {81}, THEN PRESS {86}.	{81}을 누르고 있다가 {86}을 누르세요.	{81}을 누르고 있다가 {86}을 눌러.	잼자스 말투 통일
0D95:0:0	00328	FORGET IT, FLEABAG!	관둬라, 벼룩 봉지야!	관둬라, 벼룩투성이야!	어색한 직역(FLEABAG=벼룩투성이)
0D96:0:2	00332	FIRST HOLD {81} THEN PRESS {84},	먼저 {81}을 누르고 있다가 {84}를 눌러라,	먼저 {81}을 누르고 있다가 {84}을 눌러라,	버튼 아이콘 뒤 조사 통일(«버튼»으로 읽어 을·으로·과)
0D97:0:1	00335	PRESS AND HOLD {81}, THEN PRESS {84}. CONTINUE TO HOLD {81} AND USE THE CONTROL STICK TO MOVE HIM AROUND.	{81}을 누르고 있다가 {84}를 누르세요. {81}을 계속 누른 채 컨트롤 스틱으로 이동시키세요.	{81}을 누르고 있다가 {84}을 눌러. {81}을 계속 누른 채 컨트롤 스틱으로 움직이면 돼.	잼자스 말투 통일 / 버튼 아이콘 뒤 조사 통일(«버튼»으로 읽어 을·으로·과)
0D9B:0:0	00344	NOT ENOUGH, FLEABAG!	부족하다, 벼룩 봉지야!	부족하다, 벼룩투성이야!	어색한 직역(FLEABAG=벼룩투성이)
0D9D:0:2	00352	YOU CAN ALSO PRESS {86} TO CANCEL THE FOOTWEAR.	{86}을 눌러서 신발을 벗을 수도 있습니다.	{86}을 눌러서 신발을 벗을 수도 있어.	잼자스 말투 통일
0D9F:0:2	00357	{81} FOLLOWED BY {82} REMOVES YOUR PACK,	{81}에 이어 {82}를 누르면 배낭을 벗고,	{81}에 이어 {82}을 누르면 배낭을 벗고,	버튼 아이콘 뒤 조사 통일(«버튼»으로 읽어 을·으로·과)
0DA0:0:1	00360	PRESS AND HOLD {81}, THEN PRESS {82}. CONTINUE TO HOLD {81} UNTIL HIS HEALTH IS RESTORED.	{81}을 누르고 있다가 {82}를 누르세요. 체력이 회복될 때까지 {81}을 계속 누르고 있으세요.	{81}을 누르고 있다가 {82}을 눌러. 체력이 다 찰 때까지 {81}을 계속 누르고 있어.	잼자스 말투 통일 / 버튼 아이콘 뒤 조사 통일(«버튼»으로 읽어 을·으로·과)
0DA3:0:1	00368	PRESS AND HOLD {81}, THEN PRESS {87}.	{81}을 누르고 있다가 {87}을 누르세요.	{81}을 누르고 있다가 {87}을 눌러.	잼자스 말투 통일
0DA4:0:0	00369	FORGET IT, FLEABAG!	관둬라, 벼룩 봉지야!	관둬라, 벼룩투성이야!	어색한 직역(FLEABAG=벼룩투성이)
0DAC:0:0	00381	FIRE EGGS ALLOW KAZOOIE TO FIRE FLAMING PROJECTILES.	파이어 에그를 쓰면 카주이가 불타는 발사체를 쏠 수 있어.	불꽃 알을 쓰면 카주이가 불타는 발사체를 쏠 수 있어.	알 이름 통일(FIRE EGGS=불꽃 알)
0DAC:0:1	00382	SELECT THESE EGGS BY PRESSING {80} UNTIL THEY ARE HIGHLIGHTED.	{80}을 눌러서 이 알이 선택될 때까지 고르세요.	{80}을 눌러서 이 알이 선택될 때까지 골라.	잼자스 말투 통일
0DAE:0:0	00386	GRENADE EGGS ALLOW KAZOOIE TO FIRE EXPLODING PROJECTILES.	그레네이드 에그를 쓰면 카주이가 폭발하는 발사체를 쏠 수 있어.	수류탄 알을 쓰면 카주이가 폭발하는 발사체를 쏠 수 있어.	용어 통일(GRENADE=수류탄, 번역 다수 표기) / 알 이름 통일(GRENADE EGGS=수류탄 알)
0DAE:0:1	00387	SELECT THESE EGGS BY PRESSING {80} UNTIL THEY ARE HIGHLIGHTED.	{80}을 눌러서 이 알이 선택될 때까지 고르세요.	{80}을 눌러서 이 알이 선택될 때까지 골라.	잼자스 말투 통일
0DB0:0:0	00391	CLOCKWORK KAZOOIE EGGS ALLOW KAZOOIE TO FIRE REMOTE-CONTROLLED EXPLODING PROJECTILES.	클락워크 카주이 에그를 쓰면 카주이가 원격 조종 폭발 발사체를 쏠 수 있어.	태엽 카주이 알을 쓰면 카주이가 원격 조종 폭발 발사체를 쏠 수 있어.	용어 통일(CLOCKWORK KAZOOIE EGGS=태엽 카주이 알)
0DB0:0:1	00392	SELECT THESE EGGS BY PRESSING {80} UNTIL THEY ARE HIGHLIGHTED.	{80}을 눌러서 이 알이 선택될 때까지 고르세요.	{80}을 눌러서 이 알이 선택될 때까지 골라.	잼자스 말투 통일
0DB0:0:2	00393	ONCE LAUNCHED, USE THE CONTROL STICK TO GUIDE THE EGG AND {86} TO DETONATE IT.	발사한 뒤에는 컨트롤 스틱으로 알을 조종하고, {86}을 눌러서 터뜨리세요.	발사한 뒤에는 컨트롤 스틱으로 알을 조종하고, {86}을 눌러서 터뜨려.	잼자스 말투 통일
0DB2:0:0	00397	ICE EGGS ALLOW KAZOOIE TO FIRE FREEZING PROJECTILES.	아이스 에그를 쓰면 카주이가 얼리는 발사체를 쏠 수 있어.	얼음 알을 쓰면 카주이가 얼리는 발사체를 쏠 수 있어.	알 이름 통일(ICE EGGS=얼음 알)
0DB2:0:1	00398	SELECT THESE EGGS BY PRESSING {80} UNTIL THEY ARE HIGHLIGHTED.	{80}을 눌러서 이 알이 선택될 때까지 고르세요.	{80}을 눌러서 이 알이 선택될 때까지 골라.	잼자스 말투 통일
0DB5:0:0	00406	YOU'RE JOKIN', BOY!	농담하지 마라, 꼬맹아!	농담하지 마, 꼬마!	같은 원문 번역 통일(E3)
0DB6:0:0	00408	DRILL SERGEANT JAMJARS REPORTING F'DUTY, SIR!	교관 잼자스, 근무 보고 드립니다, 대장님!	훈련 교관 잼자스, 신고합니다, 대장님!	어색한 직역(REPORTING FOR DUTY)
0DB6:0:2	00409	'COURSE I LOOK LIKE BOTTLES, YOU PUNK. HE'S MY BROTHER!	'물론' 보틀즈를 닮았지, 이 애송이야. 그 녀석이 내 동생이니까!	물론 보틀스를 닮았지, 이 애송이야. 그 녀석이 내 동생이니까!	불필요한 따옴표
0DB6:1:1	00420	BANJO, GET A LOAD OF THIS BOZO. HE LOOKS LIKE BOTTLES IN UNIFORM.	반조, 이 멍청이 좀 봐. 제복 입은 보틀즈 같잖아.	반조, 이 멍청이 좀 봐. 제복 입은 보틀스 같잖아.	이름 통일(BOTTLES=보틀스, 카주이와 같게)
0DB6:1:9	00425	BOTTLES TAUGHT US LOADS IN THE LAST GAME...	저번 게임에서 보틀즈한테 많이 배웠는데...	저번 게임에서 보틀스한테 많이 배웠는데...	이름 통일(BOTTLES=보틀스, 카주이와 같게)
0DB8:0:0	00431	YOU'RE JOKIN', BOY!	농담하지 마라, 꼬맹아!	농담하지 마, 꼬마!	같은 원문 번역 통일(E3)
0DB8:0:2	00432	I NEED AT LEAST ~ NOTES TO TEACH YOU ABOUT THE FIRE EGGS...	불 알(파이어 에그)에 대해 가르쳐주려면 최소 ~개의 음표가 필요하다...	불꽃 알에 대해 가르쳐주려면 최소 음표 ~개가 필요하다...	괄호 중복 표기
0DB9:0:0	00433	GET OUTTA HERE, PUNK!	꺼져버려, 애송이!	꺼져라, 애송이!	같은 원문 번역 통일(E3)
0DB9:0:2	00434	YOU GOTTA GET ME AT LEAST ~ NOTES TO LEARN THE GRENADE EGGS...	그레네이드 알을 배우려면 최소 ~개의 음표를 구해 와야 해...	수류탄 알을 배우려면 최소 ~개의 음표를 구해 와야 해...	용어 통일(GRENADE=수류탄, 번역 다수 표기)
0DBB:0:0	00437	FORGET IT, DEADBEATS!	포기해, 빚쟁이들!	꿈 깨라, 이 한심한 놈들아!	오역(DEADBEATS ≠ 빚쟁이)
0E09:0:0	00450	MUMBO PLAY WELL.	맘보 잘했다.	멈보 잘 친다.	어색한 직역(포커)
0E09:0:1	00451	HAS MUCH OF BEAR'S CASH.	곰의 돈 많이 가졌다.	곰 돈 많이 땄다.	어색한 직역(포커)
0E0B:1:1	00457	OH... ER, FALSE ALARM, BOTTLES. MUST'VE BEEN SOME SHADOWS.	아... 어, 오경보였어요, 보틀즈 씨. 그림자였나 봐요.	아... 어, 잘못 봤네, 보틀스. 그림자였나 봐.	카주이 말투(반말)
0E0D:1:0	00460	C'MON, BONE FACE, LET'S PLAY.	자, 본 페이스, 놀자.	자, 해골바가지, 계속하자.	음역(BONE FACE)
0E0F:0:0	00464	M-MUMBO NOT R-ROCK T-TABLE.	맘, 맘보 테, 테이블 안 흔든다.	머, 멈보 테, 테이블 안 흔든다.	말더듬 표기 오류
0E11:0:1	00468	HURRY, BLOBBELDA, OUR SISTER IS WAITING!	서둘러, 블로벨다, 언니가 기다리잖아!	서둘러, 블로벨다, 그런티가 기다리잖아!	자매 서열 미확인 → 이름으로
0E12:0:0	00469	QUICKLY WE MUST GO, OR ANGRY GRUNTY WILL BE!	빨리 가야 해, 안 그럼 화난 그런티가 될 거야!	빨리 가야 해, 우리. 안 그러면 화낼 거야, 그런티가!	블로벨다 도치 말투(원문 요다식)
0E12:0:1	00470	THEN GET OFF ME YOU MUST, OR MOVE I CANNOT!	그럼 내 위에서 좀 비켜, 안 그럼 못 움직이잖아!	그럼 비켜, 내 위에서. 안 그러면 못 움직이잖아, 내가!	밍겔라 도치 말투
0E15:0:0	00475	MUMBO MUCH BRAVE. ME GO LOOK OUTSIDE.	맘보 아주 용감하다. 내가 가서 밖을 보겠다.	멈보 아주 용감하다. 내가 가서 밖을 보겠다.	이름 통일(MUMBO=멈보, 카주이와 같게)
0E19:0:0	00481	WORRY GRUNTY MUSTN'T, GET YOU OUT YOUR SISTERS WILL!	그런티 걱정하지 마, 언니들이 널 꺼내줄 거야!	걱정하지 마, 그런티. 꺼내 줄 거야, 우리 자매가!	자매 서열 미확인 → 자매·밍겔라 도치 말투
0E1A:0:0	00482	BIG ROCK IS, SO POWERS WE MUST COMBINE!	바위가 크니까, 우리 힘을 합쳐야 해!	크다, 바위가. 그러니 합쳐야 해, 우리 힘을!	블로벨다 도치 말투
0E1B:0:0	00483	GRUNTY'S SISTERS YOU SHOULD NOT MOCK,	그런티의 언니들을 비웃으면 안 되지,	비웃으면 안 되지, 그런티의 자매들을,	자매 서열 미확인 → 자매
0E1B:0:1	00484	NOW WATCH OUR MAGIC BLAST THIS ROCK!	자, 우리 마법이 이 바위 날려버리는 거 봐!	자, 봐라, 우리 마법이 이 바위 날려버리는 걸!	밍겔라 도치 말투
0E1C:0:0	00485	GONE ROCK HAS, SO OUT YOU CAN COME.	바위가 사라졌으니, 이제 나올 수 있어.	사라졌어, 바위가. 이제 나와도 돼, 넌.	블로벨다 도치 말투
0E1E:0:0	00488	NICE GRUNTY LOOKS, LOST WEIGHT YOU HAVE!	그런티 보기 좋네, 살 빠졌어!	보기 좋네, 그런티. 살이 빠졌구나!	밍겔라 도치 말투
0E20:0:0	00491	YES, PLAN TO HELP WE HAVE, SO BACK TO OUR CASTLE WE MUST GO!	응, 도와줄 계획 있어, 그러니 우리 성으로 돌아가야 해!	응, 있어, 도울 계획이. 그러니 돌아가야 해, 우리 성으로!	블로벨다 도치 말투
0E23:0:1	00497	SEEN US BONY MAN HAS, HIM WE MUST WHACK!	뼈다귀 남자가 우릴 봤어, 혼쭐을 내줘야 해!	봤어, 우릴, 뼈다귀 남자가. 혼내 줘야 해, 그놈을!	밍겔라 도치 말투
0E28:1:0	00507	YEAH, YEAH, SKULL BOY, AND I BET SHE HAD TWO HEADS!	그래그래, 해골 소년, 그 여자 머리 두 개였을걸!	그래그래, 해골 소년. 머리도 두 개였겠지, 그 마녀?	비꼬는 뜻 살림
0E2C:0:0	00513	HURRY YOU MUST, READY TO LEAVE WE ARE!	서둘러야 해, 우린 떠날 준비 됐어!	서둘러야 해, 너. 떠날 준비 됐어, 우린!	밍겔라 도치 말투
0E2E:0:0	00516	TROOPS WE WILL LEAVE, DESTROY AREA THEY WILL!	우리 부대 보낼게, 이 일대를 파괴할 거야!	남겨 둘 거야, 부대를. 이 일대를 쑥대밭으로 만들 거야, 그놈들이!	블로벨다 도치 말투
0E2F:0:0	00517	SSSTOP!	먈춰라!	멈춰 주십시오!	오타(먈춰라)·클렁고 말투
0E30:0:1	00522	MUMBO'S HEAD HURTS...	맘보 머리 아프다...	멈보 머리 아프다...	이름 통일(MUMBO=멈보, 카주이와 같게)
0E34:1:1	00529	...GRUNTY'S KILLED POOR BOTTLES!	...그런티가 불쌍한 보틀즈를 죽였어!	...그런티가 불쌍한 보틀스를 죽였어!	이름 통일(BOTTLES=보틀스, 카주이와 같게)
0E35:0:0	00530	GRUNTY WRECK HOUSE AND KILL BOTTLES - SHE MUST PAY.	그런티 집 부수고 보틀즈 죽였다 - 그녀 대가 치러야 한다.	그런티 집 부수고 보틀스 죽였다 - 그녀 대가 치러야 한다.	이름 통일(BOTTLES=보틀스, 카주이와 같게)
0E35:0:1	00531	BEAR AND BIRD GET AFTER WITCH - MUMBO SEE YOU LATER.	곰과 새가 마녀 쫓아가라 - 맘보 나중에 보자.	곰과 새가 마녀 쫓아가라 - 멈보 나중에 보자.	이름 통일(MUMBO=멈보, 카주이와 같게)
0E39:0:0	00541	C'MON, SISTERS, TIME I LACK,	자, 언니들, 시간이 없어,	자, 자매들아, 시간이 없어,	자매 서열 미확인 → 자매
0E3C:0:0	00547	B.O.B. THIS IS.       	이것이 B.O.B.다.	이거야, B.O.B.가.	블로벨다 도치 말투
0E3C:0:1	00548	BIG-O-BLASTER BUILT BY MINGY AND ME.	밍기와 내가 만든 빅-오-블래스터지.	만들었지, 밍지와 내가. 빅-오-블래스터를.	블로벨다 도치 말투·이름(밍지)
0E3C:0:2	00549	LIFE FORCE FROM GROUND, PLANTS AND CREATURES IT CAN SUCK.	땅과 식물, 생물에게서 생명력을 빨아들일 수 있어.	빨아들일 수 있어, 땅과 식물과 생물에게서 생명력을.	블로벨다 도치 말투
0E3D:0:0	00550	STORED IN BIG TANK LIFE FORCE IS.	생명력은 커다란 탱크에 저장돼.	저장돼, 커다란 탱크에, 생명력은.	밍겔라 도치 말투
0E3D:0:1	00551	SHOWER GRUNTY WILL TAKE WHEN TANK FULL,	탱크가 차면 그런티가 샤워를 할 거고,	샤워를 할 거야, 그런티가, 탱크가 차면,	밍겔라 도치 말투
0E3D:0:2	00552	THEN NEW BODY YOU WILL HAVE!	그럼 새 몸을 갖게 될 거야!	그럼 갖게 될 거야, 새 몸을!	밍겔라 도치 말투
0E3F:0:0	00555	NOT SLIM YOU ARE, SO PLENTY WILL BE NEEDED!	너 날씬하지 않으니까 많이 필요할 거야!	날씬하지 않잖아, 넌. 그러니 많이 필요할 거야!	밍겔라 도치 말투
0E41:0:0	00557	PATIENT YOU MUST BE.	참을성 있게 기다려야 해.	참아야 해, 넌.	블로벨다 도치 말투
0E41:0:1	00558	TARGET YOU FIRST MUST PICK.	먼저 표적을 골라야 해.	먼저 골라야 해, 표적을.	블로벨다 도치 말투
0E42:0:2	00561	I RECKON WE SHOULD BLAST THE JINJO KING!	진조 킹을 쏴버려야겠어!	진조 왕을 쏴버려야겠어!	이름 통일(KING JINGALING=징갈링 왕)
0E43:0:0	00562	AUTO-TARGETING B.O.B. HAS.	B.O.B.는 자동 조준이야.	있어, B.O.B.에겐 자동 조준이.	밍겔라 도치 말투
0E43:0:1	00563	BUTTON YOU ONLY HAVE TO PRESS...	버튼 하나만 누르면 돼...	누르기만 하면 돼, 버튼 하나만...	밍겔라 도치 말투
0E44:0:0	00564	WARMED UP B.O.B. IS, SO BEGIN WILL THE FIRING SEQUENCE...	B.O.B. 예열됐어, 발사 시퀀스 시작한다...	예열됐어, B.O.B.가. 그러니 시작한다, 발사 순서를...	블로벨다 도치 말투
0E45:0:0	00565	TARGET B.O.B. HAS HIT, STEAL LIFE FORCE HE WILL!	B.O.B.가 표적을 맞혔어, 생명력을 훔칠 거야!	맞혔어, B.O.B.가 표적을! 훔칠 거야, 생명력을!	밍겔라 도치 말투
0E46:0:0	00566	UNLUCKY B.O.B. WAS, BEAR WE JUST MISSED.	B.O.B. 운이 없었네, 곰을 아깝게 놓쳤어.	운이 없었어, B.O.B.가. 아깝게 놓쳤어, 곰을.	블로벨다 도치 말투
0E49:0:0	00570	SUCCESSFUL B.O.B. WAS, JINGALING'S LIFE FORCE WE HAVE.	B.O.B. 성공했어, 징갈링의 생명력 얻었다.	B.O.B.가 성공했어. 얻었어 징갈링의 생명력을.	밍겔라 도치 말투(192px 덩어리 피함)
0E4B:0:0	00572	THIS WE CAN DO, BUT BIG CHARGE-UP B.O.B. WILL NEED.	할 수는 있지만 B.O.B.에 큰 충전이 필요해.	할 수는 있어, 우린. 하지만 필요해, B.O.B.에겐 큰 충전이.	블로벨다 도치 말투
0E4C:0:0	00573	HOURS IT WILL TAKE, AND REVENGE BEAR WILL SEEK.	몇 시간 걸릴 거야, 그동안 곰이 복수하러 올걸.	몇 시간 걸릴 거야. 그리고 복수하러 올 거야, 곰이.	밍겔라 도치 말투
0E5A:1:0	00595	BOTTLES NEXT THEN, KAZOOIE.	다음은 보틀즈 차례야, 카주이.	다음은 보틀스 차례야, 카주이.	이름 통일(BOTTLES=보틀스, 카주이와 같게)
0E5E:0:2	00602	I'M REALLY LATE FOR DINNER - MRS. B WILL KILL ME!	저녁 시간에 많이 늦었어 - B 아줌마가 날 죽일 거야!	저녁 시간에 많이 늦었어 - 마누라가 날 죽일 거야!	MRS. B = 보틀스의 아내
0E61:0:0	00605	YES, I'M SURE YOU HAVE, DEAR...	그래, 그러셨겠지요, 여보...	그래, 그랬겠지, 여보...	말투 통일(부부 반말)
0E63:0:0	00608	YO!	야호!	여어!	감탄사
0E6D:1:0	00621	HEY, BOTTLE BOY!	야, 보틀즈 보이!	야, 보틀스 보이!	이름 통일(BOTTLES=보틀스, 카주이와 같게)
0E6F:0:1	00627	MUMBO WANTED TO BOOGIE.	맘보 춤추고 싶었는데.	멈보 춤추고 싶었는데.	이름 통일(MUMBO=멈보, 카주이와 같게)
0E70:0:0	00628	BIG HEAP BUMMER.	완전 실망이네.	완전 실망이다.	훔바 말투
0E74:0:1	00634	USELESS WUMBA HID IN WIGWAM TOO!	쓸모없는 움바도 위그왐에 숨었잖아!	쓸모없는 움바도 천막에 숨었잖아!	지명 뜻으로(WUMBA'S WIGWAM=움바의 천막)
0E7E:0:0	00647	MUMBO RIGHT, BIG HEAP FUN!	맘보 말 맞다, 완전 재밌다!	멈보 말 맞다, 완전 재밌다!	이름 통일(MUMBO=멈보, 카주이와 같게)
0F07:0:0	00659	A-MAIZING!	믿을 수가 없군!	옥수수 터지게 놀랍구먼!	말장난 살림(A-MAIZING)
0F07:0:1	00660	I CORN HARDLY BELIEVE IT!	거의 못 믿을 지경이야!	벼락같이 믿기지가 않아!	말장난 살림(I CORN)
0F07:0:2	00661	YOU WHEATLY SORTED THOSE FLIES OUT!	파리들을 아주 멋지게 처리했구나!	파리들을 밀어내듯 싹 처리했구먼!	말장난 살림(WHEATLY)
0F07:1:2	00663	ENOUGH OF THE CROP JOKES, LADY.	그만 좀 하세요, 농작물 농담은, 아주머니.	농작물 말장난 좀 그만해, 아줌마.	카주이 말투(반말)
0F07:1:3	00664	I BELIEVE YOU OWE US A JIGGY.	지기 하나 주셔야 할 것 같은데요.	지기 하나 줘야 할 것 같은데.	카주이 말투(반말)
0F09:0:8	00671	BOZO?	얼간이?	얼간이라고?	원문 뜻(BOZO? = 되물음)
0F09:1:10	00684	WE'RE HERE TO KICK BUTT AND WIN!	우리는 여기 엉덩이를 걷어차고 이기러 왔다고!	우린 혼쭐내고 이기러 왔다고!	어색한 직역(KICK BUTT)
0F0D:0:2	00700	I CAN'T FIND TARGITZAN'S FAVORITE PRICELESS RELIC THINGY!	타기잔의 가장 아끼는 귀중한 유물 나부랭이를 못 찾겠어!	타깃잔의 가장 아끼는 귀중한 유물 나부랭이를 못 찾겠어!	이름 통일(TARGITZAN=타깃잔)
0F11:1:3	00714	WE SPEAK ENGLISH IN THIS GAME!	우린 이 게임에서 영어로 말한다고!	우린 이 게임에서 한국어로 말한다고!	한국어판 맞춤(원문 «영어로»)
0F16:1:3	00727	I SUPPOSE YOU EXPECT US TO MOVE IT?	네가 그걸 옮겨주길 바라는 거지?	우리가 그걸 옮겨 주길 바라는 거지?	오역(주어)
0F19:0:1	00738	YOU MAY ENTER THE QUARTERFINALS, BUT I'D ADVISE YOU TAKE A LITTLE TRAINING DOWNSTAIRS FIRST.	준결승 진출전에 참가해도 좋지만, 먼저 아래층에서 훈련 좀 받아보는 걸 추천하지.	준준결승에 참가해도 좋지만, 먼저 아래층에서 훈련 좀 받아보는 걸 추천하지.	오역(QUARTERFINALS=준준결승)
0F1E:0:0	00746	YOU'VE WON YOUR QUARTERFINAL!	준결승 진출전 이겼다!	준준결승을 이겼다!	오역(QUARTERFINAL=준준결승)
0F1F:0:0	00748	YOU'VE WON YOUR SEMIFINAL!	준결승 이겼다!	준결승을 이겼다!	조사
0F26:0:0	00762	USE THE CONTROL STICK TO MOVE, {81} TO KICK THE BALL AND {86} TO BARGE.	컨트롤 스틱으로 이동, {81}로 공 차기, {86}으로 몸싸움을 해.	컨트롤 스틱으로 이동, {81}으로 공 차기, {86}으로 몸싸움을 해.	버튼 아이콘 뒤 조사 통일(«버튼»으로 읽어 을·으로·과)
0F2D:0:0	00780	YOU'VE FOUND TARGITZAN'S PRICELESS RELIC THINGY!	타기잔의 값을 매길 수 없는 귀한 유물을 찾았구나!	타깃잔의 값을 매길 수 없는 귀한 유물을 찾았구나!	이름 통일(TARGITZAN=타깃잔)
0F2E:0:0	00787	THANKS AGAIN FOR RETURNING TARGITZAN'S RELIC THINGY.	타기잔의 유물을 돌려줘서 다시 한번 고맙다.	타깃잔의 유물을 돌려줘서 다시 한번 고맙다.	이름 통일(TARGITZAN=타깃잔)
0F2F:0:0	00790	HELP ME FIND TARGITZAN'S MISSING GOLDEN RELIC THINGY AND I'LL REWARD YOU WELL!	타기잔의 잃어버린 황금 유물을 찾는 걸 도와주면 톡톡히 보상해주마!	타깃잔의 잃어버린 황금 유물을 찾는 걸 도와주면 톡톡히 보상해주마!	이름 통일(TARGITZAN=타깃잔)
0F2F:1:2	00791	REWARD?	보상이요?	보상?	카주이 말투(반말)
0F34:0:0	00804	I AM TARGITZAN, MIGHTY MAYAN GOD OF TARGET SHOOTING!	나는 타기잔, 사격의 전능한 마야신이다!	나는 타깃잔, 사격의 전능한 마야신이다!	이름 통일(TARGITZAN=타깃잔)
0F34:0:1	00805	PREPARE TO MEET THY DART-RIDDEN DOOM!	화살 꽂힌 운명을 맞이할 준비나 해라!	화살 범벅이 될 최후를 맞이할 준비나 해라!	어색한 직역
0F36:0:2	00811	NOW SUFFER AS I INVOKE MY SACRED SELF-DESTRUCT...	이제 내 신성한 자폭을 발동하는 고통이나 느껴봐라...	이제 내 신성한 자폭을 맛보며 괴로워해라...	어색한 문장
0F41:0:0	00837	I AM STILL TARGITZAN, MIGHTY MAYAN GOD OF THE TARGETS!	나는 여전히 타기잔, 표적의 전능한 마야신이다!	나는 여전히 타깃잔, 표적의 전능한 마야신이다!	이름 통일(TARGITZAN=타깃잔)
0F45:0:0	00849	THIS IS MY REMINDER...	이건 내 다짐이야...	다시 한번 말하지만...	오역(THIS IS MY REMINDER)
0F46:0:0	00853	USE THE CONTROL STICK TO MOVE, {81} TO KICK THE BALL AND {86} TO BARGE.	컨트롤 스틱으로 이동, {81}로 공 차기, {86}으로 몸싸움을 해.	컨트롤 스틱으로 이동, {81}으로 공 차기, {86}으로 몸싸움을 해.	버튼 아이콘 뒤 조사 통일(«버튼»으로 읽어 을·으로·과)
0F58:0:1	00887	I'M TOO BUSY SEARCHING FOR TARGITZAN'S FAVORITE PRICELESS RELIC THINGY!	타기잔이 가장 아끼는 값을 매길 수 없는 유물을 찾느라 너무 바빠!	타깃잔이 가장 아끼는 값을 매길 수 없는 유물을 찾느라 너무 바빠!	이름 통일(TARGITZAN=타깃잔)
0F5A:0:1	00891	SORRY, MUMBO NOT SPEAK WAY OF STONE MAN.	미안, 맘보 돌사람 말 못 한다.	미안, 멈보 돌사람 말 못 한다.	이름 통일(MUMBO=멈보, 카주이와 같게)
0F7E:0:8	00896	THEY JUST LEFT ME IN HERE. I DON'T THINK I'LL LAST MUCH LONGER...	그냥 여기 날 내버려 두고 갔어요. 더는 못 버틸 것 같아요…	그냥 여기 날 내버려 두고 갔어. 더는 못 버틸 것 같아...	카나리아 메리 말투 통일(반말)
0F89:0:3	00947	IT'S BEEN WEDGED IN MY...	계속 내 안에 끼워져 있었어…	그동안 내 거기에 끼워 놨던 건데...	원문 뜻(WEDGED IN MY...)
0F8B:1:12	00968	NOT SO FAST, BANJO!	그렇게 빨리 가지 마, 밴조！	그렇게 빨리 가지 마, 반조！	주인공 이름 통일(카주이와 같게)
0F92:0:0	01002	BLEEP!	삐！	삐이—!	같은 원문 번역 통일(B5)
0F92:0:2	01004	BLEEP!	삐！	삐이—!	같은 원문 번역 통일(B5)
0F93:0:0	01005	BLEEP!	삐！	삐이—!	같은 원문 번역 통일(B5)
0F93:0:2	01007	BLEEP!	삐！	삐이—!	같은 원문 번역 통일(B5)
0F94:0:0	01008	BLEEP!	삐！	삐이—!	같은 원문 번역 통일(B5)
0F94:0:2	01010	BLEEP!	삐！	삐이—!	같은 원문 번역 통일(B5)
0F95:0:0	01011	BLEEP!	삐！	삐이—!	같은 원문 번역 통일(B5)
0F97:0:5	01022	YOU WOULD, HUH?	그래, 그렇다고？	그래서, 쓰겠다 이거냐?	어색한 직역(YOU WOULD, HUH?)
0F97:1:3	01028	I'M BANJO AND THIS IS KAZOOIE.	난 밴조고 이쪽은 카주이야.	난 반조고 이쪽은 카주이야.	주인공 이름 통일(카주이와 같게)
0F97:1:4	01029	WE WANT TO USE YOUR TRAIN.	당신 기차를 쓰고 싶은데요.	네 기차 좀 써야겠는데.	카주이 말투(반말)
0F9F:0:6	01052	YOU'RE NOT GOIN' IN 'TIL YOU CAN DEFEND Y'SELF WITHOUT SHOOTIN'!	쏘지 않고 널 지킬 수 있을 때까지 안 들여보낼 거야！	쏘지 않고도 스스로를 지킬 수 있을 때까지 안 들여보낼 거야!	오역(Y'SELF = 너 자신)
0F9F:1:5	01055	OKAY, WE PROMISE NOT TO SHOOT.	알았어요, 안 쏜다고 약속할게요.	알았어, 안 쏜다고 약속할게.	카주이 말투(반말)
0FA0:0:1	01057	YOU'RE NOT GOIN' IN THERE 'TIL YOU CAN DEFEND Y'SELF WITHOUT SHOOTIN'!	쏘지 않고 널 지킬 수 있을 때까지 저 안엔 안 들여보낼 거야！	쏘지 않고도 스스로를 지킬 수 있을 때까지 저 안엔 안 들여보낼 거야!	오역(Y'SELF = 너 자신)
0FA1:0:7	01063	YOU'LL HAVE TO TRY AND DEFUSE THEM SOMEHOW.	어떻게든 해체를 시도해야 해.	어떻게든 뇌관을 제거해야 해.	어색한 표현(DEFUSE)
0FA1:1:3	01067	DON'T WORRY.	걱정 마세요.	걱정 마.	카주이 말투(반말)
0FA5:0:0	01079	BLEEP!	삐！	삐이—!	같은 원문 번역 통일(B5)
0FA5:0:2	01081	BLEEP!	삐！	삐이—!	같은 원문 번역 통일(B5)
0FA6:0:0	01082	BLEEP!	삐！	삐이—!	같은 원문 번역 통일(B5)
0FA6:0:2	01084	BLEEP!	삐！	삐이—!	같은 원문 번역 통일(B5)
0FAA:0:1	01093	I HEAR THAT JAMJARS FELLA'S RUNNIN' A BREEGULL BLASTER COURSE IN MAYAHEM TEMPLE.	잼자스라는 녀석이 마야헴 사원에서 브리걸 블래스터 강습을 한다던데.	잼자스라는 녀석이 마야 대혼란 사원에서 브리걸 블래스터 강습을 한다던데.	지명 뜻으로(MAYAHEM TEMPLE=마야 대혼란 사원)
0FAB:0:0	01095	RECKON THERE'S A YELLOW STREAK RUNNIN' RIGHT DOWN YOUR BACK.	네놈 등줄기에 노란 줄이 쭉 그어진 것 같구먼.	아무래도 겁쟁이인가 보구먼.	관용구(YELLOW STREAK = 겁쟁이)
0FB7:0:0	01118	I'M CANARY MARY.	난 카나리아 메리야.	나는 카나리아 메리야.	같은 원문 번역 통일(AA)
0FB9:1:7	01144	I'M SURE I'LL FIND HER SOMEWHERE...	어디선가 분명 찾을 수 있을 거예요…	어디선가 분명 찾을 수 있을 거야...	카주이 말투(반말)
0FBE:1:2	01171	WE HAD ANOTHER LOOK ROUND AND MANAGED TO FIND HER.	다시 한번 둘러봤더니 찾았어요.	다시 한번 둘러봤더니 찾았어.	카주이 말투(반말)
0FE2:1:0	01173	TESTING.	테스트.	테스트 중.	같은 원문 번역 통일(80)
0FE3:0:0	01175	GREETINGS, FRIEND, THE NAME'S PAWNO.	반가워요, 친구, 내 이름은 폰노요.	어서 오게, 친구, 내 이름은 포노라네.	이름 통일(PAWNO=포노) / 같은 원문 번역 통일(C7)
0FE3:0:1	01176	I'M THE LOCAL PAWNBROKER.	이 동네 전당포 주인이죠.	이 동네 전당포 주인이지.	같은 원문 번역 통일(C7)
0FE3:0:5	01178	A REAL NICE PIECE, CIRCA BANJO-KAZOOIE, SO I WAS TOLD.	밴조카주이 시절 물건이라던데, 진짜 좋은 물건이에요.	반조-카주이 시절 물건이라던데, 진짜 좋은 물건이에요.	표기(반조-카주이)
0FE3:0:6	01179	I RECKON 20 GOLD DOUBLOONS WOULD BE A FAIR PRICE.	금화 20닥블룬 정도가 적당한 값이라고 봐요.	금화 20더블룬이면 적당한 가격이라고 보네.	용어 통일(DOUBLOON=더블룬) / 같은 원문 번역 통일(C7)
0FE3:1:4	01181	20 DOUBLOONS?!	20닥블룬이요？！	20더블룬이요？！	용어 통일(DOUBLOON=더블룬)
0FE3:1:5	01182	WE ONLY WANT THE JIGGY, NOT YOUR WHOLE SHOP!	우린 그 지기만 필요하지 당신 가게 전체는 필요 없다고요！	우린 그 지기만 필요하지, 네 가게 전체는 필요 없다고!	카주이 말투(반말)
0FE4:0:0	01183	IT'S STILL 20 DOUBLOONS FOR THE JIGGY.	그 지기는 여전히 20닥블룬이에요.	그 지기는 여전히 20더블룬이라네.	포노 말투 통일(하게체)
0FE4:0:1	01184	WOULD YOU LIKE TO BUY IT?	사시겠어요？	사겠나?	포노 말투 통일(하게체)
0FE5:0:0	01185	HELLO AGAIN!	또 만났네요！	또 만났군!	같은 원문 번역 통일(C7)
0FE5:0:3	01186	FAR FROM WORTHLESS, MY FRIEND.	전혀 가치 없는 게 아니에요, 친구.	결코 쓸모없는 물건이 아니라네, 친구.	같은 원문 번역 통일(C7)
0FE5:0:4	01187	I WAS TOLD THAT PAGE COMES FROM THE LEGENDARY CHEATO BOOK.	그 페이지는 전설의 치토 책에서 나온 거라고 들었어요.	그 페이지는 전설의 치토 책에서 나온 거라고 들었지.	같은 원문 번역 통일(C7)
0FE5:0:7	01188	OH YES.	아, 맞아요.	아, 그렇고말고.	같은 원문 번역 통일(C7)
0FE5:0:8	01189	I'M AFRAID I WON'T TAKE LESS THAN 5 DOUBLOONS FOR IT. I DON'T GET QUALITY LIKE THAT IN HERE EVERY DAY!	유감이지만 5닥블룬 밑으로는 안 팔아요. 이런 품질은 매일 들어오는 게 아니거든요！	미안하지만 5더블룬 밑으로는 안 받겠네. 이런 고급품은 매일 들어오는 게 아니거든!	용어 통일(DOUBLOON=더블룬) / 같은 원문 번역 통일(C7)
0FE5:1:1	01190	HOW MUCH FOR THE WORTHLESS OLD PAGE?	그 가치 없는 낡은 페이지는 얼마예요？	그 쓸모없는 낡은 페이지는 얼마야?	같은 원문 번역 통일(81)
0FE5:1:7	01192	SO I SEE...	그러네요…	그래 보이네...	카주이 말투(반말)
0FE6:0:0	01193	WELCOME BACK.	또 오셨네요.	다시 오셨군.	같은 원문 번역 통일(C7)
0FE6:0:1	01194	THE PAGE IS STILL AVAILABLE IF YOU WANT IT.	그 페이지는 아직 팔려고 있어요, 원하시면요.	그 페이지는 아직 팔고 있어요, 원하시면요.	어색한 문장
0FE6:0:4	01195	IT WOULD STILL BE 5 DOUBLOONS.	여전히 5닥블룬이에요.	여전히 5더블룬이라네.	용어 통일(DOUBLOON=더블룬) / 같은 원문 번역 통일(C7)
0FE6:0:5	01196	DO I HAVE A SALE?	거래 성사된 건가요？	거래 성사인가?	같은 원문 번역 통일(C7)
0FE6:1:1	01197	I'M SURE IT WOULD STILL BE HERE NEXT YEAR...	내년에도 분명 여기 있겠네요…	내년에도 분명 여기 있겠네...	카주이 말투(반말)
0FE7:0:0	01198	WELL, IF YOU CHANGE YOUR MIND, YOU KNOW WHERE I AM.	음, 마음 바뀌면 제가 어디 있는지 아시잖아요.	음, 마음이 바뀌면 내가 어디 있는지 알지 않나.	포노 말투 통일(하게체)
0FE8:0:0	01199	A PLEASURE DOING BUSINESS.	거래해서 즐거웠어요.	거래해서 즐거웠네.	포노 말투 통일(하게체)
0FE8:0:1	01200	PLEASE HELP YOURSELVES!	편하게 둘러보세요！	편하게 둘러보게!	포노 말투 통일(하게체)
0FE9:0:0	01201	AH, YOU SAY YES, BUT YOUR PURSE IS TELLING ME NO!	아, 네 하고는 말하면서, 지갑은 아니라고 하네요！	아, 입으로는 그렇다면서 지갑은 아니라고 하는군!	포노 말투 통일(하게체)·어색한 직역
0FEA:0:0	01202	WHAT DO YOU SAY?	어떻게 하실래요？	어떻게 하겠나?	포노 말투 통일(하게체)
0FEB:0:1	01203	SORRY, FRIEND, THE REST OF THE STUFF'S BEEN HERE AGES.	미안해요, 친구, 나머지 물건들은 다 오래된 거라서.	미안하네, 친구, 나머지 물건들은 여기 있은 지 오래됐다네.	같은 원문 번역 통일(C7)
0FEB:0:2	01204	I'LL NEVER SELL SOME OF THIS RUBBISH...	이 쓰레기 중 일부는 절대 못 팔 것 같아요…	이 잡동사니 중 일부는 평생 못 팔 것 같아...	같은 원문 번역 통일(C7)
0FEC:0:12	01213	THIS CAMERA WAS TOO EXPENSIVE - I HAD NO DOUBLOONS LEFT.	이 카메라가 너무 비싸서 - 닥블룬이 한 푼도 안 남았어요.	이 카메라가 너무 비싸서 - 더블룬이 한 푼도 안 남았어요.	용어 통일(DOUBLOON=더블룬)
0FEE:0:1	01223	PERHAPS THIS THING I FOUND EARLIER MAY INTEREST YOU.	아까 찾은 이게 당신한테 관심 있을지도 모르겠네요.	아까 찾은 이게 마음에 드실지도 모르겠네요.	어색한 직역
0FF1:0:7	01232	NO, WE HAVE A CELL PHONE FOR THAT.	아니, 그건 휴대폰이 있어.	아니, 그건 휴대폰으로 하면 돼.	어색한 문장(PHONE HOME 농담)
0FF5:0:1	01246	NOW PLEASE EXIT OUR SHIP, AS WE NEED TO LEAVE.	이제 우리 배에서 나가 줘, 떠나야 하거든.	이제 우리 우주선에서 나가 줘, 떠나야 하거든.	어색한 직역(SHIP=우주선)
0FF6:0:0	01251	OOOH, I DON'T KNOW WHAT TO DO!	오오, 어떻게 해야 할지 모르겠어！	어어, 어떻게 해야 할지 모르겠어요!	같은 원문 번역 통일(C8)
0FF6:0:3	01252	IT'S MY BABY.	내 아기야.	우리 아기 때문이에요.	같은 원문 번역 통일(C8)
0FF6:0:4	01253	HE'S ABOUT 32 WEEKS LATE.	32주나 늦었어.	예정일에서 32주나 늦어졌어요.	같은 원문 번역 통일(C8)
0FF6:0:5	01254	CAN YOU HELP?	도와줄 수 있어？	도와주실 수 있나요?	같은 원문 번역 통일(C8)
0FF6:0:8	01255	I'M A REPTILE, NOT A BIRD.	난 파충류지, 새가 아니라고.	난 파충류지, 새가 아니에요.	같은 원문 번역 통일(C8)
0FF6:0:9	01256	HE'S SUPPOSED TO GET OUT HIMSELF.	얘는 스스로 나와야 해.	알아서 나와야 하는 거라고요.	같은 원문 번역 통일(C8)
0FF6:1:4	01258	CAN'T YOU JUST SIT ON IT AND HATCH IT?	그냥 위에 앉아서 부화시키면 안 돼？	그냥 깔고 앉아서 부화시키면 안 돼?	같은 원문 번역 통일(81)
0FF7:0:0	01259	STILL NO SIGN OF HIM HATCHING. I'M GETTING MORE WORRIED BY THE MINUTE!	아직도 부화할 기미가 없어. 1분마다 점점 더 걱정되네！	아직도 부화할 기미가 없어요. 시간이 갈수록 더 걱정돼요!	같은 원문 번역 통일(C8)
0FF7:0:3	01260	IT HAD BETTER BE.	그러는 게 좋을 거야.	그래야만 해요.	같은 원문 번역 통일(C8)
0FF7:0:4	01261	I'VE ALREADY GOT 19 GIRLS!	난 이미 딸이 19명이나 있어！	이미 딸만 19명이라고요!	같은 원문 번역 통일(C8)
0FF8:0:0	01263	MY BABY'S STILL UPSIDE DOWN!	내 아기가 아직도 거꾸로야！	우리 아기가 아직도 거꾸로예요!	팁텁 말투 통일(해요체)
0FF8:0:1	01264	PLEASE HELP HIM!	제발 도와줘！	제발 도와주세요!	팁텁 말투 통일(해요체)
0FF9:0:0	01265	THANK YOU SO MUCH!	정말 고마워！	정말 고마워요!	팁텁 말투 통일(해요체)
0FF9:0:4	01267	HE'S UPSIDE DOWN!	거꾸로야！	거꾸로예요!	팁텁 말투 통일(해요체)
0FF9:0:7	01268	THAT'S NOT FUNNY.	그거 안 웃기거든.	그거 안 웃겨요.	팁텁 말투 통일(해요체)
0FF9:0:8	01269	PLEASE HELP HIM!	제발 도와줘！	제발 도와주세요!	팁텁 말투 통일(해요체)
0FFA:0:0	01273	OH, THAT'S MUCH BETTER!	아, 훨씬 낫네！	아, 훨씬 낫네요!	팁텁 말투 통일(해요체)
0FFA:0:1	01274	I FOUND THIS BURIED IN THE SAND - IT'S YOURS!	모래 속에서 이걸 찾았어 - 네 거야！	모래 속에서 이걸 찾았어요 - 가지세요!	팁텁 말투 통일(해요체)
0FFB:0:3	01278	I'M MERRY MAGGIE, PARTNER OF JOLLY ROGER.	난 메리 매기예요, 졸리 로저의 짝꿍이죠.	전 메리 매기예요, 졸리 로저의 짝꿍이죠.	말투 통일
0FFB:0:7	01280	THAT'S LOVELY.	멋지네요.	잘됐네요.	같은 원문 번역 통일(CA)
0FFB:1:1	01283	ONLY IF THE PRICE IS RIGHT...	값만 맞으면요…	값만 맞으면...	카주이 말투(반말)
0FFD:0:1	01290	AND REMEMBER, IT'S 'GRAB-A-SAILOR' NIGHT IN HERE EVERY WEDNESDAY!	그리고 기억해요, 매주 수요일은 이 안에서 '선원 붙잡기' 밤이에요！	그리고 기억해요, 매주 수요일은 여기서 '선원 낚아채기' 밤이에요!	같은 원문 번역 통일(CA)
0FFD:0:5	01292	ONE DOUBLOON GETS YOU FIVE TANKARDS OF SEAMAN'S BREW!	닥블룬 하나면 선원의 맥주 다섯 잔 받을 수 있어요！	더블룬 하나면 선원의 맥주 다섯 잔 받을 수 있어요！	용어 통일(DOUBLOON=더블룬)
0FFD:1:2	01293	I THINK WE'LL GIVE IT A MISS...	그건 저희가 사양할게요…	그건 사양할게...	카주이 말투(반말)
0FFE:0:1	01295	I'M JOLLY ROGER, TOWN MAYOR AND PROPRIETOR OF THIS LOVELY HARBORSIDE INN.	전 졸리 로저예요, 마을 시장이자 이 멋진 항구 여관의 주인이죠.	전 졸리 로저예요, 이 마을 촌장이자 이 멋진 항구 여관 주인이죠.	같은 원문 번역 통일(C9)
0FFE:1:1	01300	WE'D LIKE A GINGER BEER, PLEASE.	진저비어 한 잔 주세요.	진저비어 한 잔 줘.	카주이 말투(반말)
0FFE:1:4	01301	THAT'S A SHAME.	그거 참 안됐네요.	그거 참 안됐네.	카주이 말투(반말)
0FFE:1:5	01302	NOW HOW ABOUT THAT DRINK?	이제 그 술은 어때요？	그럼 이제 그 한 잔은?	같은 원문 번역 통일(81)
0FFE:1:7	01304	OH, SORRY.	아, 미안해요.	아, 미안.	카주이 말투(반말)
0FFE:1:8	01305	WHERE DID YOU LAST SEE HER?	마지막으로 어디서 봤어요？	마지막으로 어디서 봤어?	같은 원문 번역 통일(81)
0FFE:1:11	01306	PERHAPS SHE WAS EATEN BY A VICIOUS SEA DEMON.	어쩌면 사나운 바다 악마한테 잡아먹혔을지도 몰라요.	어쩌면 사나운 바다 악마한테 잡아먹혔을지도 몰라.	카주이 말투(반말)
0FFF:0:0	01307	MY PARTNER STILL HASN'T RETURNED, YOU KNOW...	제 짝꿍이 아직도 안 돌아왔어요, 알아요…	제 짝꿍이 아직도 안 돌아왔다고요...	어색한 문장(YOU KNOW)
1000:1:1	01312	THINK NOTHING OF IT.	별말씀을요.	별거 아니야.	카주이 말투(반말)
1002:0:1	01316	IT'S HALF PRICE AT 2 DOUBLOONS, AS THIS NAUGHTY MOLE HAS DUG A HOLE IN THE CORNER OF IT.	이 못된 두더지가 구석에 구멍을 파놔서 반값인 2닥블룬이에요.	이 못된 두더지가 구석에 구멍을 파놔서 반값인 2더블룬이에요.	용어 통일(DOUBLOON=더블룬)
1005:0:0	01322	I'D LOVE TO LET YOU IN, BUT YOU DON'T HAVE ENOUGH DOUBLOONS AT THE MOMENT.	들여보내 드리고 싶은데, 지금 닥블룬이 부족하시네요.	들여보내 드리고 싶은데, 지금 더블룬이 부족하시네요.	용어 통일(DOUBLOON=더블룬)
1006:0:14	01331	BUT I WILL SELL YE ME LAST POSSESSION FOR JUST ~ DOUBLOON.	하지만 내 마지막 소유물을 딱 ~닥블룬에 팔지.	하지만 내 마지막 소유물을 딱 ~더블룬에 팔지.	용어 통일(DOUBLOON=더블룬)
1006:1:5	01334	BEATS STANDING AROUND, THOUGH.	그냥 서 있는 것보단 낫잖아요.	그냥 서 있는 것보단 낫잖아.	카주이 말투(반말)
1006:1:9	01336	PERHAPS WE CAN LEND YOU A DOUBLOON OR TWO.	닥블룬 한두 개는 빌려드릴 수 있어요.	더블룬 한두 개는 빌려드릴 수 있어요.	용어 통일(DOUBLOON=더블룬)
1007:0:1	01338	NOW HOW ABOUT BUYING OL' BLUBBER'S LAST POSSESSION FOR ~ DOUBLOON?	이제 올드 블러버의 마지막 소유물을 ~닥블룬에 사는 건 어때？	이제 올드 블러버의 마지막 소유물을 ~더블룬에 사는 건 어때？	용어 통일(DOUBLOON=더블룬)
1008:0:0	01339	DO YOU WANT MY LAST POSSESSION FOR ~ DOUBLOON?	내 마지막 소유물 ~닥블룬에 살래？	내 마지막 소유물 ~더블룬에 살래？	용어 통일(DOUBLOON=더블룬)
1009:0:0	01340	BILGE RATS!	이런 밸지 쥐새끼들！	이런 배 밑창 쥐새끼들!	음역(BILGE RATS)
100B:0:0	01343	ARR, YE'S A GOOD 'UN, BANJO.	아, 넌 괜찮은 놈이구먼, 밴조.	아, 넌 괜찮은 놈이구먼, 반조.	주인공 이름 통일(카주이와 같게)
100C:0:0	01345	AVAST THERE, YE SCURVY DOGS!	이놈들, 조심해라！	게 섰거라, 이 비루먹은 개놈들아!	해적 말투(AVAST, SCURVY DOGS)
100C:0:5	01348	WATCH YER TONGUE, BUZZARD!	말조심해, 이 독수리 놈아！	말조심해라, 이 대머리독수리 놈아!	어색한 직역(BUZZARD)
1011:0:0	01359	SPLICE THE MAIN BRACE!	돛줄을 이어라！	자, 한잔하자!	해적 관용구(SPLICE THE MAIN BRACE)
1012:0:3	01364	JUST TAKE THESE DOUBLOONS AND FETCH ME ANOTHER GLASS O' WATER...	이 닥블룬이나 받고 물 한 잔 더 가져다줘…	이 더블룬이나 받고 물 한 잔 더 가져다줘…	용어 통일(DOUBLOON=더블룬)
1013:0:0	01365	THIS IS A DOUBLOON.	이건 닥블룬이다.	이건 더블룬이다.	용어 통일(DOUBLOON=더블룬)
1013:0:1	01366	THEY ARE THE ONLY CURRENCY ACCEPTED IN JOLLY ROGER'S LAGOON.	졸리 로저의 라군에서 통용되는 유일한 화폐지.	졸리 로저의 석호에서 통용되는 유일한 화폐지.	지명 뜻으로(JOLLY ROGER'S LAGOON=졸리 로저의 석호)
1014:0:0	01367	HELP US SORT OUR POOL OUT, MR. BEAR!	우리 수영장 좀 고쳐줘, 곰 아저씨！	우리 수영장 좀 해결해줘요, 곰 아저씨!	같은 원문 번역 통일(D1)
1014:0:3	01368	WE WANT TO GO SWIMMING, BUT THE WATER IS POLLUTED AND ICY COLD.	수영하고 싶은데, 물이 오염됐고 얼음처럼 차가워.	수영하러 가고 싶은데 물이 오염되고 얼음처럼 차가워요.	같은 원문 번역 통일(D1)
1015:0:0	01373	PLEASE FIX THE POOL.	수영장 좀 고쳐줘.	수영장 좀 고쳐줘요.	같은 원문 번역 통일(D1)
1015:0:1	01374	PIGGLES PUSHED ME IN THE OTHER WEEK, AND LOOK WHAT'S HAPPENED TO MY ARM!	저번 주에 피글스가 날 밀어서, 내 팔이 이렇게 됐어！	지난주에 피글스가 날 밀어 넣었는데, 내 팔이 어떻게 됐는지 좀 봐요!	같은 원문 번역 통일(D1)
1015:0:4	01375	THANKS.	고마워.	고마워요.	같은 원문 번역 통일(D1)
1015:0:5	01376	I'M A LITTLE TOUCHY ABOUT IT, AS YOU MIGHT EXPECT.	그 얘기엔 좀 예민해, 네가 짐작하다시피.	짐작하시겠지만 이 일엔 좀 예민해요.	같은 원문 번역 통일(D1)
1016:0:0	01379	THE SWIMMING POOL WATER IS STILL HORRIBLY POLLUTED AND WAY TOO COLD FOR ME AND TROTTY.	수영장 물이 아직도 끔찍하게 오염됐고 나랑 트로티한텐 너무 차가워.	수영장 물이 아직도 끔찍하게 오염됐고 저랑 트로티한텐 너무 차가워요.	수영장 아이 말투 통일(해요체)
1017:0:0	01380	HURRY UP WITH THE POOL.	수영장 좀 서둘러줘.	수영장 좀 서둘러 주세요.	수영장 아이 말투 통일(해요체)
1017:0:1	01381	I THINK I CAN FEEL A THIRD LEG STARTING TO GROW...	세 번째 다리가 자라나는 느낌이 들어…	세 번째 다리가 자라나는 느낌이 들어요...	수영장 아이 말투 통일(해요체)
1018:0:0	01382	THE POOL LOOKS MUCH CLEANER NOW, THANKS!	수영장이 훨씬 깨끗해졌네, 고마워！	수영장이 훨씬 깨끗해졌네요, 고마워요!	같은 원문 번역 통일(D1)
1019:0:0	01384	THE WATER IS CLEANER, BUT THERE'S STILL THE TEMPERATURE TO FIX.	물은 깨끗해졌는데, 아직 온도를 고쳐야 해.	물은 깨끗해졌지만 수온은 아직 고쳐야 해요.	같은 원문 번역 통일(D1)
101A:0:0	01386	THE WATER IS STILL TOO COLD.	물이 아직도 너무 차가워.	물이 아직도 너무 차가워요.	수영장 아이 말투 통일(해요체)
101B:0:0	01387	PLEASE WARM THE WATER UP - IT'S FREEZING!	물 좀 데워줘 - 얼어 죽겠어！	물 좀 데워 주세요 - 얼어 죽겠어요!	수영장 아이 말투 통일(해요체)
101C:0:0	01388	THE WATER IS MUCH WARMER NOW, BUT WE DAREN'T GO IN BECAUSE OF THE TOXIC WASTE!	물이 훨씬 따뜻해졌는데, 독성 폐기물 때문에 감히 들어갈 수가 없어！	물이 훨씬 따뜻해졌지만 독성 폐기물 때문에 감히 못 들어가겠어요!	같은 원문 번역 통일(D1)
101D:0:0	01390	IT'S WARMER NOW, BUT I DON'T WANT ANY MORE ARMS!	이제 따뜻해졌는데, 더 이상 팔은 필요 없어！	따뜻해지긴 했지만 팔이 더 늘어나는 건 싫어요!	같은 원문 번역 통일(D1)
101E:0:0	01393	LOOK AT IT!	이거 봐！	이거 봐요!	수영장 아이 말투 통일(해요체)
101E:0:1	01394	THE WATER IS STILL ALARMINGLY FILTHY.	물이 아직도 끔찍하게 더러워.	물이 아직도 끔찍하게 더러워요.	수영장 아이 말투 통일(해요체)
101F:0:0	01395	SEE HOW SMELLY AND TOXIC THE POOL IS.	수영장이 얼마나 냄새나고 독성인지 봐.	수영장이 얼마나 냄새나고 독성인지 봐요.	수영장 아이 말투 통일(해요체)
101F:0:1	01396	DON'T YOU FEEL SORRY FOR US?	우리가 불쌍하지 않아？	우리가 불쌍하지 않아요?	수영장 아이 말투 통일(해요체)
1020:0:1	01398	NOW OUR WATER IS LOVELY AND WARM!	이제 물이 따뜻하고 좋아졌어！	이제 물이 따뜻하고 좋아졌어요!	수영장 아이 말투 통일(해요체)
1021:0:1	01400	NOW OUR WATER IS CRYSTAL CLEAR!	이제 물이 수정처럼 맑아졌어！	이제 물이 수정처럼 맑아졌어요!	수영장 아이 말투 통일(해요체)
1022:0:0	01401	AT LAST, WE CAN GO FOR A SWIM!	드디어, 수영하러 갈 수 있겠다！	드디어 수영하러 갈 수 있겠어요!	수영장 아이 말투 통일(해요체)
1022:0:1	01402	HERE, TAKE THIS PIECE OF GOLD THAT WE STOLE OFF THIS SMELLY, BONY LADY IN A BIG POINTY HAT.	자, 이 못된 뾰족모자 쓴 뼈다귀 할멈한테서 훔친 금 조각을 받아.	자, 이 냄새나는 뾰족모자 쓴 뼈다귀 할멈한테서 훔친 금 조각을 받으세요.	수영장 아이 말투 통일(해요체)·오역(SMELLY)
1023:0:0	01403	HOPE YOU'RE READY.	준비됐길 바란다.	준비되셨길 바라요.	크리스 말투 통일(해요체)
1023:0:1	01404	HERE THEY COME!	온다, 온다!	와요, 와요!	크리스 말투 통일(해요체)
1024:0:0	01405	I THINK THAT WILL DO IT.	이 정도면 될 것 같네.	이 정도면 될 것 같네요.	크리스 말투 통일(해요체)
1024:0:1	01406	I'M OFF BACK TO THE SURFACE.	난 수면 위로 돌아간다.	전 수면 위로 돌아갈게요.	크리스 말투 통일(해요체)
1025:0:1	01408	IF YOU COULD JUST FOLLOW ME DOWN TO THE BOTTOM...	바닥까지 날 따라와 주기만 하면...	바닥까지 저를 따라와 주시기만 하면...	크리스 말투 통일(해요체)
1026:0:0	01409	WELL, I'M NOT GOING DOWN THERE ON MY OWN, AND THIS SHINY THING IS STAYING IN MY SHORTS!	글쎄, 나 혼자서는 안 내려갈 거고, 이 반짝이는 건 내 팬티 속에 그대로 있을 거야!	글쎄요, 저 혼자서는 안 내려갈 거고, 이 반짝이는 건 제 반바지 속에 그대로 둘 거예요!	크리스 말투 통일·오역(SHORTS=반바지)
1035:0:0	01449	MUMBO SHINE BIG LIGHT ON WATER.	맘보, 물에 큰 빛 비췄다.	멈보, 물에 큰 빛 비췄다.	이름 통일(MUMBO=멈보, 카주이와 같게)
103E:1:0	01467	HEY, BANJO!	이봐, 밴조!	이봐, 반조!	주인공 이름 통일(카주이와 같게)
103F:0:3	01472	THAR BE 1000 DOUBLOONS UP FER GRABS, AN' IF I WIN, I'LL BE HAVIN' ME A FINE NEW FLYING MACHINE!	상금으로 1000두블룬이 걸려 있다, 내가 이기면 멋진 새 비행기를 장만할 거란 말이다!	상금으로 1000더블룬이 걸려 있다, 내가 이기면 멋진 새 비행기를 장만할 거란 말이다!	용어 통일(DOUBLOON=더블룬)
1041:0:0	01474	OKAY, BIG BOY, SHOW ME THE MONEY...	좋아, 큰 형씨, 돈 좀 보여줘...	좋아요, 큰 손님, 돈 좀 보여 주세요...	졸리 말투·어색한 표현(큰 형씨)
1042:0:1	01476	BUT HOW CAN YOU POSSIBLY SLEEP WHILE MY PARTNER IS STILL MISSING?	근데 내 파트너가 아직 실종 중인데 어떻게 잠을 잘 수가 있죠?	근데 제 짝꿍이 아직 실종 중인데 어떻게 잠이 오세요?	졸리 말투 통일
1043:0:0	01477	HOW ABOUT MY PARTNER AND I DROPPING BY YOUR ROOM LATER FOR A NIGHTCAP?	나중에 제 파트너랑 같이 방에 들러서 잠자리 술 한잔 하는 건 어때요?	나중에 제 짝꿍이랑 같이 방에 들러서 잠자리 술 한잔 하는 건 어때요?	용어 통일(PARTNER=짝꿍)
1045:0:0	01480	WHAT ARE YOU DOING!?	지금 뭐 하는 거야!?	지금 뭐 하는 거예요!?	팁텁 말투 통일(해요체)
1045:0:2	01481	THAT'S NO WAY TO OPEN THE EGG. YOU'LL BLOW MY LITTLE ONE TO PIECES!	그런 식으로 알을 깨는 게 아니라고. 우리 아기가 산산조각 나겠어!	그런 식으로 알을 깨면 안 돼요. 우리 아기가 산산조각 나겠어요!	팁텁 말투 통일(해요체)
104E:1:4	01519	CAN'T YOU JUST SIT ON IT AND HATCH IT?	그냥 깔고 앉아서 부화시키면 안 돼요?	그냥 깔고 앉아서 부화시키면 안 돼?	카주이 말투(반말)
1050:0:0	01524	OH, HELLO THERE!	아, 어서 오세요!	아, 안녕하세요！	같은 원문 번역 통일(C9)
1050:0:1	01525	I'M JOLLY ROGER, TOWN MAYOR AND PROPRIETOR OF THIS LOVELY HARBORSIDE INN.	저는 졸리 로저, 이 마을의 촌장이자 이 사랑스러운 항구 여관의 주인입니다.	전 졸리 로저예요, 이 마을 촌장이자 이 멋진 항구 여관 주인이죠.	같은 원문 번역 통일(C9)
1050:0:4	01526	I'D LOVE TO OBLIGE, BUT I'M LESS THAN JOLLY AT THE MOMENT AS MY PARTNER'S GONE MISSING...	기꺼이 도와드리고 싶지만, 제 파트너가 실종돼서 지금은 별로 즐겁지가 않네요...	그러고 싶은데, 지금은 전혀 즐겁지가 않네요, 제 짝꿍이 실종됐거든요…	용어 통일(졸리·매기 PARTNER=짝꿍) / 같은 원문 번역 통일(C9)
1050:0:7	01527	SHE WAS OUT ON A WAVERACER EARLY YESTERDAY EVENING. I HEARD A BIG GULPING NOISE, AND WHEN I GOT OUTSIDE, SHE WAS GONE!	어제 이른 저녁에 웨이브레이서를 타고 나갔는데, 꿀꺽하는 큰 소리가 들려서 밖에 나가보니 사라지고 없었어요!	어제 저녁에 웨이브레이서를 타고 나갔었어요. 큰 삼키는 소리가 들려서 밖에 나가 보니 사라져 있더라고요！	같은 원문 번역 통일(C9)
1050:0:11	01529	IT'S HAPPY HOUR SOON AND I'LL BE NEEDING SOME HELP!	곧 해피 아워인데 도움이 필요하겠네요!	곧 해피아워인데 도움이 필요할 거예요！	같은 원문 번역 통일(C9)
1051:0:0	01534	OH, HELLO THERE!	아, 어서 오세요!	아, 안녕하세요！	같은 원문 번역 통일(C9)
1051:0:1	01535	I'M JOLLY ROGER, TOWN MAYOR AND PROPRIETOR OF THIS LOVELY HARBORSIDE INN.	저는 졸리 로저, 이 마을의 촌장이자 이 사랑스러운 항구 여관의 주인입니다.	전 졸리 로저예요, 이 마을 촌장이자 이 멋진 항구 여관 주인이죠.	같은 원문 번역 통일(C9)
1051:0:4	01536	I'D LOVE TO OBLIGE, BUT I'M LESS THAN JOLLY AT THE MOMENT AS MY PARTNER'S GONE MISSING...	기꺼이 도와드리고 싶지만, 제 파트너가 실종돼서 지금은 별로 즐겁지가 않네요...	그러고 싶은데, 지금은 전혀 즐겁지가 않네요, 제 짝꿍이 실종됐거든요…	용어 통일(졸리·매기 PARTNER=짝꿍) / 같은 원문 번역 통일(C9)
1051:0:9	01538	SHE WAS OUT ON A WAVERACER EARLY YESTERDAY EVENING. I HEARD A BIG GULPING NOISE, AND WHEN I GOT OUTSIDE, SHE WAS GONE!	어제 이른 저녁에 웨이브레이서를 타고 나갔는데, 꿀꺽하는 큰 소리가 들려서 밖에 나가보니 사라지고 없었어요!	어제 저녁에 웨이브레이서를 타고 나갔었어요. 큰 삼키는 소리가 들려서 밖에 나가 보니 사라져 있더라고요！	같은 원문 번역 통일(C9)
1051:0:13	01540	IT'S HAPPY HOUR SOON AND I'LL BE NEEDING SOME HELP!	곧 해피 아워인데 도움이 필요하겠네요!	곧 해피아워인데 도움이 필요할 거예요！	같은 원문 번역 통일(C9)
1051:1:1	01541	I'LL HAVE A GINGER BEER, PLEASE.	진저 비어 한 잔 주세요.	진저비어 한 잔 줘.	카주이 말투(반말)·표기 통일
1051:1:4	01542	THAT'S A SHAME.	안됐네요.	그거 참 안됐네.	카주이 말투(반말) / 같은 원문 번역 통일(81)
1051:1:5	01543	NOW HOW ABOUT THAT DRINK?	그럼 그 음료는 어떻게 되는 거죠?	그럼 이제 그 한 잔은?	카주이 말투(반말)
1051:1:8	01544	OH, SORRY.	아, 죄송해요.	아, 미안.	카주이 말투(반말)
1051:1:9	01545	WHERE DID YOU LAST SEE HER?	마지막으로 어디서 봤어요?	마지막으로 어디서 봤어?	카주이 말투(반말)
1051:1:12	01546	PERHAPS SHE WAS EATEN BY A VICIOUS SEA DEMON.	사악한 바다 악마한테 먹혔을지도 모르죠.	어쩌면 사나운 바다 악마한테 잡아먹혔을지도 몰라.	카주이 말투(반말) / 같은 원문 번역 통일(81)
1052:0:0	01547	THANKS FOR RESCUING MY PARTNER!	제 파트너를 구해주셔서 감사합니다!	제 짝꿍을 구해줘서 고마워요！	용어 통일(졸리·매기 PARTNER=짝꿍) / 같은 원문 번역 통일(C9)
1052:0:3	01548	NO, HONESTLY, I'M RATHER PLEASED.	아니, 정말이지 꽤 기쁘답니다.	아뇨, 솔직히 꽤 기뻐요.	같은 원문 번역 통일(C9)
1052:0:4	01549	HOW ABOUT A TANKARD OF MY FINEST GINGER BEER, ON THE HOUSE?	저희 집 최고급 진저 비어 한 잔, 서비스로 드릴까요?	제일 좋은 진저비어 한 잔, 서비스로 어때요？	같은 원문 번역 통일(C9)
1052:0:7	01550	THEN PLEASE ACCEPT THIS MODEST LITTLE TRINKET INSTEAD...	그럼 대신 이 소박한 장신구를 받아주세요...	그럼 대신 이 자그마한 기념품을 받아주세요…	같은 원문 번역 통일(C9)
1053:0:0	01553	THANKS FOR RESCUING MY PARTNER!	제 파트너를 구해주셔서 감사합니다!	제 짝꿍을 구해줘서 고마워요！	용어 통일(졸리·매기 PARTNER=짝꿍) / 같은 원문 번역 통일(C9)
1053:0:3	01554	HOW ABOUT A TANKARD OF MY FINEST GINGER BEER, ON THE HOUSE?	저희 집 최고급 진저 비어 한 잔, 서비스로 드릴까요?	제일 좋은 진저비어 한 잔, 서비스로 어때요？	같은 원문 번역 통일(C9)
1054:0:3	01561	I'M MERRY MAGGIE, PARTNER OF JOLLY ROGER.	저는 졸리 로저의 파트너 메리 매기예요.	전 메리 매기예요, 졸리 로저의 짝꿍이죠.	용어 통일(졸리·매기 PARTNER=짝꿍) / 같은 원문 번역 통일(CA)
1054:0:4	01562	I WAS OUT ON ONE OF BLUBBER'S WAVERACERS, WHEN THIS FISH KNOCKED ME OFF AND SWALLOWED ME!	블러버 선장님의 웨이브레이서를 타고 나갔는데, 이 물고기가 날 떨어뜨리고 삼켜버렸지 뭐예요!	블러버의 웨이브레이서 중 하나를 타고 나갔는데, 이 물고기가 날 쳐서 떨어뜨리고 삼켜버렸어요！	같은 원문 번역 통일(CA)
1054:0:7	01563	THAT'S LOVELY.	고마워요.	잘됐네요.	같은 원문 번역 통일(CA)
1054:0:8	01564	IT'LL SOON BE HAPPY HOUR AT THE INN, AND JOLLY WILL BE NEEDING SOME RELIEF.	곧 여관이 해피 아워인데, 졸리가 도움이 필요할 거예요.	곧 여관 해피아워 시간인데, 졸리가 도움이 필요할 거예요.	같은 원문 번역 통일(CA)
1054:1:4	01567	THE FISH'S MOUTH IS OPEN NOW, SO YOU DON'T HAVE TO STAY IN HERE.	물고기 입이 이제 열려 있으니 여기 계속 있을 필요 없어요.	이제 물고기 입이 열렸으니까 여기 계속 있지 않아도 돼요.	같은 원문 번역 통일(80)
1055:0:0	01569	THANKS FOR RESCUING ME FROM THE BILE-INFESTED INNARDS OF THAT FEROCIOUS SEA MONSTER.	그 흉포한 바다 괴물의 담즙 가득한 뱃속에서 구해주셔서 감사해요.	그 흉포한 바다 괴물의 쓸개즙 가득한 뱃속에서 저를 구해줘서 고마워요.	같은 원문 번역 통일(CA)
1056:0:0	01572	THANKS AGAIN.	다시 한번 감사해요.	다시 한번 고마워요.	같은 원문 번역 통일(CA)
1056:0:1	01573	AND REMEMBER, IT'S 'GRAB-A-SAILOR' NIGHT IN HERE EVERY WEDNESDAY!	그리고 잊지 마세요, 매주 수요일은 여기서 '선원 낚아채기' 밤이랍니다!	그리고 기억해요, 매주 수요일은 여기서 '선원 낚아채기' 밤이에요!	같은 원문 번역 통일(CA)
1056:0:4	01574	IT'S VERY POPULAR.	아주 인기가 많아요.	엄청 인기가 많아요.	같은 원문 번역 통일(CA)
1056:0:5	01575	ONE DOUBLOON GETS YOU FIVE TANKARDS OF SEAMAN'S BREW!	1두블룬이면 뱃사람 맥주 다섯 잔이에요!	더블룬 하나면 선원의 맥주 다섯 잔 받을 수 있어요！	용어 통일(DOUBLOON=더블룬) / 같은 원문 번역 통일(CA)
1056:1:2	01576	I THINK I'LL GIVE IT A MISS...	난 사양할게요...	전 사양할게요...	반조 말투(존댓말 일관)
1057:0:5	01580	A REAL NICE PIECE, CIRCA BANJO-KAZOOIE, SO I WAS TOLD.	아주 훌륭한 물건이지, 듣기로는 밴조-카주이 시대 물건이라더군.	반조-카주이 시절 물건이라던데, 진짜 좋은 물건이에요.	주인공 이름 통일(카주이와 같게) / 같은 원문 번역 통일(C7)
1057:0:6	01581	I RECKON 20 GOLD DOUBLOONS WOULD BE A FAIR PRICE.	금화 20두블룬이면 적당한 가격이라고 보네.	금화 20더블룬이면 적당한 가격이라고 보네.	용어 통일(DOUBLOON=더블룬)
1057:1:4	01583	20 DOUBLOONS!	20두블룬이라고요!	20더블룬이라고요!	용어 통일(DOUBLOON=더블룬)
1058:0:5	01588	A REAL NICE PIECE, CIRCA BANJO-KAZOOIE, SO I WAS TOLD.	아주 훌륭한 물건이지, 듣기로는 밴조-카주이 시대 물건이라더군.	반조-카주이 시절 물건이라던데, 진짜 좋은 물건이에요.	주인공 이름 통일(카주이와 같게) / 같은 원문 번역 통일(C7)
1058:0:6	01589	I RECKON 20 GOLD DOUBLOONS WOULD BE A FAIR PRICE.	금화 20두블룬이면 적당한 가격이라고 보네.	금화 20더블룬이면 적당한 가격이라고 보네.	용어 통일(DOUBLOON=더블룬)
1058:1:1	01590	TELL ME ABOUT THAT JIGGY IN THE CASE BACK THERE.	저기 뒤쪽 진열장에 있는 지기에 대해 말해봐요.	저기 뒤쪽 진열장에 있는 지기 얘기 좀 해 봐.	카주이 말투(반말)
1058:1:4	01591	20 DOUBLOONS?!	20두블룬?!	20더블룬이요？！	용어 통일(DOUBLOON=더블룬) / 같은 원문 번역 통일(81)
1058:1:5	01592	I ONLY WANT THE JIGGY, NOT YOUR WHOLE SHOP!	난 지기만 필요하지, 가게 전체를 사려는 게 아니라고요!	난 지기만 필요하지, 가게 전체를 사려는 게 아니라고!	카주이 말투(반말)
1059:0:8	01597	I'M AFRAID I WON'T TAKE LESS THAN 5 DOUBLOONS FOR IT. I DON'T GET QUALITY LIKE THAT IN HERE EVERY DAY!	미안하지만 5두블룬 밑으로는 안 받겠네. 이런 고급품은 매일 들어오는 게 아니거든!	미안하지만 5더블룬 밑으로는 안 받겠네. 이런 고급품은 매일 들어오는 게 아니거든!	용어 통일(DOUBLOON=더블룬)
105A:0:8	01605	SO I'M AFRAID I WON'T TAKE LESS THAN 5 DOUBLOONS FOR IT. I DON'T GET QUALITY LIKE THAT IN HERE EVERY DAY!	그러니 미안하지만 5두블룬 밑으로는 안 받겠네. 이런 고급품은 매일 들어오는 게 아니거든!	그러니 미안하지만 5더블룬 밑으로는 안 받겠네. 이런 고급품은 매일 들어오는 게 아니거든!	용어 통일(DOUBLOON=더블룬)
105A:1:1	01606	HOW MUCH FOR THE WORTHLESS OLD PAGE?	그 쓸모없는 낡은 페이지는 얼마예요?	그 쓸모없는 낡은 페이지는 얼마야?	카주이 말투(반말)
105A:1:4	01607	I BET IT'S A FAKE!	분명 가짜일걸요!	분명 가짜일걸!	카주이 말투(반말)
105B:0:1	01609	THE PAGE IS STILL AVAILABLE IF YOU WANT IT.	원한다면 그 페이지는 아직 있다네.	그 페이지는 아직 팔고 있어요, 원하시면요.	같은 원문 번역 통일(C7)
105B:0:4	01610	IT WOULD STILL BE 5 DOUBLOONS.	여전히 5두블룬이라네.	여전히 5더블룬이라네.	용어 통일(DOUBLOON=더블룬)
105C:1:0	01615	HAVE YOU GOT ANYTHING ELSE INTERESTING?	다른 흥미로운 물건은 없어요?	다른 흥미로운 거 있어요？	같은 원문 번역 통일(80)
105D:1:3	01620	SERVES YOU RIGHT.	쌤통이네.	자업자득이네.	같은 원문 번역 통일(81)
105E:0:0	01621	PERHAPS YOU COULD PROTECT ME WHILE I'M DOWN THERE INSTEAD?	그럼 내가 저 아래 있는 동안 날 지켜주는 건 어때?	그럼 제가 저 아래 있는 동안 지켜 주시는 건 어때요?	크리스 말투 통일(해요체)
105F:0:0	01622	DO YOU WANT TO TRY AGAIN?	다시 해볼래?	다시 해 보실래요?	크리스 말투 통일(해요체)
1060:0:0	01623	I NEED SOME PROTECTION FROM THE NASTY FISH...	못된 물고기들로부터 보호가 필요한데...	못된 물고기들한테서 보호가 필요한데...	크리스 말투 통일(해요체)
1060:0:1	01624	BUT YOU DON'T LOOK UP TO THE TASK!	근데 너희는 그 일을 해낼 것 같지가 않아!	근데 그 일을 해내실 것 같지가 않네요!	크리스 말투 통일(해요체)
1061:1:7	01630	THIS ONE MAY TAKE SOME TIME.	이건 시간이 좀 걸리겠는걸.	이건 시간이 좀 걸리겠는데.	같은 원문 번역 통일(80)
1063:1:2	01641	WELL, I DIDN'T WANT TO SAY ANYTHING...	글쎄, 아무 말도 안 하려고 했는데...	음, 난 아무 말도 안 하려고 했는데…	같은 원문 번역 통일(80)
1064:1:5	01648	FREAKO!	괴물이잖아!	괴물이다！	같은 원문 번역 통일(81)
106B:0:1	01661	IT BE YER OL' SHIPMATE, CAP'N BLUBBER!	자네의 옛 동료, 블러버 선장이시다!	너희 옛 동료 블러버 선장이다！	같은 원문 번역 통일(D8)
106B:0:6	01664	THESE ADVENTURES ARE ALL THE SAME, SO MANY PLACES T' GO AND THINGS T' FIND...	모험이란 게 다 똑같지, 갈 곳도 많고 찾을 것도 많고...	이런 모험이란 다 똑같아, 갈 곳도 많고 찾을 것도 많고…	같은 원문 번역 통일(D8)
106B:0:10	01666	ALL ME WAVERACERS ARE SHIPWRECKED, AN' THE LAST ONE WAS EATEN BY A FISH YESTERDAY.	내 웨이브레이서가 전부 난파됐고, 마지막 하나는 어제 물고기한테 먹혔다네.	내 웨이브레이서는 다 난파됐고, 마지막 하나는 어제 물고기한테 먹혔어.	같은 원문 번역 통일(D8)
106B:0:14	01668	BUT I WILL SELL YE ME LAST POSSESSION FOR JUST ~ DOUBLOON.	하지만 내 마지막 재산을 단돈 ~두블룬에 팔아주지.	하지만 내 마지막 소유물을 딱 ~더블룬에 팔지.	용어 통일(DOUBLOON=더블룬) / 같은 원문 번역 통일(D8)
106B:1:2	01670	BIT OF A HARD DAY, REALLY.	솔직히 좀 힘든 하루였어요.	사실 좀 힘든 하루였어요.	같은 원문 번역 통일(80)
106B:1:9	01673	PERHAPS I CAN LEND YOU A DOUBLOON OR TWO.	두블룬 한두 개 정도는 빌려줄 수 있을지도 모르겠네요.	더블룬 한두 개 정도는 빌려줄 수 있을지도 모르겠네요.	용어 통일(DOUBLOON=더블룬)
1078:1:1	01676	YEP, IT WORKS!	좋아, 작동한다!	그래, 작동하네！	같은 원문 번역 통일(81)
1079:0:3	01679	WELL, AS YOU MAY REMEMBER, I WAS ON MY WAY TO THE LAVA WORLD BUT I GOT CAPTURED.	기억할지 모르겠지만 난 용암 세계로 가는 길이었는데 붙잡혀 버렸어.	음, 기억할지 모르겠지만 난 용암 세계로 가는 길에 붙잡혔어.	같은 원문 번역 통일(AC)
1079:0:4	01680	BUT NOW THAT YOU'RE HERE, I'LL SOON BE OUT!	근데 너희가 왔으니 곧 나갈 수 있겠다!	하지만 이제 네가 왔으니 곧 나갈 수 있겠지!	같은 원문 번역 통일(AC)
1079:0:6	01681	NO.	아니.	아니야.	같은 원문 번역 통일(AC)
1079:0:9	01683	THAT'S NO WAY TO TREAT AN OLD FRIEND...	오랜 친구한테 이러는 법이 어딨어...	오랜 친구를 이렇게 대하면 안 되지...	같은 원문 번역 통일(AC)
107C:0:0	01692	I CAME ON THE TRAIN TO VISIT THE THEME PARK, BUT THOSE FILTHY RATS CHUCKED ME IN THIS CAGE AND NOW I'M AN EXHIBIT!	테마파크 구경하러 기차 타고 왔는데 저 더러운 쥐새끼들이 날 이 우리에 처넣어서 이젠 전시물 신세라고!	테마파크를 구경하러 기차를 타고 왔는데, 그 더러운 쥐새끼들이 날 이 우리에 처넣어서 지금은 전시품 신세야!	같은 원문 번역 통일(AD)
107C:0:3	01694	IF I WAS THAT MIGHTY AND EVIL, I'D HAVE ALREADY BUSTED THE DOOR DOWN.	내가 그렇게 강하고 사악했다면 벌써 문을 부수고 나갔겠지.	내가 그렇게 강력하고 사악했다면 벌써 문을 부수고 나갔을 텐데.	같은 원문 번역 통일(AD)
107C:1:3	01696	POINT TAKEN.	알겠네.	무슨 말인지 알겠어.	같은 원문 번역 통일(81)
107C:1:4	01697	C'MON, BANJO, LET'S WRECK THE DOOR!	가자, 밴조, 문을 부숴버리자!	가자, 반조, 문을 부숴버리자!	주인공 이름 통일(카주이와 같게)
107F:0:0	01701	THANKS, BUT I'M NOT GOING ANYWHERE UNTIL THE CHUFFING TRAIN IS IN WITCHYWORLD'S STATION!	고맙지만, 그 칙칙폭폭 기차가 위치월드 역에 들어올 때까지는 아무 데도 안 갈 거예요!	고맙지만, 그 칙칙폭폭 기차가 마녀랜드 역에 들어올 때까지는 아무 데도 안 갈 거예요!	지명 뜻으로(WITCHYWORLD=마녀랜드)
1081:0:0	01704	ONE-WAY TICKET TO TERRYDACTYLAND, PLEASE!	테리닥틸랜드행 편도 표 한 장 주세요!	익룡랜드행 편도 표 한 장 주세요!	지명 뜻으로(TERRYDACTYLAND=익룡랜드)
1082:1:2	01711	YOU'RE NOT ALL THAT BIG REALLY. THAT KLUNGO FREAK NEAR THE START WAS PROBABLY BIGGER THAN YOU!	솔직히 그렇게 크진 않거든. 시작 지점 근처의 그 클룽고 괴물이 너보다 더 컸을걸!	솔직히 그렇게 크진 않거든. 시작 지점 근처의 그 클렁고 괴물이 너보다 더 컸을걸!	이름 통일(KLUNGO=클렁고, 카주이와 같게)
1091:0:0	01746	THANK GOODNESS YOU CAME.	와줘서 정말 다행이에요.	와 줘서 정말 다행이야.	같은 원문 번역 통일(B1)
1091:0:1	01747	I'M REALLY HUNGRY!	나 진짜 배고파요!	나 정말 배고파!	같은 원문 번역 통일(B1)
1091:0:5	01749	I JUST NEED A BURGER BEFORE I GO FIND MY MOM.	엄마 찾으러 가기 전에 버거만 하나 먹으면 돼요.	엄마 찾으러 가기 전에 버거 하나만 먹으면 돼.	같은 원문 번역 통일(B1)
1095:0:0	01756	YUMMY...	냠냠...	맛있다...	같은 원문 번역 통일(B1)
1095:0:3	01757	BURRRP! 	꺼어어억!	끄윽!	같은 원문 번역 통일(B1)
1095:0:4	01758	MY TUMMY HURTS!	배 아파요!	배가 아파!	같은 원문 번역 통일(B1)
1095:0:5	01759	PLEASE CARRY ME BACK TO MOM - I CAN'T STAND UP!	엄마한테 데려다 주세요 - 서 있을 수가 없어요!	엄마한테 좀 데려다줘 - 일어설 수가 없어!	같은 원문 번역 통일(B1)
109A:0:3	01770	NOT PERSONALLY, BUT I BELIEVE YOU HELPED MY HUSBAND OUT A WHILE AGO WHEN WE STILL LIVED ON FREEZEEZY PEAK.	직접은 아니지만, 우리가 프리지 피크에 살 때 당신들이 제 남편을 도와줬다고 알고 있어요.	직접 만난 적은 없지만, 우리가 아직 프리지피크에 살 때 네가 내 남편을 도와줬다고 들었어.	지명 통일(FREEZEEZY PEAK=프리지피크, 카주이와 같게) / 같은 원문 번역 통일(B2)
109A:0:6	01771	OH, A LITTLE OLDER, A LITTLE FATTER.	아, 좀 더 늙고 좀 더 뚱뚱해졌죠.	아, 조금 나이 들고, 조금 살이 쪘지.	같은 원문 번역 통일(B2)
109A:0:7	01772	HE'S GIVEN UP SLED RACING AND TAKEN TO WATCHING HIS NEW WIDE-SCREEN TV ALL DAY.	썰매 경주는 그만두고 하루 종일 새 와이드 TV만 보고 있어요.	썰매 경주는 그만두고 요즘은 새로 산 대형 TV만 하루 종일 본다니까.	같은 원문 번역 통일(B2)
109A:0:8	01773	LAZY OAF!	게으른 멍청이!	게으른 멍청이 같으니!	같은 원문 번역 통일(B2)
109A:0:10	01774	ANYWAY, I MUST BE GETTING BACK HOME.	아무튼 집에 돌아가 봐야겠어요.	아무튼, 난 집에 가 봐야겠어.	같은 원문 번역 통일(B2)
109A:0:11	01775	I TOLD MY CHILDREN GROGGY, SOGGY AND MOGGY TO MEET ME HERE.	우리 애들 그로기, 소기, 모기한테 여기서 만나자고 했거든요.	내 아이들 그로기, 소기, 모기한테 여기서 만나자고 해 뒀거든.	같은 원문 번역 통일(B2)
109A:0:12	01776	I DON'T SUPPOSE YOU FEEL LIKE ROUNDING THEM UP FOR ME?	혹시 애들 좀 찾아서 데려와 주실 수 있을까요?	혹시 애들 좀 모아다 줄 생각 없니?	같은 원문 번역 통일(B2)
109A:1:1	01777	ER, HAVE WE MET, LADY?	어, 우리 만난 적 있나요, 아줌마?	어, 우리 만난 적 있어, 아줌마?	같은 원문 번역 통일(81)
109A:1:5	01779	HOW IS THE BIG GUY?	그 덩치는 어떻게 지내요?	그 덩치는 어떻게 지내?	카주이 말투(반말)
109E:0:0	01790	WELL, I THINK WE'VE ALL HAD ENOUGH EXCITEMENT TODAY.	자, 오늘은 다들 충분히 신나게 놀았다고 생각해요.	자, 오늘은 다들 충분히 신났던 것 같네.	같은 원문 번역 통일(B2)
109E:0:1	01791	TIME TO GO BACK HOME TO HAILFIRE PEAKS - BOGGY WILL BE WONDERING WHERE WE'VE GONE TO.	헤일파이어 피크 집으로 돌아갈 시간이에요 - 보기가 우리가 어디 갔나 궁금해하겠어요.	이제 불얼음 봉우리 집으로 돌아갈 시간이야 - 보기가 우리가 어디 갔나 궁금해하겠어.	지명 통일(헤일파이어 피크스) / 지명 뜻으로(HAILFIRE PEAKS=불얼음 봉우리) / 같은 원문 번역 통일(B2)
109E:0:2	01792	HE'D BETTER HAVE THE DINNER IN THE OVEN!	저녁을 오븐에 넣어놨어야 할 텐데!	오븐에 저녁 식사 넣어 놨어야 할 텐데!	같은 원문 번역 통일(B2)
109E:0:5	01793	THANKS AGAIN, BANJO.	다시 한번 고마워요, 밴조.	다시 한번 고마워요, 반조.	주인공 이름 통일(카주이와 같게)
109E:0:6	01794	TAKE THIS JIGGY I FOUND IN THE TICKET OFFICE EARLIER...	아까 매표소에서 찾은 이 지기를 받아요...	아까 매표소에서 발견한 이 지기를 받으렴...	같은 원문 번역 통일(B2)
10A3:0:0	01803	YOU WIN EXTRA FIRE EGGS!	추가 불꽃알을 획득했다!	추가 불꽃 알을 획득했다!	알 이름 통일(불꽃 알)
10A4:0:0	01804	YOU WIN EXTRA GRENADE EGGS!	추가 수류탄알을 획득했다!	추가 수류탄 알을 획득했다!	알 이름 통일(수류탄 알)
10AA:0:0	01814	FANCY A BURGER?	버거 어때요?	버거 좀 먹을래?	같은 원문 번역 통일(C4)
10AA:0:1	01815	BIG AL SELLS THE TASTIEST BURGERS IN WITCHYWORLD!	빅 알은 위치월드에서 제일 맛있는 버거를 팝니다!	빅 알은 마녀랜드에서 제일 맛있는 버거를 팝니다!	지명 뜻으로(WITCHYWORLD=마녀랜드)
10AB:0:4	01824	WELL, TOO BAD.	뭐, 안됐군.	음, 안됐지만.	같은 원문 번역 통일(C4)
10AC:0:2	01829	COME BACK LATER, HUH?	나중에 다시 오라고, 알겠지?	나중에 다시 와 줄래?	같은 원문 번역 통일(C4)
10AD:0:3	01832	QUITE THE COMEDIAN, HUH?	꽤 웃기는 친구네, 응?	꽤 재미있는 녀석이네, 그렇지?	같은 원문 번역 통일(C5)
10AD:0:4	01833	NOW HOW ABOUT SOME OF SALTY JOE'S LIMP, SALTY FRIES?	그럼 솔티 조의 축 처진 짭짤한 감자튀김은 어때?	그럼 솔티 조의 흐물흐물 짭짤한 감자튀김은 어때?	같은 원문 번역 통일(C5)
10AE:0:1	01836	YEAH, FRIES COMING RIGHT UP.	그래, 감자튀김 나갑니다.	그래, 감자튀김 바로 나간다.	같은 원문 번역 통일(C5)
10AE:0:3	01837	ER, HAVE A NICE DAY, I GUESS.	어, 좋은 하루 보내라고, 뭐.	어, 좋은 하루 보내, 아마도.	같은 원문 번역 통일(C5)
10AF:0:2	01842	I'VE BEEN REALLY BUSY, SO I'M SOLD OUT.	너무 바빠서 다 팔려버렸어.	정말 바빠서 다 팔렸어.	같은 원문 번역 통일(C5)
10B4:0:0	01863	THIS IS WHERE YOU PAY TO ENTER WITCHYWORLD'S PREMIUM ATTRACTIONS.	여기는 위치월드의 프리미엄 어트랙션에 입장하기 위해 요금을 내는 곳입니다.	여기는 마녀랜드의 프리미엄 어트랙션에 입장하기 위해 요금을 내는 곳입니다.	지명 뜻으로(WITCHYWORLD=마녀랜드)
10BA:0:0	01870	PRESS {86} TO EXPERIENCE THE SCENIC SPLENDOR OF THE CABLE CAR RIDE ACROSS TO SPACE ZONE!	{86}을(를) 눌러 우주 구역으로 가는 케이블카의 장관을 경험하세요!	{86}을 눌러 우주 구역으로 가는 케이블카의 장관을 경험하세요!	조사 표기 통일({86}을)
10BE:0:1	01875	YOU HAVE ~ SECONDS IN WHICH TO SCORE ~ POINTS.	~초 안에 ~점을 따야 합니다.	~초 안에 ~점을 따야 한다.	진행자 말투 통일(반말)
10BE:0:3	01876	DO YOU WANT TO HEAR THE RULES?	규칙을 들어보시겠어요?	규칙을 듣고 싶나?	진행자 말투 통일(반말)
10C0:0:0	01882	CONGRATULATIONS!	축하합니다!	축하한다!	진행자 말투 통일(반말)
10C1:0:0	01884	WELCOME TO THE HOOP HURRY CHALLENGE!	후프 허리 챌린지에 온 걸 환영한다!	후프 질주 챌린지에 온 걸 환영한다!	이름 뜻으로(HOOP HURRY — «허리»는 몸 허리로 읽힌다)
10C1:0:1	01885	YOU HAVE ~ SECONDS IN WHICH TO SCORE ~ POINTS.	~초 안에 ~점을 얻어야 한다.	~초 안에 ~점을 따야 한다.	진행자 말투 통일(반말)
10C2:0:1	01888	BLUE ONES ARE WORTH 3 POINTS...	파란색은 3점...	파란 건 3점...	같은 원문 번역 통일(96)
10C2:0:3	01889	GREEN ONES GET YOU 2 POINTS...	초록색은 2점...	초록 건 2점...	같은 원문 번역 통일(96)
10C2:0:5	01890	AND RED ONES JUST 1 POINT.	빨간색은 겨우 1점이다.	그리고 빨간 건 겨우 1점.	같은 원문 번역 통일(96)
10C3:0:1	01894	YOUR BEST SCORE FOR THE HOOP HURRY CHALLENGE IS NOW ~ POINTS!	후프 허리 챌린지의 최고 점수가 이제 ~점이 됐다!	후프 질주 챌린지의 최고 점수가 이제 ~점이 됐다!	이름 뜻으로(HOOP HURRY — «허리»는 몸 허리로 읽힌다)
10C4:0:0	01895	YOU GOT A TICKET FOR CONGA'S BIG TOP!	콩가의 빅탑 티켓을 받았다!	콩가의 서커스 천막 티켓을 받았다!	지명 뜻으로(BIG TOP=서커스 천막)
10CA:0:0	01913	MADAME GRUNTY'S TENT IS CLOSED TEMPORARILY FOR REFURBISHMENT.	그런티 부인의 천막은 보수 공사로 임시 휴업 중이다.	마담 그런티의 천막은 보수 공사로 임시 휴업 중이다.	이름(MADAME GRUNTY=점쟁이 마담 그런티)
10CB:0:0	01914	MADAME GRUNTY'S TENT IS NOW OPEN AGAIN!	그런티 부인의 천막이 다시 문을 열었다!	마담 그런티의 천막이 다시 문을 열었다!	이름(MADAME GRUNTY=점쟁이 마담 그런티)
10CD:0:0	01919	THAT'S IT THEN.	자, 그럼 그렇게 됐다.	자, 끝났다.	어색한 직역(THAT'S IT THEN)
10D1:0:1	01928	YOU SCORED ENOUGH POINTS TO WIN MY HOOP HURRY PRIZE...	너는 내 후프 허리 상품을 탈 만큼 점수를 올렸다...	너는 내 후프 질주 상품을 탈 만큼 점수를 올렸다...	이름 뜻으로(HOOP HURRY — «허리»는 몸 허리로 읽힌다)
10D7:0:1	01944	YOU NEED ~ TO BEAT ME...	나를 이기려면 ~이 필요해...	나를 이기려면 ~점이 필요해...	숫자 단위 누락
10DB:0:1	01951	JUMP ON BOARD TO RIDE THE EXCITING SAUCER OF PERIL!	스릴 넘치는 위험한 접시 비행선에 올라타라!	스릴 넘치는 공포의 비행접시에 올라타라!	놀이기구 이름 통일(SAUCER OF PERIL=위험의 접시) / 이름 뜻으로(SAUCER OF PERIL=공포의 비행접시)
10DC:0:1	01954	WHY NOT JUMP ABOARD THE SAUCER OF PERIL?	위험한 접시 비행선에 타 보는 게 어때?	공포의 비행접시에 타 보는 게 어때?	놀이기구 이름 통일(SAUCER OF PERIL=위험의 접시) / 이름 뜻으로(SAUCER OF PERIL=공포의 비행접시)
10DD:0:1	01957	THE SAUCER OF PERIL IS CURRENTLY CLOSED DUE TO A LACK OF POWER.	위험한 접시 비행선은 전력 부족으로 현재 운행을 멈췄다.	공포의 비행접시는 전력 부족으로 현재 운행을 멈췄다.	놀이기구 이름 통일(SAUCER OF PERIL=위험의 접시) / 이름 뜻으로(SAUCER OF PERIL=공포의 비행접시)
10DE:0:1	01960	THE SAUCER OF PERIL IS STILL CLOSED DUE TO A POWER SHORTAGE.	위험한 접시 비행선은 전력 부족으로 여전히 운행이 중단된 상태다.	공포의 비행접시는 전력 부족으로 여전히 운행이 중단된 상태다.	놀이기구 이름 통일(SAUCER OF PERIL=위험의 접시) / 이름 뜻으로(SAUCER OF PERIL=공포의 비행접시)
10EA:0:0	02000	THE MANAGEMENT OF WITCHYWORLD THEME PARK REGRETS TO INFORM YOU THAT NO FOOD CAN BE TAKEN OFF THE PREMISES.	위치월드 테마파크 운영진은 어떤 음식도 부지 밖으로 반출할 수 없음을 알려 드리게 되어 유감입니다.	마녀랜드 테마파크 운영진은 어떤 음식도 부지 밖으로 반출할 수 없음을 알려 드리게 되어 유감입니다.	지명 뜻으로(WITCHYWORLD=마녀랜드)
10F4:0:0	02023	OI, YOU VANDAL!	이봐, 이 부랑자 녀석!	이봐, 이 훼방꾼아!	오역(VANDAL ≠ 부랑자)
10F5:0:1	02026	I'M HAPPY TO SAY YOU WON'T WIN A PRIZE WITH THAT SCORE...	유감스럽게도 그 점수로는 상품을 탈 수 없겠네...	기쁘게도 그 점수로는 상품을 못 타겠네...	오역(I'M HAPPY TO SAY)
10FC:0:0	02040	LET'S SEE YOU COLLECT ~ POINTS WORTH OF TWINKLIES IN ~ SECONDS.	~초 안에 ~점어치의 반짝이를 모으는 걸 한번 보자.	~점어치의 반짝이를 ~초 안에 모으는 걸 한번 보자.	~ 순서(원문: 점수 → 초)
10FE:1:2	02049	I THINK THERE'S ONE JUST UNDER YOUR LEFT FOOT...	네 왼발 바로 밑에 하나 있는 것 같은데...	왼발 바로 밑에 하나 있는 것 같은데요...	반조 말투(빅 알에게 존댓말)
1101:0:0	02060	YOU SEEM TO HAVE LEARNED ALL OF THE ABILITIES REQUIRED TO ENTER THE BIG TOP.	빅탑에 들어가는 데 필요한 능력을 전부 익힌 것 같군.	서커스 천막에 들어가는 데 필요한 능력을 전부 익힌 것 같군.	지명 뜻으로(BIG TOP=서커스 천막)
1106:0:1	02075	OKAY, SON, BURGERS COMING RIGHT UP.	그래, 이봐, 버거 바로 나간다.	그래, 꼬마, 버거 바로 나간다.	어색한 직역(SON)
1106:1:3	02081	OOOOH, YES, PLEASE!	오오오, 네, 주세요!	오오, 네, 부탁해요!	같은 원문 번역 통일(80)
1108:1:2	02089	HOW'S THAT THEN?	그게 어때서?	그게 어때서요?	반조 말투(솔티 조에게 존댓말)
1108:1:3	02090	I SEEM TO BE THE ONLY ONE IN THE QUEUE.	줄에 나 혼자밖에 없는 것 같은데.	줄에 저 혼자밖에 없는 것 같은데요.	반조 말투(존댓말)
110B:1:5	02108	YOU HAVE?	그랬었나?	그래요?	반조 말투(존댓말)
110C:0:0	02112	HELLO THERE, BIG BEAR!	거기, 안녕, 큰 곰!	안녕, 덩치 큰 곰아!	어색한 직역
110C:0:3	02113	NOT PERSONALLY, BUT I BELIEVE YOU HELPED MY HUSBAND OUT A WHILE AGO WHEN WE STILL LIVED ON FREEZEEZY PEAK.	직접 만난 적은 없지만, 우리가 아직 프리지지 피크에 살 때 네가 내 남편을 도와줬다고 들었어.	직접 만난 적은 없지만, 우리가 아직 프리지피크에 살 때 네가 내 남편을 도와줬다고 들었어.	지명 통일(FREEZEEZY PEAK=프리지피크, 카주이와 같게)
110C:1:1	02120	DO I KNOW YOU?	내가 당신을 아나요?	저를 아세요?	반조 말투·어색한 직역
110D:0:0	02123	HELLO THERE, LITTLE BIRD!	거기, 안녕, 작은 새!	안녕, 작은 새야!	어색한 직역
110D:0:3	02124	NOT PERSONALLY, BUT I BELIEVE YOU HELPED MY HUSBAND OUT A WHILE AGO WHEN WE STILL LIVED ON FREEZEEZY PEAK.	직접 만난 적은 없지만, 우리가 아직 프리지지 피크에 살 때 네가 내 남편을 도와줬다고 들었어.	직접 만난 적은 없지만, 우리가 아직 프리지피크에 살 때 네가 내 남편을 도와줬다고 들었어.	지명 통일(FREEZEEZY PEAK=프리지피크, 카주이와 같게)
110D:1:1	02131	ER, HAVE WE MET, LADY?	어, 우리가 만난 적 있나요, 부인?	어, 우리 만난 적 있어, 아줌마?	카주이 말투(반말)
110D:1:4	02132	AH, THEN YOU MUST BE MRS. BOGGY!	아, 그럼 보기 부인이시군요!	아, 그럼 네가 보기 부인이구나!	카주이 말투(반말)
110D:1:5	02133	HOW IS THE BIG GUY?	그 덩치 큰 양반은 잘 지내요?	그 덩치는 어떻게 지내?	카주이 말투(반말) / 같은 원문 번역 통일(81)
110E:0:1	02135	TIME TO GO BACK HOME TO HAILFIRE PEAKS - BOGGY WILL BE WONDERING WHERE WE'VE GONE TO.	이제 헤일파이어 피크스 집으로 돌아갈 시간이야 - 보기가 우리가 어디 갔나 궁금해하겠어.	이제 불얼음 봉우리 집으로 돌아갈 시간이야 - 보기가 우리가 어디 갔나 궁금해하겠어.	지명 뜻으로(HAILFIRE PEAKS=불얼음 봉우리)
1114:1:1	02174	THE SIGN SAYS YOU'RE A 'MIGHTY EVIL DINOSAUR.' PERHAPS THAT CAGE IS THE BEST PLACE FOR YOU.	표지판에는 네가 '강력하고 사악한 공룡'이라고 적혀 있네. 어쩌면 그 우리가 너한테 딱 맞는 곳일지도 모르겠어.	표지판엔 '강하고 사악한 공룡'이라고 적혀 있는데. 그 우리가 너한텐 딱 맞는 자리일지도.	같은 원문 번역 통일(80)
1116:1:1	02190	GOBI! WHAT ARE YOU DOING IN THERE?	고비! 거기서 뭐 하는 거야?	고비! 거기서 뭐 하고 있는 거야?	같은 원문 번역 통일(80)
1117:1:6	02205	THEN GET USED TO THAT CAGE, HUMP BOY!	그럼 그 우리에 적응하는 게 좋을걸, 혹투성이 녀석!	그럼 그 우리에 익숙해지라고, 혹등이!	같은 원문 번역 통일(81)
1118:0:1	02207	YOU HAVE ~ SECONDS TO BEAT YOUR HIGH SCORE OF ~ POINTS.	최고 점수 ~점을 깨려면 ~초 남았다.	~초 줄 테니, 최고 점수 ~점을 깨 봐라.	~ 순서(원문: 초 → 점수)
1119:0:0	02209	WELCOME BACK TO THE HOOP HURRY CHALLENGE!	후프 허리 챌린지에 다시 온 걸 환영한다!	후프 질주 챌린지에 다시 온 걸 환영한다!	이름 뜻으로(HOOP HURRY — «허리»는 몸 허리로 읽힌다)
1119:0:1	02210	YOU HAVE ~ SECONDS TO BEAT YOUR HIGH SCORE OF ~ POINTS.	최고 점수 ~점을 깨려면 ~초 남았다.	~초 줄 테니, 최고 점수 ~점을 깨 봐라.	~ 순서(원문: 초 → 점수)
1140:0:0	02212	THIS IS WHERE YOU ACTIVATE MY CHEATS.	여기가 내 치트를 활성화하는 곳이다.	여기가 내 치트를 활성화하는 곳이야.	치토 말투 통일(반말)
1140:0:1	02213	STAND ON THIS PODIUM IF YOU WANT TO KNOW HOW.	방법을 알고 싶다면 이 단상 위에 올라서라.	방법을 알고 싶으면 이 단상 위에 올라서.	치토 말투 통일(반말)
1141:0:0	02214	YOU MUST SPELL OUT THE CHEAT CODE I HAVE GIVEN YOU.	내가 준 치트 코드의 철자를 맞혀야 한다.	내가 알려 준 치트 코드의 철자를 맞혀야 해.	치토 말투 통일(반말)
1141:0:1	02215	USE THE CONTROL STICK TO MOVE THE AIMING SIGHT AND PRESS {81} TO FIRE.	컨트롤 스틱으로 조준점을 움직이고 {81}을 눌러 쏴라.	컨트롤 스틱으로 조준점을 움직이고 {81}을 눌러 쏴.	치토 말투 통일(반말)
1141:0:2	02216	AIM CAREFULLY, THOUGH. IF YOU HIT A WRONG LETTER, YOU'LL HAVE TO START AGAIN!	하지만 신중히 조준해라. 틀린 글자를 맞히면 처음부터 다시 해야 한다!	하지만 신중히 조준해. 틀린 글자를 맞히면 처음부터 다시 해야 해!	치토 말투 통일(반말)
1142:0:1	02218	REMEMBER ME?	날 기억하나?	날 기억해?	치토 말투 통일(반말)
1143:0:2	02232	COLLECT FIVE, THEN RETURN THEM TO ME IN GRUNTY'S OLD LAIR IN SPIRAL MOUNTAIN...	다섯 개를 모아서, 스파이럴 마운틴에 있는 그런티의 옛 소굴로 가져와...	다섯 개를 모아서, 나선산에 있는 그런티의 옛 소굴로 가져와...	지명 통일(SPIRAL MOUNTAIN=나선산, 카주이와 같게)
1148:0:1	02244	MAYAHEM TEMPLE...CODE CHAMBER...LETTERS...	메이헴 신전...코드 챔버...글자들...	마야 대혼란 사원...암호의 방...글자들...	지명 통일·음역(CODE CHAMBER)
114A:0:1	02251	COME AND SEE ME IN GRUNTY'S OLD LAIR IN SPIRAL MOUNTAIN, AND I'LL TELL YOU YOUR FIRST SECRET CHEAT!	스파이럴 마운틴에 있는 그런티의 옛 소굴로 날 보러 와, 그럼 첫 번째 비밀 치트를 알려주지!	나선산에 있는 그런티의 옛 소굴로 날 보러 와, 그럼 첫 번째 비밀 치트를 알려주지!	지명 통일(SPIRAL MOUNTAIN=나선산, 카주이와 같게)
114B:0:1	02253	FEATHERS	깃털	FEATHERS	치트 코드는 영어 글자를 쏴서 입력 — 원문 유지
114C:0:1	02256	EGGS	알	EGGS	치트 코드는 영어 글자를 쏴서 입력 — 원문 유지
114D:0:1	02259	FALLPROOF	안전낙하	FALLPROOF	치트 코드는 영어 글자를 쏴서 입력 — 원문 유지
114E:0:1	02262	HONEYBACK	꿀충전	HONEYBACK	치트 코드는 영어 글자를 쏴서 입력 — 원문 유지
114F:0:1	02265	JUKEBOX	주크박스	JUKEBOX	치트 코드는 영어 글자를 쏴서 입력 — 원문 유지
1150:0:0	02267	THE FEATHERS CHEAT WILL DOUBLE THE MAXIMUM NUMBER OF RED AND GOLD FEATHERS THAT YOU CAN CARRY.	깃털 치트는 네가 지닐 수 있는 빨간 깃털과 황금 깃털의 최대치를 두 배로 늘려 준다.	FEATHERS 치트는 네가 지닐 수 있는 빨간 깃털과 황금 깃털의 최대치를 두 배로 늘려 준다.	치트 코드 원문 유지
1151:0:0	02268	THE EGGS CHEAT WILL DOUBLE THE MAXIMUM NUMBER OF EGGS THAT YOU CAN CARRY.	알 치트는 네가 지닐 수 있는 알의 최대치를 두 배로 늘려 준다.	EGGS 치트는 네가 지닐 수 있는 알의 최대치를 두 배로 늘려 준다.	치트 코드 원문 유지
1152:0:0	02269	THE FALLPROOF CHEAT WILL KEEP YOU FROM BEING HURT IN LONG FALLS.	안전낙하 치트는 높은 곳에서 떨어져도 다치지 않게 해 준다.	FALLPROOF 치트는 높은 곳에서 떨어져도 다치지 않게 해 준다.	치트 코드 원문 유지
1153:0:0	02270	THE HONEYBACK CHEAT WILL AUTOMATICALLY REPLENISH YOUR ENERGY OVER TIME.	꿀충전 치트는 시간이 지나면 자동으로 체력을 회복시켜 준다.	HONEYBACK 치트는 시간이 지나면 자동으로 체력을 회복시켜 준다.	치트 코드 원문 유지
1154:0:0	02271	THE JUKEBOX CHEAT WILL ACTIVATE THE JUKEBOX AT JOLLY'S.	주크박스 치트는 졸리네 가게의 주크박스를 작동시켜 준다.	JUKEBOX 치트는 졸리네 주크박스를 켜 준다.	치트 코드 원문 유지·이름 통일(졸리네)
1155:0:0	02272	THE GETJIGGY CHEAT WILL ACTIVATE THE SIGNPOSTS IN JIGGYWIGGY'S TEMPLE.	지기구하기 치트는 지기위기 신전의 표지판들을 작동시켜 준다.	GETJIGGY 치트는 지기위기 신전의 표지판들을 작동시켜 준다.	치트 코드 원문 유지
1156:0:0	02273	THE SUPERBANJO CHEAT WILL ALLOW YOU TO RUN FASTER.	슈퍼반조 치트는 더 빨리 달릴 수 있게 해 준다.	SUPERBANJO 치트는 더 빨리 달릴 수 있게 해 준다.	치트 코드 원문 유지
1157:0:0	02274	THE SUPERBADDY CHEAT WILL MAKE THE BADDIES RUN FASTER.	슈퍼악당 치트는 악당들이 더 빨리 달리게 만든다.	SUPERBADDY 치트는 악당들이 더 빨리 달리게 만든다.	치트 코드 원문 유지
1158:0:0	02275	THE HONEYKING CHEAT WILL GIVE YOU INFINITE ENERGY AND AIR.	꿀의왕 치트는 무한한 체력과 공기를 준다.	HONEYKING 치트는 무한한 체력과 공기를 준다.	치트 코드 원문 유지
1159:0:0	02276	THE NESTKING CHEAT WILL GIVE YOU INFINITE EGGS AND FEATHERS.	둥지의왕 치트는 무한한 알과 깃털을 준다.	NESTKING 치트는 무한한 알과 깃털을 준다.	치트 코드 원문 유지
115C:0:0	02281	THIS IS WHERE YOU ACTIVATE MY CHEATS.	여기가 내 치트를 활성화하는 곳이다.	여기가 내 치트를 활성화하는 곳이야.	치토 말투 통일(반말)
115F:0:0	02287	THE JIGGYWIGGYSPECIAL CHEAT WILL OPEN UP ALL JIGGYWIGGY'S DOORS ON THE ISLE O' HAGS.	지기위기스페셜 치트는 마녀의 섬에 있는 지기위기의 모든 문을 열어 준다.	JIGGYWIGGYSPECIAL 치트는 마녀섬에 있는 지기위기의 모든 문을 열어 준다.	치트 코드 원문 유지·지명 / 지명 통일(해그 섬) / 지명 뜻으로(ISLE O' HAGS=마녀섬, 하스피)
1161:0:0	02290	ALL FRONT END OPTIONS HAVE NOW BEEN UNLOCKED.	이제 모든 프런트 엔드 옵션이 잠금 해제됐다.	이제 모든 타이틀 메뉴 옵션이 잠금 해제됐다.	어색한 직역(FRONT END)
1162:0:0	02292	THE HOMING CHEAT WILL MAKE EGGS HOME IN ON BADDIES.	자동추적 치트는 알이 알아서 악당을 쫓아가게 만든다.	HOMING 치트는 알이 알아서 악당을 쫓아가게 만든다.	치트 코드 원문 유지
11AE:0:0	02322	ME AFRAID THIS DIALOG NOT USED...	이 대사는 쓰이지 않는다, 걱정 마라...	미안하다, 이 대사 안 쓰인다...	오역(ME AFRAID = 유감)
11E0:0:3	02378	I'M MINGY JONGO, AND YOUR WORTHLESS QUEST ENDS HERE...	나는 밍기 종고다, 너희의 하찮은 모험은 여기서 끝이다...	나는 밍지 종고다, 너희의 하찮은 모험은 여기서 끝이다...	이름 통일(MINGY JONGO=밍지 종고)
1208:0:0	02400	SORRY, BUT I'LL ONLY SPEAK TO BANJO...	미안하지만, 나는 밴조한테만 얘기할 거야...	미안하지만, 나는 반조한테만 얘기할 거야...	주인공 이름 통일(카주이와 같게)
1209:0:0	02401	SORRY, BUT I'LL ONLY SPEAK TO KAZOOIE WHEN SHE'S IN HER OWN...	미안하지만, 나는 카주이가 자기 모습일 때만 얘기할 거야...	미안하지만, 나는 카주이가 혼자 있을 때만 얘기할 거야...	오역(ON HER OWN = 혼자)
120A:0:0	02402	SORRY, BUT YOU CAN ONLY COME IN HERE WHEN BANJO AND KAZOOIE ARE TOGETHER...	미안하지만, 밴조와 카주이가 같이 있을 때만 여기 들어올 수 있어...	미안하지만, 반조와 카주이가 같이 있을 때만 여기 들어올 수 있어...	주인공 이름 통일(카주이와 같게)
120B:0:0	02403	SORRY, BUT I'LL ONLY TALK TO BANJO OR KAZOOIE!	미안하지만, 나는 밴조나 카주이하고만 얘기할 거야!	미안하지만, 나는 반조나 카주이하고만 얘기할 거야!	주인공 이름 통일(카주이와 같게)
1212:1:0	02411	HEY, BANJO!	이봐, 밴조!	이봐, 반조!	주인공 이름 통일(카주이와 같게)
1217:0:0	02419	HUMBA MAGIC NOT WORK IF GO THROUGH THERE.	거기로 지나가면 험바 마법 안 통한다.	거기로 지나가면 훔바 마법 안 통한다.	이름 통일(HUMBA=훔바)
1219:0:1	02425	THE WATER PRESSURE'S FAR TOO MUCH FOR YOU DOWN THERE, BANJO.	밴조, 저 아래 수압은 너한테 너무 강해.	반조, 저 아래 수압은 너한테 너무 강해.	주인공 이름 통일(카주이와 같게)
121C:0:0	02429	WELCOME, BANJO BEAR.	환영한다, 밴조 베어.	환영한다, 곰 반조.	어색한 직역(BANJO BEAR)
121D:0:1	02432	YOU LOST BANJO BUDDY?	밴조 친구 잃어버렸나?	반조 친구 잃어버렸나?	주인공 이름 통일(카주이와 같게)
121E:0:0	02433	SORRY, BUT YOU CAN ONLY COME IN HERE WHEN BANJO AND KAZOOIE ARE TOGETHER...	미안하지만, 밴조와 카주이가 같이 있을 때만 여기 들어올 수 있어...	미안하지만, 반조와 카주이가 같이 있을 때만 여기 들어올 수 있어...	주인공 이름 통일(카주이와 같게)
1227:0:1	02449	GET BACK TO MAYAHEM TEMPLE AND COMPLETE YOUR TRAINING!	마야헴 신전으로 돌아가서 훈련이나 마치고 와라!	마야 대혼란 사원으로 돌아가서 훈련이나 마치고 와라!	지명 통일(MAYAHEM TEMPLE=마야헴 사원) / 지명 뜻으로(MAYAHEM TEMPLE=마야 대혼란 사원)
1229:0:0	02451	NOT SO FAST! THE BUBBLE CAN ONLY BE USED BY BANJO AND KAZOOIE TOGETHER. DON'T ASK ME WHY - IT'S JUST THE WAY IT IS!	잠깐! 버블은 밴조와 카주이가 함께 있을 때만 쓸 수 있어. 왜냐고 묻지 마 - 원래 그런 거니까!	잠깐! 버블은 반조와 카주이가 함께 있을 때만 쓸 수 있어. 왜냐고 묻지 마 - 원래 그런 거니까!	주인공 이름 통일(카주이와 같게)
126E:0:1	02467	FINALLY, I'VE MADE IT TO THE WARMTH OF LAVA WORLD WITH A BELLY FULL OF WATER!	드디어, 배 속 가득 물을 채운 채로 라바 월드의 따뜻함에 도착했다!	드디어, 배 속 가득 물을 채운 채로 용암 세계의 따뜻함에 도착했다!	용어 통일(LAVA WORLD=용암 세계)
1271:0:1	02478	WHY, I'VE BEEN FROZEN IN THERE SINCE 1984.	아니, 나는 1984년부터 저 안에 얼어붙어 있었어.	아니, 나는 1984년부터 저 안에 얼어붙어 있었다네.	세이버맨 말투 통일(하게체)
1271:0:7	02482	THE NAME'S SABREMAN.	이름은 세이버맨.	내 이름은 세이버맨일세.	세이버맨 말투 통일(하게체)
1271:0:8	02483	ADVENTURING IS MY GAME... OR, AT LEAST, WAS MY GAME.	모험이 내 본업이지... 적어도, 예전엔 그랬지.	모험이 내 본업이었지... 적어도 예전엔 그랬다네.	세이버맨 말투 통일(하게체)
1271:0:13	02486	I'M RATHER COLD. COULD YOU SEE YOUR WAY TO WARMING ME UP?	나는 꽤 추워. 혹시 날 따뜻하게 해 줄 방법 없을까?	꽤 춥군. 혹시 날 좀 녹여 줄 수 있겠나?	세이버맨 말투 통일(하게체)
1272:0:0	02488	I SAY, ANY CHANCE OF A LITTLE HEAT?	저기, 약간의 온기라도 좀 받을 수 있을까?	이보게, 조금이라도 따뜻하게 해 줄 수 없겠나?	세이버맨 말투 통일(하게체)
1273:0:3	02490	BEING FROZEN FOR SO LONG HAS TIRED ME.	그렇게 오래 얼어 있었더니 지쳤어.	그렇게 오래 얼어 있었더니 지쳤네.	세이버맨 말투 통일(하게체)
1273:0:4	02491	I NEED A CUP OF TEA AND 40 WINKS.	차 한 잔이랑 낮잠이 필요해.	차 한 잔이랑 한숨 잠이 필요하네.	세이버맨 말투 통일(하게체)
1273:0:5	02492	COULD YOU POSSIBLY HELP ME OUT JUST ONE MORE TIME?	혹시 한 번만 더 날 도와줄 수 있을까?	혹시 한 번만 더 도와줄 수 있겠나?	세이버맨 말투 통일(하게체)
1273:0:8	02493	CAN YOU CARRY ME BACK TO MY TENT?	날 내 텐트까지 데려다줄 수 있어?	날 내 텐트까지 데려다줄 수 있겠나?	세이버맨 말투 통일(하게체)
1273:0:9	02494	IT'S OVER ON THE FIERY SIDE OF THE MOUNTAIN...IF IT HASN'T BURNT DOWN BY NOW.	산의 불타는 쪽에 있어...지금쯤 다 타 버리지만 않았다면.	산의 불타는 쪽에 있네... 지금쯤 다 타 버리지 않았다면 말일세.	세이버맨 말투 통일(하게체)
1273:1:2	02495	GLAD TO HELP AN OLD HERO.	나이 든 영웅을 돕게 되어 기뻐.	나이 드신 영웅을 돕게 돼서 기뻐요.	반조 말투(존댓말)
1273:1:6	02497	THIS SOUNDS LIKE A JOB FOR YOU, BANJO!	이건 네가 할 일인 것 같은데, 밴조!	이건 네가 할 일인 것 같은데, 반조!	주인공 이름 통일(카주이와 같게)
1275:0:6	02505	IT'S A FINE GOLDEN JIGSAW PIECE. NO USE TO ME - I'M HANGING UP MY BOOTS.	멋진 황금 지기소 조각이지. 나한테는 필요 없어 - 난 이제 은퇴할 거니까.	멋진 황금 지기라네. 난 필요 없어 - 이제 은퇴할 거니까.	용어 통일(JIGSAW PIECE=지기)
1276:0:0	02507	NO, NO, THIS ISN'T RIGHT.	아냐, 아냐, 이건 아니야.	아니, 아니, 이게 아닌데.	세이버맨 말투
1277:0:2	02511	WE'RE JUST ABOUT TO BEGIN THE QUARTERFINALS...	이제 막 8강전을 시작하려던 참입니다...	이제 막 준준결승을 시작하려던 참입니다...	용어 통일(QUARTERFINALS=준준결승)
1279:0:0	02513	ASLIG WEUK WEKL POSJ MLAS.	아슬리그 웨욱 웨클 포스지 믈라스.	ASLIG WEUK WEKL POSJ MLAS.	스토니 말 원문 유지(다른 곳과 같게)
127C:0:0	02518	YOU'VE WON YOUR QUARTERFINAL!	8강전에서 승리하셨습니다!	준준결승에서 이기셨습니다!	콜로세움 진행자 말투(존댓말)
127D:0:0	02520	YOU'VE WON YOUR SEMIFINAL!	준결승에서 승리하셨습니다!	준결승에서 이기셨습니다!	콜로세움 진행자 말투(존댓말)
1287:0:14	02555	OUR THREE CHILDREN ESCAPED THE SHIP BEFORE WE CRASHED IN THE LAGOON.	우리 세 아이는 우주선이 늪에 추락하기 전에 빠져나갔어.	우리 세 아이는 우주선이 석호에 추락하기 전에 빠져나갔어.	지명(LAGOON=졸리 로저의 석호)
128B:0:0	02568	SHOOT THE GOOD BALLS INTO YOUR OWN GOAL!	좋은 공을 네 골대에 넣어!	좋은 공을 자기 골대에 넣으세요!	코치 말투 통일(존댓말)
12BB:0:0	02707	THANKS FOR ALL YOUR HELP, BANJO.	그동안 도와줘서 고마워, 밴조.	그동안 도와줘서 고마워, 반조.	주인공 이름 통일(카주이와 같게)
12BC:0:1	02709	CAN'T YOU TAKE HIM WITH YOU ON YOUR ADVENTURES?	네 모험에 쟤 좀 데려가 줄 수 없어?	네 모험에 그 양반 좀 데려가 줄 수 없어?	지칭(HIM=보기)
12BF:0:4	02715	IT HAS, ACTUALLY.	실제로, 있어.	진짜 있다니까.	어색한 직역(IT HAS, ACTUALLY)
12C6:0:2	02748	I'LL LET YOU TAKE THE CHUFFIN' TRAIN TO THE ICE SIDE NOW...	이제 얼음 쪽으로 가는 증기 기차를 태워 줄게...	이제 얼음 쪽으로 가는 칙칙폭폭 기차를 태워 줄게...	말장난(CHUFFIN' TRAIN)
12D9:0:3	02786	BEING FROZEN FOR SO LONG HAS TIRED ME.	그렇게 오래 얼어 있었더니 지쳤어.	그렇게 오래 얼어 있었더니 지쳤네.	같은 원문 번역 통일(03:29)
12D9:0:4	02787	I NEED A CUP OF TEA AND 40 WINKS.	차 한 잔이랑 낮잠이 필요해.	차 한 잔이랑 한숨 잠이 필요하네.	같은 원문 번역 통일(03:29)
12D9:0:5	02788	COULD YOU POSSIBLY HELP ME OUT JUST ONE MORE TIME?	혹시 한 번만 더 날 도와줄 수 있을까?	혹시 한 번만 더 도와줄 수 있겠나?	같은 원문 번역 통일(03:29)
12D9:0:8	02789	CAN YOU CARRY ME BACK TO MY TENT?	날 내 텐트까지 데려다줄 수 있어?	날 내 텐트까지 데려다줄 수 있겠나?	같은 원문 번역 통일(03:29)
12D9:0:9	02790	IT'S OVER ON THE FIERY SIDE OF THE MOUNTAIN...IF IT HASN'T BURNT DOWN BY NOW.	산의 불타는 쪽에 있어...지금쯤 다 타 버리지만 않았다면.	산의 불타는 쪽에 있네... 지금쯤 다 타 버리지 않았다면 말일세.	같은 원문 번역 통일(03:29)
12D9:1:8	02793	I'LL GO AND GET BANJO THEN...	그럼 가서 밴조를 데려와야겠다...	그럼 가서 반조를 데려와야겠다...	주인공 이름 통일(카주이와 같게)
12DC:0:4	02800	IT HAS, ACTUALLY.	실제로, 있어.	진짜 있다니까.	같은 원문 번역 통일(BB)
12DF:0:0	02826	ASLIG WEUK WEKL POSJ MLAS.	아슬리그 웨욱 웨클 포스지 믈라스.	ASLIG WEUK WEKL POSJ MLAS.	스토니 말 원문 유지
12E0:0:0	02828	ASLIG WEUK WEKL POSJ MLAS.	아슬리그 웨욱 웨클 포스지 믈라스.	ASLIG WEUK WEKL POSJ MLAS.	스토니 말 원문 유지
1334:0:1	02831	CLEANUP DROIDS REPORT TO FLOOR 1.	청소 드로이드는 1층으로 보고하라.	청소 드로이드는 1층으로 출동하라.	어색한 직역(REPORT TO)
1344:0:0	02881	TWINKLY PACKING CHALLENGE HAS BEEN LOCATED!	트윙클리 포장 챌린지를 발견했습니다!	반짝이 포장 챌린지를 발견했습니다!	이름 통일(TWINKLIES=반짝이, 대사 쪽 표기)
1345:0:0	02883	TWINKLIES APPEAR FROM THE MESH FLOOR.	트윙클리는 그물 바닥에서 나타납니다.	반짝이들은 그물 바닥에서 나타납니다.	조사(반짝이는 → 동사로 읽힘)
1345:0:1	02884	THE PACKER MUST COLLECT THEM BEFORE THEY DISAPPEAR AND TAKE THEM TO THE CORRECT LOADING CHUTES.	포장 담당자는 트윙클리가 사라지기 전에 수거해서 올바른 적재 슈트로 가져가야 합니다.	포장 담당자는 반짝이가 사라지기 전에 수거해서 올바른 적재 슈트로 가져가야 합니다.	이름 통일(TWINKLIES=반짝이, 대사 쪽 표기)
1345:0:3	02886	TWINKLIES ARE HEAVY, SO THE MORE YOU CARRY, THE SLOWER YOU RUN.	트윙클리는 무거워서, 많이 들수록 더 느리게 달립니다.	반짝이들은 무거워서, 많이 들수록 더 느리게 달립니다.	조사(반짝이는 → 동사로 읽힘)
1347:0:0	02891	BEST SCORE FOR THE TWINKLY PACKING CHALLENGE IS NOW ~ POINTS.	트윙클리 포장 챌린지의 최고 점수는 이제 ~점입니다.	반짝이 포장 챌린지의 최고 점수는 이제 ~점입니다.	이름 통일(TWINKLIES=반짝이, 대사 쪽 표기)
1355:0:1	02921	I BELIEVE IT STATES QUITE CLEARLY IN THE WORKER'S GUIDELINES THAT BEARS ARE NOT TO BE LET INTO THE BUILDING.	직원 안내서에 곰은 건물에 들여보내면 안 된다고 꽤 분명히 적혀 있을 텐데요.	직원 안내서에 곰은 건물에 들이면 안 된다고 분명히 적혀 있을 텐데.	웰다 말투 통일(반말)
1367:0:0	02958	IT'S A CHEATO BOOK PAGE!	치토 북 페이지다!	치토 책 페이지다!	용어 통일(CHEATO BOOK=치토 책)
1367:0:1	02959	NO USE TO ME, THOUGH. I ONLY LIKE THE QUILTED STUFF.	근데 나한텐 쓸모없어. 난 누빈 것만 좋아하거든.	근데 나한텐 쓸모없어. 난 도톰한 휴지만 좋아하거든.	원문 뜻(QUILTED = 도톰한 휴지)
1368:0:1	02962	I'VE JUST BEEN CLEANED, AND I DON'T WANT THEM FILTHY WORKERS MESSING ME UP!	방금 청소했는데, 저 더러운 일꾼들이 날 다시 엉망으로 만드는 건 싫단 말이야!	방금 청소를 받았는데, 저 더러운 일꾼들이 날 다시 엉망으로 만드는 건 싫단 말이야!	오역(I'VE JUST BEEN CLEANED)
1385:0:0	03039	WELCOME BACK TO THE TWINKLY PACKING CHALLENGE!	트윙클리 포장 챌린지에 돌아온 걸 환영합니다!	반짝이 포장 챌린지에 돌아온 걸 환영합니다!	이름 통일(TWINKLIES=반짝이, 대사 쪽 표기)
13CA:0:0	03042	HEY, YOUNG MAN!	이봐, 젊은이!	이봐, 젊은 친구!	같은 원문 번역 통일(03:28)
13CA:0:1	03043	I'M GEORGE ICE CUBE, STUCK UP HERE AT THIS PERILOUS ALTITUDE.	난 조지 얼음 큐브, 이 위험천만한 고도에 꼼짝 못 하고 있어.	난 조지 아이스큐브, 이 위험천만한 고도에 꼼짝 못 하고 있다네.	이름 통일(ICE CUBE=아이스큐브)·조지 말투
13CA:0:3	03044	I WAS OUT WALKING ON THE ICY SIDE OF HAILFIRE PEAKS WITH MY WIFE MILDRED, WHEN A HUGE BLIZZARD CAME ALONG AND BLEW ME AWAY!	아내 밀드레드랑 헤일파이어 봉우리의 얼음 쪽에서 산책하고 있었는데, 거대한 눈보라가 몰아쳐서 날 날려버렸어!	아내 밀드레드와 불얼음 봉우리의 얼음 쪽을 산책하던 중, 엄청난 눈보라가 몰아쳐 날아가 버렸어!	지명 통일(HAILFIRE PEAKS=헤일파이어 피크스) / 지명 뜻으로(HAILFIRE PEAKS=불얼음 봉우리) / 같은 원문 번역 통일(03:28)
13CA:0:5	03045	I'M AFRAID OF HEIGHTS.	난 고소공포증이 있어.	난 고소공포증이 있다네.	같은 원문 번역 통일(03:28)
13CA:0:6	03046	NOW, I RECKON I'M ABOVE THE ICY SIDE, SO IF YOU COULD JUST GIVE A LITTLE PUSH...	지금, 내가 얼음 쪽 위에 있는 것 같으니까, 네가 살짝 밀어주기만 하면...	지금 내가 얼음 쪽 위에 있는 것 같으니, 살짝 밀어만 준다면...	같은 원문 번역 통일(03:28)
13CA:1:1	03047	WHAT HAPPENED, GEORGE?	무슨 일이야, 조지?	조지, 무슨 일 있었어요?	같은 원문 번역 통일(80)
13CA:1:3	03048	WHY NOT STAY UP HERE?	왜 그냥 여기 계속 있지 그래요?	그냥 여기 계속 있지 그래?	카주이 말투(반말)
13CA:1:4	03049	LOVELY VIEW.	경치 좋네.	경치 좋네요.	반조 말투(조지에게 존댓말)
13CB:0:1	03051	HOW I LONG TO SEE MY WIFE ON THE ICY SIDE OF HAILFIRE PEAKS AGAIN...	헤일파이어 봉우리의 얼음 쪽에서 아내를 다시 만나고 싶어 미치겠어...	불얼음 봉우리의 얼음 쪽에서 아내를 다시 만나고 싶어 미치겠어...	지명 통일(HAILFIRE PEAKS=헤일파이어 피크스) / 지명 뜻으로(HAILFIRE PEAKS=불얼음 봉우리)
13CD:0:2	03057	TO WIN AN ILL-DESERVED PRIZE, YOU MUST HIT AT LEAST ~ JIGGIES IN ~ SECONDS.	부당하게 받는 상품을 따내려면, ~초 안에 지기를 최소 ~개 맞혀야 해요.	부당한 상품을 따내려면, 지기를 최소 ~개, ~초 안에 맞혀야 해요.	~ 순서(원문: 개수 → 초)
13CD:0:4	03058	IF YOU MANAGE TO BEAT ~, I WILL GIVE YOU AN EXTRA PRIZE.	~을(를) 이기면, 보너스 상품을 하나 더 드릴게요.	~개를 넘기면, 보너스 상품을 하나 더 드릴게요.	오역(BEAT ~ = 그 수를 넘기다)
13CF:0:0	03062	REMEMBER, ~ JIGGIES IN ~ SECONDS WINS YOU SECOND PRIZE!	기억하세요, ~초 안에 지기 ~개를 맞히면 2등 상품을 받습니다!	기억하세요, 지기 ~개를 ~초 안에 맞히면 2등 상품이에요!	~ 순서(원문: 개수 → 초)
13D0:0:0	03065	NOW LET'S SEE YOU HIT ~ JIGGIES IN ~ SECONDS TO WIN FIRST PRIZE.	이제 1등 상품을 받으려면 ~초 안에 지기 ~개를 맞히는 걸 보여주세요.	이제 1등 상품을 받으려면 지기 ~개를 ~초 안에 맞혀 보세요.	~ 순서(원문: 개수 → 초)
13D4:0:0	03073	DID YOU CHEAT?	커닝한 거 아니에요?	반칙한 거 아니에요?	용어(CHEAT=반칙)
13DB:0:2	03091	CORRECT.	정답이야.	정답.	같은 원문 번역 통일(DD)
13DB:0:3	03092	I'M A SUPER STASH DELUXE, FOUR-DIGIT, INFINITE-COMBINATION REINFORCED STRONGBOX.	난 슈퍼 스태시 디럭스, 네 자리 숫자, 무한 조합의 강화 금고야.	나는 슈퍼 스태시 디럭스, 네 자리 숫자, 무한 조합 강화형 금고야.	같은 원문 번역 통일(DD)
13DB:0:5	03093	HEY, NO ONE LIKES A WISE GUY.	이봐, 똑똑한 척하는 녀석 좋아하는 사람 없거든.	이봐, 잘난 척하는 녀석은 다들 싫어해.	같은 원문 번역 통일(DD)
13DB:0:6	03094	IT'S ENOUGH UP HERE.	여기 위까지만 하면 충분해.	여기 위면 충분해.	같은 원문 번역 통일(DD)
13DB:0:8	03095	OH, THAT MIGHT BE A PROBLEM. I SEEM TO HAVE FORGOTTEN MY OWN COMBINATION.	오, 그건 문제가 될 수도 있겠네. 내 비밀번호를 까먹은 것 같아.	오, 그건 문제일 수도 있겠군. 내 비밀번호를 잊어버린 것 같아.	같은 원문 번역 통일(DD)
13DB:0:10	03096	I KNOW.	알고 있어.	알아.	같은 원문 번역 통일(DD)
13DB:0:12	03098	BUT IF YOU CAN FIND THE COMBINATION, I'LL GLADLY OPEN UP!	근데 번호를 찾아낸다면, 기꺼이 열어줄게!	하지만 비밀번호를 찾아낸다면, 기꺼이 열어 주지!	같은 원문 번역 통일(DD)
13DD:0:1	03105	I SHOULD'VE REMEMBERED THAT. IT'S A REAL RARE DATE.	그걸 기억했어야 했는데. 진짜 희귀한 연도잖아.	그걸 기억했어야 했는데. 진짜 '레어'한 연도잖아.	말장난 살림(RARE = 개발사 레어)
13E0:0:0	03109	FANCY A LITTLE PHYSICAL EXERCISE, FURBALL?	운동 좀 할래, 털뭉치?	가벼운 운동 좀 하고 싶나, 털뭉치?	같은 원문 번역 통일(DF)
13E0:0:3	03111	I'M MR. FIT AND I'M REALLY FIT, I AM.	난 미스터 핏, 진짜로 몸이 끝내주지.	나는 미스터 핏, 정말로 탄탄한 몸을 가졌지.	같은 원문 번역 통일(DF)
13E0:0:4	03112	SO FIT, IN FACT, THAT IF YOU CAN BEAT ME IN THREE EVENTS, I'LL GIVE YOU MY FITNESS GOLD MEDAL!	사실, 너무 끝내줘서, 세 종목에서 날 이기면, 내 피트니스 금메달을 줄게!	어찌나 탄탄한지, 세 종목에서 날 이기면 내 피트니스 금메달을 주겠어!	같은 원문 번역 통일(DF)
13E0:0:7	03113	IT IS, ACTUALLY.	사실, 그래.	사실, 그렇다네.	같은 원문 번역 통일(DF)
13E0:0:9	03115	THE BAR'S SET AT MY BEST HEIGHT.	바가 내 최고 기록 높이에 맞춰져 있어.	바는 내 최고 기록 높이에 맞춰져 있지.	같은 원문 번역 통일(DF)
13E6:0:1	03134	YOU MUST HAVE CHEATED!	분명 커닝한 게 틀림없어!	분명 반칙한 거야!	용어(CHEATED=반칙)
13E7:0:1	03138	A PREDICTABLY EASY VICTORY FOR MR. FIT.	미스터 핏의 예측대로 쉬운 승리네.	역시나 미스터 핏의 손쉬운 승리군.	어색한 직역
13F4:0:0	03184	YOU'VE GOT ~ SECONDS TO KILL ~ POINTS WORTH OF GERMS!	세균 ~점어치를 죽일 시간이 ~초 있어!	~초 안에 세균 ~점어치를 죽여!	~ 순서(원문: 초 → 점수)
13F5:0:0	03190	YOU'VE GOT ~ SECONDS TO BEAT THE BEST SCORE OF ~.	최고 점수 ~점을 깰 시간이 ~초 있어.	~초 안에 최고 점수 ~점을 깨 봐.	~ 순서(원문: 초 → 점수)
1405:0:0	03224	GREETINGZZZ!	안녕쩜쩜쩜!	안녕즈즈즈!	주바 말투 통일(벌 소리)
1405:0:1	03225	AZZZ YOU CAN ZZZEE, WE ZZZUBBAS HAVE A NEW NEZZZT!	보시다쩜 시피, 우리 쭈바즈가 새 둥지를 쩜 가지게 됐어쩜!	보다시피, 우리 주바들이 새 둥지를 마련했지잉!	주바 말투 통일(벌 소리)
1405:0:2	03226	TO CELEBRATE, WE'VE ARRANGED A LITTLE ZZZHOOTING GAME!	축하쩜 하는 의미로, 작은 사격 게임을 쩜 준비했어쩜!	축하하는 뜻으로 작은 사격 게임을 준비했지잉!	주바 말투 통일(벌 소리)
1405:0:3	03227	IF YOU ZZZCORE ~ POINTZZZ OR MORE, WE'LL GIVE YOU A PRIZZZE.	~점 이상 쩜 획득하면, 상품을 쩜 드릴게쩜.	~점 이상 따면 상품을 줄게지잉.	주바 말투 통일(벌 소리)
1405:0:5	03228	MANAGE TO BEAT ~ POINTZZZ, THEN THERE'ZZZ AN EXTRA ZZZPECIAL PRIZZZE FOR YOU!	~점을 넘기 쩜면, 특별쩜 상품이 쩜 하나 더 있쩜어!	~점을 넘기면 특별 상품이 하나 더 있지잉!	주바 말투 통일(벌 소리)
1406:0:0	03229	GREETINGZZZ!	안녕쩜쩜쩜!	안녕즈즈즈!	주바 말투 통일(벌 소리)
1406:0:1	03230	I ZZZEE YOU ARE BACK TO PLAY OUR LITTLE ZZZHOOTING GAME!	우리 작은 사격 게임을 쩜 하러 다시 쩜 왔네!	우리 작은 사격 게임을 하러 또 왔구나지잉!	주바 말투 통일(벌 소리)
1406:0:2	03231	THERE'ZZZ ZZZTILL A PRIZZZE TO BE HAD IN HERE IF YOU CAN ZZZSCORE ~ POINTS OR MORE!	~점 이상 쩜 획득하면 아직도 여기 쩜 상품이 쩜 남아 있어!	~점 이상 따면 아직 상품이 남아 있지잉!	주바 말투 통일(벌 소리)
1407:0:0	03232	GREETINGZZZ!	안녕쩜쩜쩜!	안녕즈즈즈!	주바 말투 통일(벌 소리)
1407:0:1	03233	I ZZZEE YOU ARE BACK TO PLAY OUR LITTLE ZZZHOOTING GAME!	우리 작은 사격 게임을 쩜 하러 다시 쩜 왔네!	우리 작은 사격 게임을 하러 또 왔구나지잉!	주바 말투 통일(벌 소리)
1407:0:2	03234	ALL THE ZZZTUFF IZZZ GONE, BUT YOU CAN JUZZZT BLAZZZT UZZZ FOR FUN!	물건들은 다 쩜 떨어졌지만, 그냥 재미 쩜 삼아 우리를 쏴쩜도 돼!	상품은 다 떨어졌지만, 재미로 우릴 쏴도 돼지잉!	주바 말투 통일(벌 소리)
1408:0:0	03235	DO YOU NEED ANY INZZZTRUCTIONZZZ?	설명이 쩜 필요해?	설명이 필요해지잉?	주바 말투 통일(벌 소리)
1409:0:0	03236	IT'S REALLY EAZZZY.	진짜 쩜 쉬워.	진짜 쉬워지잉.	주바 말투 통일(벌 소리)
1409:0:1	03237	JUST ZZZHOOT MY FRIENDZZZ AZZZ THEY FLY AROUND.	내 쩜 친구들이 날아다니는 걸 쩜 쏘기만 하면 쩜 돼.	날아다니는 내 친구들을 쏘기만 하면 돼지잉.	주바 말투 통일(벌 소리)
1409:0:2	03238	TRY TO ZZZCORE AS MANY POINTZZZ AZZZ YOU CAN WITHIN ~ ZZZECONDZZZ.	~초 안에 최대한 많은 점쩜수를 쩜 노려봐.	~초 안에 최대한 많은 점수를 따 봐지잉.	주바 말투 통일(벌 소리)
1409:0:5	03239	BLUE ONEZZZ ARE WORTH 3 POINTZZZ...	파란 쩜 녀석들은 3점쩜...	파란 녀석은 3점지잉...	주바 말투 통일(벌 소리)
1409:0:7	03240	GREEN ONEZZZ ZZZCORE 2 POINTZZZ...	초록 쩜 녀석들은 2점쩜...	초록 녀석은 2점지잉...	주바 말투 통일(벌 소리)
1409:0:9	03241	...AND RED ONEZZZ JUZZZT 1 POINT!	...그리고 빨간 쩜 녀석들은 겨우 1점쩜!	...그리고 빨간 녀석은 겨우 1점지잉!	주바 말투 통일(벌 소리)
140A:0:0	03242	NICE ZZZHOOTING!	좋은 쩜 사격이야!	잘 쐈어지잉!	주바 말투 통일(벌 소리)
140A:0:1	03243	YOU ZZZCORED ENOUGH TO WIN ZZZECOND PRIZZZE!	2등 쩜 상품을 받을 만큼 쩜 득점했어!	2등 상품을 받을 만큼 땄지잉!	주바 말투 통일(벌 소리)
140B:0:0	03244	AMAZZZING!	놀랍쩜군!	놀랍즈즈즈!	주바 말투 통일(벌 소리)
140B:0:1	03245	YOU ALZZZO GOT ENOUGH TO WIN THE FIRZZZT PRIZZZE TOO!	1등 쩜 상품도 받을 만큼 쩜 득점했어!	1등 상품까지 받을 만큼 땄지잉!	주바 말투 통일(벌 소리)
140C:0:0	03246	CONGRATULATIONZZZ!	축하쩜해!	축하해즈즈즈!	주바 말투 통일(벌 소리)
140C:0:1	03247	YOU BLAZZZTED ENOUGH OF UZZZ TO WIN FIRZZZT PRIZZZE!	1등 쩜 상품을 받을 만큼 쩜 우리를 많이 쐈쩜어!	우릴 잔뜩 쏴서 1등 상품을 땄지잉!	주바 말투 통일(벌 소리)
140D:0:0	03248	WELL DONE!	잘했쩜어!	잘했어지잉!	주바 말투 통일(벌 소리)
140D:0:1	03249	YOUR NEW BEZZZT ZZZCORE IS ~ POINTZZZ!	네 새 최고 쩜 점수는 ~쩜점이야!	네 새 최고 점수는 ~점이지잉!	주바 말투 통일(벌 소리)
140E:0:0	03250	NOT BAD!	나쁘지 쩜 않네!	나쁘지 않아지잉!	주바 말투 통일(벌 소리)
140E:0:1	03251	YOU ZZZCORED ~ POINTZZZ, WHICH WINZZZ YOU NOTHING.	~쩜점을 득쩜점했지만, 아무것도 못 받쩜아.	~점을 땄지만, 그걸론 아무것도 못 받아지잉.	주바 말투 통일(벌 소리)
140F:0:0	03252	HARD LUCK! YOU ONLY ZZZSCORED ~ POINTZZZ.	안됐네! ~쩜점밖에 쩜 못 얻었쩜어.	안됐네! 겨우 ~점밖에 못 땄어지잉.	주바 말투 통일(벌 소리)
140F:0:2	03253	YOUR BEZZZT ZZZCORE IZZZ ZZZTILL ~ POINTZZZ.	네 최고 쩜 점수는 아직도 ~쩜점이야.	네 최고 점수는 아직 ~점이지잉.	주바 말투 통일(벌 소리)
1410:0:0	03254	RUBBIZZZH!	형편없쩜어!	엉망이즈즈즈!	주바 말투 통일(벌 소리)
1410:0:1	03255	YOU DIDN'T ZZZCORE ANY POINTZZZ AT ALL.	점쩜수를 하나도 쩜 못 얻었어.	점수를 하나도 못 땄어지잉.	주바 말투 통일(벌 소리)
1416:0:0	03265	NOW ZZZHOOT THIZZZ LOTZZZ OF TIMEZZZ!	이제 이걸 여러 쩜 번 쏴봐!	이제 이걸 여러 번 쏴 봐지잉!	주바 말투 통일(벌 소리)
1417:0:0	03266	GOOD ZZZHOT!	좋은 쩜 샷이야!	잘 쐈어지잉!	주바 말투 통일(벌 소리)
1417:0:1	03267	BUT ONLY ZZZTINGY ONEZZZ CAN ENTER OUR HIVE...	하지만 쏘는 녀석쩜만 우리 벌집에 쩜 들어올 수 있어...	하지만 침 있는 녀석만 우리 벌집에 들어올 수 있지잉...	주바 말투·말장난(STINGY = 침)
1418:0:0	03268	NICE ZZZHOOTING!	좋은 쩜 사격이야!	잘 쐈어지잉!	주바 말투 통일(벌 소리)
1418:0:1	03269	WHY NOT COME INZZZIDE?	안으로 쩜 들어오지 쩜 그래?	안으로 들어오지 그래지잉?	주바 말투 통일(벌 소리)
1419:0:0	03270	YOUR ZZZHOOTING IZZZ NOT GOOD ENOUGH...	네 사격 쩜 실력은 쩜 충분하지 않아...	네 사격 실력은 아직 모자라지잉...	주바 말투 통일(벌 소리)
1424:0:3	03293	TAKE THESE PRIZES, BUT THERE'LL BE TROUBLE IF I FIND OUT YOU CHEATED...	이 상품들 가져가, 근데 네가 커닝한 걸 알게 되면 가만 안 둘 거야...	이 상품들 가져가, 근데 네가 반칙한 걸 알게 되면 가만 안 둘 거야...	용어(CHEATED=반칙)
1426:0:7	03301	GO ON, JUMP ON BOARD AND PRESS {87} AS FAST AS YOU CAN TO POWER THE MOUSE ALONG.	자, 올라타서 {87}을(를) 최대한 빠르게 눌러서 쥐한테 동력을 줘.	자, 올라타서 {87}을 최대한 빠르게 눌러서 쥐한테 동력을 줘.	조사 표기 통일({86}을)
1427:0:1	03307	PRESS {87} AS FAST AS YOU CAN TO POWER IT ALONG.	{87}을(를) 최대한 빠르게 눌러서 동력을 줘.	{87}을 최대한 빠르게 눌러서 동력을 줘.	조사 표기 통일({86}을)
142A:1:4	03319	WE WON ALL HER POSSESSIONS IN THE MINE.	우리는 광산에서 쟤 물건 전부 다 땄잖아.	광산에서 메리 물건은 이미 다 땄잖아.	지칭(쟤 → 메리)
142E:1:1	03329	SURE DID, LADY.	맞아, 아가씨.	그래, 아줌마.	카주이 호칭 통일(LADY=아줌마)
142F:0:7	03336	SEE YOU AROUND, FELLOW BIRD AND BEAR BUDDY!	또 보자, 동료 새이자 곰 친구!	또 보자, 새 동지랑 곰 친구!	어색한 직역
142F:1:4	03339	HOW ABOUT A THIRD RACE TO LET US TRY AND WIN YOUR DINNER?	세 번째 경주로 네 저녁을 따먹어볼까?	세 번째 경주로 네 저녁을 걸고 해 볼까?	어색한 표현
1438:0:0	03352	THIS IS STILL MY POT O' GOLD GAME.	이건 여전히 내 '황금 단지' 게임이야.	이건 여전히 내 황금 항아리 게임이야.	용어 통일(POT O' GOLD=황금 항아리)
1438:0:2	03354	I'LL GIVE YOU ~ SECONDS TO BEAT THE PATHETIC HIGH SCORE OF ~.	최악의 최고 기록인 ~개를 깨는 데 ~초를 주지.	~초 줄 테니, 한심한 최고 기록 ~개를 깨 봐.	~ 순서(원문: 초 → 기록)
143A:0:0	03357	PAH!	퍼!	흥!	오타(퍼!)
1443:0:0	03371	WELCOME TO GUFFO'S LUXURY TRASH CAN.	구포의 고급 쓰레기통에 오신 걸 환영해.	구포의 고급 쓰레기통에 온 걸 환영해.	구포 말투 통일(반말)
1443:0:2	03373	DO YOU NEED ANY ADVICE?	조언이 필요한가?	조언이 필요해?	구포 말투 통일(반말)
1444:0:0	03374	YOU'VE GOT ~ SECONDS TO BEAT ~!	~개를 깨는 데 ~초를 주지!	~초 안에 ~점을 넘겨 봐!	~ 순서(원문: 초 → 점수)
1444:0:2	03375	READY?	준비됐나?	준비?	같은 원문 번역 통일(DE)
1446:0:0	03382	SO CLOSE!	아깝다!	아깝네!	같은 원문 번역 통일(DE)
1449:0:0	03387	GREETINGZZZ!	안녕쓰으으으!	안녕즈즈즈!	주바 말투 통일(벌 소리)
1449:0:1	03388	ZZZCORE ~ POINTZZZ TO WIN ZZZECOND PRIZZZE OR ~ FOR FIRZZZT.	2등 상품을 받으려면 ~점, 1등은 ~점을 따내쓰으으.	2등 상품은 ~점, 1등은 ~점을 따야 해지잉.	주바 말투 통일(벌 소리)
144A:0:0	03389	LIZZZTEN...	들어봐쓰으...	잘 들어지잉...	주바 말투 통일(벌 소리)
144A:0:1	03390	ZZZSCORE ~ POINTZZZ OR MORE TO WIN A PRIZZZE!	~점 이상을 따내면 상품을 받을 수 있쓰으!	~점 이상 따면 상품을 줄게지잉!	주바 말투 통일(벌 소리)
144B:0:0	03391	YOU AGAIN!	또 너쓰으냐!	또 너구나지잉!	주바 말투 통일(벌 소리)
144B:0:1	03392	ALL THE ZZZTUFF IZZZ GONE, BUT BLAZZZT UZZZ FOR FUN!	전부 다 없어쓰으지만, 재미로 우릴 쏴도 돼쓰으!	상품은 다 떨어졌지만, 재미로 우릴 쏴도 돼지잉!	주바 말투 통일(벌 소리)
144C:0:0	03393	RUBBIZZZH!	엉망이쓰으!	엉망이즈즈즈!	주바 말투 통일(벌 소리)
144C:0:1	03394	YOU ZZZCORED ~ POINT, WHICH WINZZZ YOU NOTHING.	~점을 땄는데, 그걸로는 아무것도 못 얻쓰으.	~점을 땄지만, 그걸론 아무것도 못 받아지잉.	주바 말투 통일(벌 소리)
144D:0:0	03395	GREETINGZZZ!	안녕쓰으으으!	안녕즈즈즈!	주바 말투 통일(벌 소리)
144D:0:1	03396	I ZZZEE YOU ARE BACK TO PLAY OUR LITTLE ZZZHOOTING GAME!	다시 우리 작은 슈팅 게임을 하러 왔구나쓰으!	우리 작은 사격 게임을 하러 또 왔구나지잉!	주바 말투 통일(벌 소리)
144D:0:2	03397	THE BEZZZT ZZZCORE ZZZO FAR IZZZ ~ POINTZZZ.	지금까지 최고 기록은 ~점이쓰으.	지금까지 최고 점수는 ~점이지잉.	주바 말투 통일(벌 소리)
144E:0:0	03398	CONGRATULATIONZZZ!	축하하쓰으!	축하해즈즈즈!	주바 말투 통일(벌 소리)
144E:0:1	03399	YOU MANAGED TO GET A NEW BEZZZT ZZZCORE OF ~ POINTZZZ.	새로운 최고 기록인 ~점을 달성했쓰으.	새 최고 점수 ~점을 세웠지잉.	주바 말투 통일(벌 소리)
144F:0:0	03400	NOT BAD!	나쁘지 않아쓰으!	나쁘지 않아지잉!	주바 말투 통일(벌 소리)
144F:0:1	03401	YOU MANAGED TO EQUAL THE BEZZZT ZZZCORE OF ~ POINTZZZ.	최고 기록인 ~점과 동률을 이뤘쓰으.	최고 점수 ~점과 동률이지잉.	주바 말투 통일(벌 소리)
1450:0:0	03402	RUBBIZZZH!	엉망이쓰으!	엉망이즈즈즈!	주바 말투 통일(벌 소리)
1450:0:1	03403	YOU ONLY ZZZCORED ~ POINTZZZ, WHICH DIDN'T BEAT THE BEZZZT ZZZCORE OF ~ POINTZZZ.	겨우 ~점밖에 못 따서, 최고 기록인 ~점을 못 깼쓰으.	겨우 ~점이라 최고 점수 ~점을 못 넘었지잉.	주바 말투 통일(벌 소리)
1451:0:3	03405	KILLING A RED GERM SCORES 1 POINT...	빨간 세균을 죽이면 1점...	빨간 세균을 죽이면 1점이고...	같은 원문 번역 통일(DE)
1451:0:5	03406	GREEN ONES ARE WORTH 2...	초록색은 2점짜리고...	초록색은 2점이고...	같은 원문 번역 통일(DE)
1452:0:3	03410	I WAS OUT WALKING ON THE ICY SIDE OF HAILFIRE PEAKS WITH MY WIFE MILDRED, WHEN A HUGE BLIZZARD CAME ALONG AND BLEW ME AWAY!	아내 밀드레드와 헤일파이어 봉우리의 얼음 쪽을 산책하던 중, 엄청난 눈보라가 몰아쳐 날아가 버렸어!	아내 밀드레드와 불얼음 봉우리의 얼음 쪽을 산책하던 중, 엄청난 눈보라가 몰아쳐 날아가 버렸어!	지명 통일(HAILFIRE PEAKS=헤일파이어 피크스) / 지명 뜻으로(HAILFIRE PEAKS=불얼음 봉우리)
1453:0:3	03418	I WAS OUT WALKING ON THE ICY SIDE OF HAILFIRE PEAKS WITH MY WIFE MILDRED, WHEN A HUGE BLIZZARD CAME ALONG AND BLEW ME AWAY!	아내 밀드레드와 헤일파이어 봉우리의 얼음 쪽을 산책하던 중, 엄청난 눈보라가 몰아쳐 날아가 버렸어!	아내 밀드레드와 불얼음 봉우리의 얼음 쪽을 산책하던 중, 엄청난 눈보라가 몰아쳐 날아가 버렸어!	지명 통일(HAILFIRE PEAKS=헤일파이어 피크스) / 지명 뜻으로(HAILFIRE PEAKS=불얼음 봉우리)
1453:1:1	03421	WHAT HAPPENED, GEORGE?	조지, 무슨 일 있었어요?	조지, 무슨 일 있었어?	카주이 말투(반말)
1453:1:3	03422	YOU SHOULD STAY UP HERE...	그냥 여기 계시는 게 좋겠어요...	그냥 여기 있는 게 좋겠어...	카주이 말투(반말)
1453:1:4	03423	AFTER ALL, IT'S A LOVELY VIEW.	어쨌든, 경치는 아주 멋지네요.	어쨌든, 경치는 아주 멋지잖아.	카주이 말투(반말)
1454:1:1	03431	NOT REALLY.	별로 아니야.	별로.	같은 원문 번역 통일(80)
1455:1:1	03440	YOU'VE GOT THE WRONG PERSON.	사람 잘못 봤어요.	사람 잘못 봤어.	카주이 말투(반말)
1455:1:4	03441	THAT'S NICE.	그거 좋네요.	그거 좋네.	카주이 말투(반말)
1457:1:1	03452	WOW, A TALKING SAFE!	우와, 말하는 금고라니!	와, 말하는 금고다!	같은 원문 번역 통일(80)
1457:1:5	03454	LET'S HAVE A LOOK INSIDE THEN.	그럼 안을 좀 볼까.	그럼 안에 뭐가 있는지 한번 보자고.	같은 원문 번역 통일(80)
1458:1:3	03466	BUT FOUR DIGITS ONLY GIVES YOU 10,000 COMBINATIONS!	하지만 네 자리면 조합이 고작 만 가지뿐이잖아!	근데 네 자리 숫자면 겨우 10,000가지 조합밖에 안 되잖아!	같은 원문 번역 통일(81)
1458:1:7	03468	PERHAPS THEY SHOULD HAVE SPENT A LITTLE MORE ON YOUR INTELLIGENCE CHIP...	네 지능 칩에 좀 더 돈을 썼어야 했을 것 같은데...	지능 칩에 돈을 좀 더 들였어야 했나 보네...	같은 원문 번역 통일(81)
1461:1:4	03475	PRESS {86} TO BUZZ IN AND THEN {87} TO ANSWER IF YOU CAN.	버튼을 눌러 {86} 버저를 울리고, 답을 안다면 {87}을 눌러 대답해.	{86}을 눌러 버저를 울리고, 답을 안다면 {87}을 눌러 대답해.	어색한 문장
1463:1:2	03485	IT'S MY GORGEOUS, SLIM SISTER, MINGELLA!	내 아름답고 날씬한 언니, 밍겔라!	내 아름답고 날씬한 자매, 밍겔라!	자매 서열 미확인 → 자매
1464:1:2	03487	JUST SOME LOSER BEAR CALLED BANJO.	그냥 밴조라는 한심한 곰이지.	그냥 반조라는 한심한 곰이지.	주인공 이름 통일(카주이와 같게)
1465:1:2	03489	MY LOVELY, ERR... SHAPELY SISTER, BLOBBELDA!	내 사랑스럽고... 풍만한 언니, 블로벨다!	내 사랑스럽고... 풍만한 자매, 블로벨다!	자매 서열 미확인 → 자매
148B:1:1	03538	IT SEEMS THAT MY SISTER MINGELLA HAS SET A NEW STANDARD OF DUMBNESS, WITH A HOPELESS SCORE OF ~.	내 언니 밍겔라가 ~점이라는 절망적인 점수로 새로운 멍청함의 기준을 세운 모양이야.	내 자매 밍겔라가 ~점이라는 절망적인 점수로 새로운 멍청함의 기준을 세운 모양이야.	자매 서열 미확인 → 자매
148B:1:3	03539	TIME TO SAY GOODBYE, MINGY...	작별 인사할 시간이군, 밍기...	작별 인사할 시간이군, 밍지...	이름 통일(MINGY=밍지)
148D:1:1	03543	LOOKS LIKE MY SISTER BLOBBELDA IS AS THICK AS HER WAIST, AND HER SCORE OF ~ IS AS LOW AS HER IQ.	내 동생 블로벨다는 허리둘레만큼이나 머리가 둔한 모양이야, ~점이라는 점수가 IQ만큼이나 낮네.	내 자매 블로벨다는 허리둘레만큼이나 머리가 둔한 모양이야, ~점이라는 점수가 IQ만큼이나 낮네.	자매 서열 미확인 → 자매
148E:1:1	03546	IT SEEMS THAT MY SISTER MINGELLA HAS ALSO BEEN BEATEN BY THAT USELESS BEAR.	내 언니 밍겔라도 그 쓸모없는 곰한테 진 모양이야.	내 자매 밍겔라도 그 쓸모없는 곰한테 진 모양이야.	자매 서열 미확인 → 자매
148E:1:2	03547	TIME TO SAY GOODBYE, MINGY...	작별 인사할 시간이군, 밍기...	작별 인사할 시간이군, 밍지...	이름 통일(MINGY=밍지)
1490:1:1	03551	LOOKS LIKE MY SISTER BLOBBELDA HAS ALSO FAILED TO BEAT THAT DUMB BEAR.	내 동생 블로벨다도 저 멍청한 곰을 못 이긴 모양이야.	내 자매 블로벨다도 저 멍청한 곰을 못 이긴 모양이야.	자매 서열 미확인 → 자매
1492:1:16	03568	YOU COULD ESCAPE IN A COWARDLY FASHION LIKE IN BANJO-KAZOOIE, BEFORE WE KICK YOUR BONY BUTT.	너희가 우리 뼈빠진 엉덩이를 걷어차기 전에, 밴조-카주이 때처럼 비겁하게 도망치면 되겠지.	우리가 네 뼈만 남은 엉덩이를 걷어차기 전에, 반조-카주이 때처럼 비겁하게 도망치면 되겠네.	오역(주어: WE KICK YOUR BONY BUTT)
1496:1:0	03582	IT'S BANJO!	밴조야!	반조야!	주인공 이름 통일(카주이와 같게)
1498:1:0	03584	IT'S MUMBO!	검보야!	멈보야!	오타(MUMBO=멈보)
14C2:1:2	03633	MUMBO!	검보야!	멈보야!	오타(MUMBO=멈보)
14C4:1:2	03637	BANJO!	밴조야!	반조야!	주인공 이름 통일(카주이와 같게)
14CB:1:0	03650	BANJO!	밴조야!	반조야!	주인공 이름 통일(카주이와 같게)
14CF:1:0	03660	PAH!	퍼!	흥!	오타(PAH=퍼)
14D7:1:5	03683	NICE TRY, BANJO.	좋은 시도야, 밴조.	좋은 시도야, 반조.	주인공 이름 통일(카주이와 같게)
14D7:1:7	03685	SIGH.	한숨.	후우.	같은 원문 번역 통일(80)
14D8:1:0	03687	WELL, WE SURE SHOWED OLD WINKYBUNION AGAIN, EH, BANJO?	자, 우리가 또 윙키버니언 영감을 제대로 보여줬네, 그치, 밴조?	자, 우리가 또 윙키버니언 영감을 제대로 보여줬네, 그치, 반조?	주인공 이름 통일(카주이와 같게)
14FD:0:1	03717	I'M KING JINGALING, KING OF ALL THINGS JINJO AND RULER OF THIS VILLAGE.	나는 진갈링 왕, 모든 진조의 왕이자 이 마을의 지배자다.	나는 징갈링 왕, 모든 진조의 왕이자 이 마을의 지배자다.	이름 통일(JINGALING=징갈링)
14FE:1:0	03729	ER, KING JINGALING?	저, 진갈링 왕님?	저, 징갈링 왕님?	이름 통일(JINGALING=징갈링)
14FE:1:2	03730	TELL US ABOUT YOUR PROBLEM AGAIN...	당신 문제를 다시 한번 말해 줘요...	네 문제를 다시 한번 말해 봐...	카주이 말투(반말)
14FF:0:0	03731	HELLO THERE, BANJO.	안녕, 밴조.	안녕, 반조.	주인공 이름 통일(카주이와 같게)
14FF:0:9	03736	HE SHOULD BE BACK FROM SPIRAL MOUNTAIN FOR HIS DINNER SOON.	곧 저녁 먹으러 스파이럴 마운틴에서 돌아올 거야.	곧 저녁 먹으러 나선산에서 돌아올 거야.	지명 통일(SPIRAL MOUNTAIN=나선산, 카주이와 같게)
1500:1:1	03745	WE'VE GOT TO TELL HER, BANJO!	저 아주머니한테 말씀드려야 해, 밴조!	저 아주머니한테 말씀드려야 해, 반조!	주인공 이름 통일(카주이와 같게)
1501:0:0	03747	HEY THERE, BANJO!	안녕, 밴조!	안녕, 반조!	주인공 이름 통일(카주이와 같게)
1501:0:4	03749	KING JINGALING HAS ORGANIZED IT ESPECIALLY FOR MY DAD, SINCE HE'S SUCH A HERO!	진갈링 왕님이 특별히 우리 아빠를 위해 이걸 준비하셨어, 아빠가 영웅이니까!	징갈링 왕님이 특별히 우리 아빠를 위해 이걸 준비하셨어, 아빠가 영웅이니까!	이름 통일(JINGALING=징갈링)
1501:0:13	03753	IT'S CLOSED AT THE MOMENT, BUT I'M SURE KING JINGALING WILL OPEN IT FOR YOU IF YOU ASK HIM...	지금은 닫혀 있지만, 진갈링 왕님한테 부탁하면 분명 열어 주실 거야...	지금은 닫혀 있지만, 징갈링 왕님한테 부탁하면 분명 열어 주실 거야...	이름 통일(JINGALING=징갈링)
1501:0:16	03754	YOU MEAN YOU HAVEN'T SPOKEN TO KING JINGALING YET?	진갈링 왕님이랑 아직 얘기 안 했다는 거야?	징갈링 왕님이랑 아직 얘기 안 했다는 거야?	이름 통일(JINGALING=징갈링)
1501:1:4	03757	ER, I DON'T SUPPOSE YOU HAVE ANY SUBSTITUTES?	저, 혹시 교체 선수는 없나요?	저기, 혹시 교체 선수는 없어?	카주이 말투(반말)
1501:1:10	03759	KING WHAT-A-LING?	뭐왕 링?	징... 뭐시기 왕?	말장난(KING WHAT-A-LING)
1503:0:0	03765	HELLO, BANJO!	안녕, 밴조!	안녕, 반조!	주인공 이름 통일(카주이와 같게)
1503:0:10	03769	WELL, WHEN IN BANJO'S EYES VIEW, USE {85} AND {82} TO ZOOM IN AND OUT!	음, 밴조의 눈 시점일 땐, {85}랑 {82}로 확대·축소해!	음, 반조의 눈 시점일 땐, {85}랑 {82}으로 확대·축소해!	주인공 이름 통일(카주이와 같게) / 버튼 아이콘 뒤 조사 통일(«버튼»으로 읽어 을·으로·과)
1505:0:9	03786	JIGSAW PIECES, ALSO KNOWN AS JIGGIES.	직소 조각, 일명 지기라고 불리는 것들이지.	지그소 조각, 줄여서 지기라고 하지.	용어(JIGGY=지기) 어색한 문장
1505:1:2	03788	SOUNDS LIKE FUN.	재밌을 것 같아요.	재밌겠는데.	카주이 말투(반말)
1505:1:6	03790	AND WHAT MIGHT THESE IMAGES LOOK LIKE?	그 그림이란 게 어떻게 생겼는데요?	그 그림이란 게 어떻게 생겼는데?	카주이 말투(반말)
150C:0:0	03800	MUMBO CONFUSED.	검보 혼란.	멈보 헷갈린다.	멈보 말투(끊어 말하는 해라체)
150C:0:1	03801	NO PATIENT HERE FOR ME TO USE HEAL MAGIC ON...	치료 마법 쓸 환자 여기 없어...	여기 치료 마법 쓸 환자 없다...	멈보 말투(끊어 말하는 해라체)
150D:0:0	03802	YOU NOT LISTEN FIRST TIME!	너 처음에 안 들었어!	처음에 안 들었다!	멈보 말투(끊어 말하는 해라체)
150D:0:1	03803	MUMBO NEEDS PATIENT TO USE HEAL MAGIC ON...	검보는 치료 마법 쓸 환자 필요해...	멈보, 치료 마법 쓸 환자 필요하다...	멈보 말투(끊어 말하는 해라체)
150E:0:0	03804	MUMBO NOT WASTE MAGIC...	검보는 마법 낭비 안 해...	멈보, 마법 낭비 안 한다...	멈보 말투(끊어 말하는 해라체)
150E:0:1	03805	THINKS THERE SHOULD BE SICK PATIENT INSIDE...	안에 아픈 환자 있어야 할 것 같은데...	안에 아픈 환자 있어야 한다...	멈보 말투(끊어 말하는 해라체)
150F:0:0	03806	TRAIN EMPTY.	기차 비었어.	기차 비었다.	멈보 말투(끊어 말하는 해라체)
150F:0:1	03807	NEED PATIENT INSIDE FOR HEAL MAGIC TO WORK...	치료 마법 작동하려면 안에 환자 필요해...	치료 마법 통하려면 안에 환자 필요하다...	멈보 말투(끊어 말하는 해라체)
1515:1:0	03815	YOU HAVE ENOUGH JIGGIES TO ATTEMPT MY CHALLENGE.	내 도전에 도전할 만큼 충분한 지기를 갖고 있구나.	내 시험에 도전할 만큼 지기를 모았구나.	중복 표현(도전에 도전)
1518:1:10	03831	RIGHT YOU ARE, HORNET GIRL.	그래 맞아, 말벌 아가씨.	그래 맞아, 호박벌 아가씨.	말장난 살림(WASP/HORNET 구분)
152E:1:0	03874	YOU HAVE ENOUGH JIGGIES TO ATTEMPT MY CHALLENGE.	내 도전에 도전할 만큼 충분한 지기를 갖고 있구나.	내 시험에 도전할 만큼 지기를 모았구나.	중복 표현(도전에 도전)
1533:0:0	03883	...I HEAR TERRY'S WIFE LEFT HIM RECENTLY, SO HIS LITTLE 'UNS ARE ALL HE HAS LEFT.	...테리 부인이 최근에 떠났다던데, 그래서 새끼들만 남았대.	...테리는 얼마 전에 아내가 떠났대, 그래서 남은 건 새끼들뿐이라나.	오역(테리 부인이 떠난 것)
1534:0:0	03885	...OH YES, LORD WOO AND I GO WAY BACK.	...아 맞아, 우 경이랑 나는 오래된 사이야.	...아 맞아, 우 팍 팍 경이랑 나는 오래된 사이야.	이름 통일(LORD WOO FAK FAK)
1538:0:0	03902	THIS IS THE TEMPLE OF JIGGYWIGGY.	여기는 지기위기의 신전이다.	이곳은 지기위기의 신전이다.	같은 원문 번역 통일(03:16)
1538:0:1	03903	YOU DO NOT HAVE ENOUGH JIGGIES TO ATTEMPT CHALLENGE ~.	도전 ~에 도전할 만큼 지기를 충분히 갖고 있지 않다.	도전 과제 ~에 도전하기엔 지기가 부족하다.	같은 원문 번역 통일(03:16)
1539:0:3	03906	ME AND MY DAD ARE GOING TO BE PLAYING IN THE KICKBALL TOURNAMENT NEXT WEEK OVER AT THE MAYAN STADIUM!	나랑 아빠는 다음 주에 마야 경기장에서 열리는 킥볼 토너먼트에 나갈 거야!	나랑 아빠는 다음 주 마야 경기장에서 열리는 킥볼 대회에 출전할 거야!	같은 원문 번역 통일(03:2F)
1539:0:4	03907	KING JINGALING HAS ORGANIZED IT ESPECIALLY FOR MY DAD, SINCE HE'S SUCH A HERO!	진갈링 왕이 우리 아빠가 영웅이라고 특별히 주최해준 거야!	징갈링 왕님이 특별히 우리 아빠를 위해 이걸 준비하셨어, 아빠가 영웅이니까!	이름 통일(JINGALING=징갈링) / 같은 원문 번역 통일(03:2F)
1539:0:7	03908	WHY WOULD WE NEED SUBSTITUTES?	왜 우리한테 교체 선수가 필요한데?	교체 선수가 왜 필요한데?	같은 원문 번역 통일(03:2F)
1539:0:8	03909	MY DAD IS THE BEST ON THE TEAM!	우리 아빠가 팀에서 제일 잘해!	우리 아빠가 팀에서 최고라고!	같은 원문 번역 통일(03:2F)
1539:0:11	03910	AND DID YOU KNOW THAT TUNNEL OVER THERE IS MY SECRET WAY OUT OF THE VILLAGE?	그리고 저기 저 터널이 내가 마을을 몰래 빠져나가는 비밀 통로인 거 알아?	그리고 저기 저 터널이 마을을 빠져나가는 내 비밀 통로라는 거 알아?	같은 원문 번역 통일(03:2F)
1539:1:1	03913	HI, SPECCY!	안녕, 안경잡이!	안녕, 안경!	같은 원문 번역 통일(80)
1539:1:4	03914	ER, I DON'T SUPPOSE YOU HAVE ANY SUBSTITUTES?	저기, 혹시 교체 선수는 없는 거지?	저기, 혹시 교체 선수는 없어?	같은 원문 번역 통일(81)
1539:1:7	03915	I'M SURE HE WAS... ER, IS!	분명 그랬을... 아니, 그런 거겠지!	분명 있었는데... 아니, 있어!	같은 원문 번역 통일(80)
153C:1:2	03943	'FRAID NOT.	그건 좀 아닌 것 같은데.	어림없지.	어색한 말(FRAID NOT)
1542:0:5	03975	SO FUNNY.	완전 웃기네.	아주 웃기네.	어색한 말
154A:0:0	03996	YOU DON'T HAVE ENOUGH JIGGIES.	지기가 충분하지 않다.	지기가 충분하지 않군.	같은 원문 번역 통일(03:17)
154D:0:2	04005	JUST COME ON IN AND SEE THE JINGSTER!	그냥 들어와서 진스터를 만나봐!	그냥 들어와서 징스터를 만나 봐!	이름(JINGSTER=징갈링 별명)
154E:0:1	04007	YUSSS...	그렇습니다...	그렇다아...	클렁고 말투 통일
154F:0:2	04013	YUSSS.	그렇습니다.	그렇다아.	클렁고 말투 통일
154F:0:3	04014	NOW PASSS KLUNGO ANOTHER SSSCONE...	이제 클룽고한테 스콘 하나 더 줘요오...	이제 클렁고한테 스콘 하나 더 달라아...	클렁고 말투 통일
1550:0:0	04015	YES, SIR!	네, 손님!	좋았어!	잼자스 말투(YES, SIR = 감탄)
1550:0:1	04016	IT'S THE FABLED BANJO-KAZOOIE ICE KEY!	전설의 반조-카주이 얼음 열쇠예요!	전설의 반조-카주이 얼음 열쇠다!	잼자스 말투 통일(해라체)
1551:0:1	04019	IT'S BANJO-KAZOOIE'S MYSTERIOUS BLUE SECRET EGG!	반조-카주이의 신비한 파란 비밀 알이에요!	반조-카주이의 신비한 파란 비밀 알이다!	잼자스 말투 통일(해라체)
1552:0:1	04022	IT'S BANJO-KAZOOIE'S MYSTERIOUS PINK SECRET EGG!	반조-카주이의 신비한 분홍 비밀 알이에요!	반조-카주이의 신비한 분홍 비밀 알이다!	잼자스 말투 통일(해라체)
1556:0:0	04029	WELCOME BACK!	돌아온 걸 환영하네!	다시 왔구나!	징갈링 말투 통일(반말)
1556:0:4	04031	HEY, THAT MRS. B IS A WIZARD COOK - THOSE SCONES AT THE PARTY WERE TOP NOTCH.	이봐, 그 미세스 B는 요리 천재야 - 파티 때 스콘이 최고였어.	이야, 보틀스 아주머니 요리 솜씨는 마법이야 - 파티 때 스콘은 최고였어.	이름 통일(MRS. B=보틀스 아주머니)
1556:1:5	04035	YOU AND GREEDY KLUNGO ATE THEM ALL BEFORE WE COULD GET THERE.	당신이랑 욕심쟁이 클룽고가 우리 가기 전에 다 먹어치웠잖아.	당신이랑 욕심쟁이 클렁고가 우리 가기 전에 다 먹어치웠잖아.	이름 통일(KLUNGO=클렁고, 카주이와 같게)
1557:0:6	04040	C'MON, GUYS, PLEASE REMEMBER MY NAME - I'M THE ONE AND ONLY KING JINGALING!	이봐, 얘들아, 제발 내 이름 좀 기억해줘 - 나는 유일무이한 진갈링 왕이라고!	이봐, 얘들아, 제발 내 이름 좀 기억해줘 - 나는 유일무이한 징갈링 왕이라고!	이름 통일(JINGALING=징갈링)
1558:0:0	04042	WELCOME BACK!	돌아온 걸 환영하네!	다시 왔구나!	징갈링 말투 통일(반말)
1558:0:4	04044	AND PLEASE, THE NAME'S JINGALING!	그리고 제발, 이름은 진갈링이라고!	그리고 제발, 이름은 징갈링이라고!	이름 통일(JINGALING=징갈링)
1559:0:0	04046	EVERYTHING SEEMS TO BE SLOWLY RETURNING BACK TO NORMAL...	모든 게 서서히 정상으로 돌아오는 것 같다...	모든 게 천천히 제자리로 돌아오는 것 같아...	징갈링 말투 통일(반말)
155F:0:1	04060	NOW YOU WILL ALSO NEED TO ROTATE PIECES BY PRESSING {85} AND {82}.	이제 {85}와 {82}를 눌러 조각을 돌려야 할 것이다.	이제 {85}과 {82}을 눌러 조각을 돌려야 할 것이다.	버튼 아이콘 뒤 조사 통일(«버튼»으로 읽어 을·으로·과)
1560:0:0	04062	LET IT BE KNOWN THE FASTEST TIME SO FAR IS ~.	지금까지의 최고 기록은 ~임을 알려라.	알려 두마, 지금까지의 최고 기록은 ~이다.	어색한 문장
1561:0:0	04063	JIGTASTIC!	지기스틱!	지기막히다!	말장난(JIGTASTIC)
1561:0:1	04064	I DECLARE THAT THE NEW FASTEST TIME OF ~ SURPASSES THE OLD RECORD OF ~.	새로운 최고 기록 ~가 이전 기록 ~을 뛰어넘었음을 선언한다.	새 최고 기록 ~, 이전 기록 ~을 넘어섰음을 선언하노라.	조사(~가)·문체
1562:0:0	04065	A MOST WORTHY EFFORT, WHICH EQUALLED THE FASTEST TIME OF ~.	가장 훌륭한 노력이다, 최고 기록 ~와 동률이로구나.	참으로 훌륭한 노력이다, 최고 기록 ~에 맞먹는구나.	어색한 문장·조사(~와)
1564:0:0	04067	JIGTASTIC!	지기스틱!	지기막히다!	말장난(JIGTASTIC)
1564:0:1	04068	I DECLARE THAT ~ IS THE FASTEST TIME - YOU TRULY ARE THE CHOSEN ONE.	~가 최고 기록임을 선언한다 - 너는 진정 선택받은 자로다.	최고 기록은 ~임을 선언한다 - 너는 진정 선택받은 자로다.	조사(~가)
15BF:0:3	04078	I'LL PROBABLY DRY UP AND DIE IF I DON'T GET BACK TO THE MOAT AROUND THE SPIRAL MOUNTAIN SOON.	빨리 스파이럴 마운틴 주변 해자로 돌아가지 않으면 말라죽을 것 같아.	빨리 나선산 주변 해자로 돌아가지 않으면 말라죽을 것 같아.	지명 통일(SPIRAL MOUNTAIN=나선산, 카주이와 같게)
15C0:0:7	04087	CHEERIO!	안녕!	잘 가!	어색한 말(CHEERIO)
1622:0:1	04132	IF IT ISSSN'T THE BEAR AND BIRD WHO CAUSSSED SSSO MUCH TROUBLE TO MISSSTRESSS GRUNTY!	이게 누구야, 그런트 마님께 그렇게나 말썽을 일으킨 곰이랑 새 아니냐아!	이게 누구야, 그런티 마님께 그렇게나 말썽을 일으킨 곰이랑 새 아니냐아!	이름 통일(GRUNTY=그런티)
1622:0:9	04136	KLUNGO ISSS MAD NOW!	클룽고 이제 화났다아!	클렁고 이제 화났다아!	이름 통일(KLUNGO=클렁고, 카주이와 같게)
1623:0:3	04141	TIME FOR KLUNGO DRINKIESSS...	이제 클룽고 마실 시간이다아...	이제 클렁고 마실 시간이다아...	이름 통일(KLUNGO=클렁고, 카주이와 같게)
1624:0:0	04143	YURRR!	유르르!	으르르!	클렁고 소리
1624:0:1	04144	NOW KLUNGO SSSQUASSSH!	이제 클룽고 짓뭉갠다아!	이제 클렁고 짓뭉갠다아!	이름 통일(KLUNGO=클렁고, 카주이와 같게)
1625:0:0	04145	YURRR!	유르르!	으르르!	클렁고 소리
1625:0:1	04146	NOT FIND CLEVER KLUNGO NOW!	똑똑한 클룽고 이제 못 찾는다아!	똑똑한 클렁고 이제 못 찾는다아!	이름 통일(KLUNGO=클렁고, 카주이와 같게)
1626:0:0	04147	YURRR!	유르르!	으르르!	클렁고 소리
1626:0:1	04148	NOW NOT KNOW WHICH ISSS REAL KLUNGO!	이제 어느 쪽이 진짜 클룽고인지 모른다아!	이제 어느 쪽이 진짜 클렁고인지 모른다아!	이름 통일(KLUNGO=클렁고, 카주이와 같게)
1627:0:0	04149	NASSSTY BEAR AND BIRD HURTSSS POOR KLUNGO!	못된 곰이랑 새가 불쌍한 클룽고 아프게 한다아!	못된 곰이랑 새가 불쌍한 클렁고 아프게 한다아!	이름 통일(KLUNGO=클렁고, 카주이와 같게)
1627:0:3	04150	YURRR...GOOD IDEA.	유르르...좋은 생각이다아.	으르르...좋은 생각이다아.	클렁고 소리
1627:0:4	04151	BUT YOU NOT SSSEEN LASSST OF KLUNGO!	하지만 클룽고 아직 안 끝났다아!	하지만 클렁고 아직 안 끝났다아!	이름 통일(KLUNGO=클렁고, 카주이와 같게)
1628:0:2	04155	MISSSTRESSS SSSAID KLUNGO MUSSST SSSTOP YOU OR I GET MORE BEATINGSSS...	마님이 클룽고더러 너희 막으라고 했다아, 안 그럼 더 많이 맞는다아...	마님이 클렁고더러 너희 막으라고 했다아, 안 그럼 더 많이 맞는다아...	이름 통일(KLUNGO=클렁고, 카주이와 같게)
1628:0:6	04157	KLUNGO WIN THISSS TIME, HASSS NEW POTION TO TRY...	이번엔 클룽고가 이긴다아, 새 물약 써볼 거다아...	이번엔 클렁고가 이긴다아, 새 물약 써볼 거다아...	이름 통일(KLUNGO=클렁고, 카주이와 같게)
162A:0:0	04162	BEAR AND BIRD BEATSSS POOR KLUNGO AGAIN!	곰이랑 새가 불쌍한 클룽고 또 이겼다아!	곰이랑 새가 불쌍한 클렁고 또 이겼다아!	이름 통일(KLUNGO=클렁고, 카주이와 같게)
162A:1:1	04164	IT CAN'T BE GOOD FOR YOUR HEALTH, KLUNGO.	이게 건강에 좋을 리가 없잖아, 클룽고.	이게 건강에 좋을 리가 없잖아, 클렁고.	이름 통일(KLUNGO=클렁고, 카주이와 같게)
162B:0:1	04166	KLUNGO CLEVER, LEARN LOTSSS.	클룽고 똑똑하다아, 많이 배웠다아.	클렁고 똑똑하다아, 많이 배웠다아.	이름 통일(KLUNGO=클렁고, 카주이와 같게)
162B:0:5	04168	YUSSS...ERR, KLUNGO MEANS NO.	그렇다아...아니, 클룽고 말은 아니다.	그렇다아...아니, 클렁고 말은 아니다.	이름 통일(KLUNGO=클렁고, 카주이와 같게)
162C:0:2	04173	KLUNGO NOT WANT TO BE MONSSSTER'SSS DINNER...	클룽고 괴물 저녁밥 되기 싫다아...	클렁고 괴물 저녁밥 되기 싫다아...	이름 통일(KLUNGO=클렁고, 카주이와 같게)
162D:0:0	04175	KLUNGO NOTICE SSSOMETHING HAPPENING AFTER FIGHTSSS WITH BEAR AND BIRD...	클룽고 곰이랑 새랑 싸운 뒤로 뭔가 이상한 걸 눈치챘다아...	클렁고 곰이랑 새랑 싸운 뒤로 뭔가 이상한 걸 눈치챘다아...	이름 통일(KLUNGO=클렁고, 카주이와 같게)
162D:0:4	04177	KLUNGO GETSSS LESSS AND LESSS HANDSSSOME...	클룽고 점점 덜 잘생겨진다아...	클렁고 점점 덜 잘생겨진다아...	이름 통일(KLUNGO=클렁고, 카주이와 같게)
162D:0:5	04178	NOW MRSSS. KLUNGO WON'T WANT ME ANYMORE...	이제 클룽고 부인이 날 원하지 않을 거다아...	이제 클렁고 부인이 날 원하지 않을 거다아...	이름 통일(KLUNGO=클렁고, 카주이와 같게)
162E:0:0	04180	FUTURE PROSSSPECTSSS NOT GOOD WITH MISSSTRESSS GRUNTY.	그런트 마님 밑에서 미래 전망 안 좋다아.	그런티 마님 밑에서 미래 전망 안 좋다아.	이름 통일(GRUNTY=그런티)
162E:0:4	04184	KLUNGO GO FIND EASSSY DESSSK JOB, MAYBE MAKE SSSTUPID GAMESSS...	클룽고 편한 사무직 찾으러 간다아, 아마 바보 같은 게임이나 만들겠다아...	클렁고 편한 사무직 찾으러 간다아, 아마 바보 같은 게임이나 만들겠다아...	이름 통일(KLUNGO=클렁고, 카주이와 같게)
162F:0:0	04185	CLEVER KLUNGO HIDE BEHIND MAGIC SSSHIELD!	똑똑한 클룽고 마법 방패 뒤에 숨는다아!	똑똑한 클렁고 마법 방패 뒤에 숨는다아!	이름 통일(KLUNGO=클렁고, 카주이와 같게)
1630:0:1	04188	USSSELESSS POTION GIVE AWAY KLUNGO POSITION...	쓸모없는 물약이 클룽고 위치 들켰다아...	쓸모없는 물약이 클렁고 위치 들켰다아...	이름 통일(KLUNGO=클렁고, 카주이와 같게)
1631:0:1	04190	SSSTUPID BEAR CAN'T FIND KLUNGO...	바보 곰 클룽고 못 찾는다아...	바보 곰 클렁고 못 찾는다아...	이름 통일(KLUNGO=클렁고, 카주이와 같게)
1634:0:1	04197	KLUNGO MUSSST DEFEND MISSSTRESSS GRUNTY CASSSTLE!	클룽고 그런트 마님의 성을 지켜야 한다아!	클렁고 그런티 마님의 성을 지켜야 한다아!	이름 통일(KLUNGO=클렁고, 카주이와 같게) / 이름 통일(GRUNTY=그런티)
1635:0:0	04198	KLUNGO COMING, MISSSTRESSS!	클룽고 갑니다아, 마님!	클렁고 갑니다아, 마님!	이름 통일(KLUNGO=클렁고, 카주이와 같게)
1635:0:1	04199	PLEASSSE BEAT FAILURE KLUNGO WITH BROOMSSSTICK!	실패자 클룽고를 빗자루로 때려주세요오!	실패자 클렁고를 빗자루로 때려주세요오!	이름 통일(KLUNGO=클렁고, 카주이와 같게)
1636:0:0	04200	KLUNGO RETURN FOR MORE BEATINGSSS...	클룽고 더 맞으러 돌아온다아...	클렁고 더 맞으러 돌아온다아...	이름 통일(KLUNGO=클렁고, 카주이와 같게)
1637:0:0	04202	KLUNGO HAD ENOUGH...	클룽고 이제 질렸다아...	클렁고 이제 질렸다아...	이름 통일(KLUNGO=클렁고, 카주이와 같게)
1688:1:0	04208	WHEN IN BREEGULL BLASTER SECTIONS, ACTIVATE THE AIMING SIGHT BY HOLDING {80}.	브리걸 블래스터 구간에서는 {80}을 누르고 있으면 조준 시야가 활성화된다.	브리걸 블래스터 구간에서는 {80}을 누르고 있으면 조준경이 활성화된다.	어색한 직역(AIMING SIGHT=조준경)
1689:1:1	04210	COME INSIDE AND HAVE YOUR FORTUNE TOLD BY MADAME GRUNTY!	안으로 들어와서 마담 그런티에게 운세를 봐요!	안으로 들어와서 마담 그런티에게 운세를 보세요!	간판 존댓말 통일
1689:1:2	04211	HOWEVER, WE ARE CONTRACTUALLY OBLIGED TO POINT OUT THAT YOU MAY NOT NECESSARILY LIKE WHAT SHE DECIDES.	단, 계약상 고지 사항입니다만, 그녀가 말해주는 내용이 마음에 들지 않을 수도 있습니다.	단, 계약상 알려 드립니다만, 점괘가 마음에 들지 않을 수도 있습니다.	어색한 문장
168A:1:1	04212	WITCHYWORLD THEME PARK IS CURRENTLY CLOSED DUE TO AN APPALLING SAFETY RECORD.	위치월드 테마파크는 끔찍한 안전 기록으로 인해 현재 폐쇄 중입니다.	마녀랜드 테마파크는 끔찍한 안전 기록으로 인해 현재 폐쇄 중입니다.	지명 뜻으로(WITCHYWORLD=마녀랜드)
1690:1:0	04225	ANYONE WHO RIDES ALL THE QUALITY ATTRACTIONS AND SURVIVES IS ENTITLED TO JOIN THE WITCHYWORLD FAN CLUB.	양질의 놀이기구를 전부 타고 살아남은 사람은 위치월드 팬클럽에 가입할 자격이 주어집니다.	양질의 놀이기구를 전부 타고 살아남은 사람은 마녀랜드 팬클럽에 가입할 자격이 주어집니다.	지명 뜻으로(WITCHYWORLD=마녀랜드)
1691:1:0	04227	THE MANAGEMENT ACCEPTS NO RESPONSIBILITY FOR THE THIEVING PICKPOCKETS THAT IT EMPLOYS WITHIN WITCHYWORLD.	경영진은 위치월드 내에서 고용 중인 소매치기들의 절도 행위에 대해 책임지지 않습니다.	경영진은 마녀랜드 내에서 고용 중인 소매치기들의 절도 행위에 대해 책임지지 않습니다.	지명 뜻으로(WITCHYWORLD=마녀랜드)
1694:1:0	04230	WITCHYWORLD IS WHERE FORTUNE MAY SMILE UPON YOU.	위치월드는 행운이 당신에게 미소 지을지도 모르는 곳입니다.	마녀랜드는 행운이 당신에게 미소 지을지도 모르는 곳입니다.	지명 뜻으로(WITCHYWORLD=마녀랜드)
1695:1:0	04231	AN EGG CONTAINER FOLLOWED BY JINGALING?	알 보관함 다음에 진갈링이라?	알 보관함 다음에 징갈링이라?	이름 통일(JINGALING=징갈링)
1697:1:0	04239	WITCHYWORLD ENTRANCE SIGNPOST 3	위치월드 입구 표지판 3	마녀랜드 입구 표지판 3	지명 뜻으로(WITCHYWORLD=마녀랜드)
1698:1:0	04240	WITCHYWORLD ENTRANCE SIGNPOST 4	위치월드 입구 표지판 4	마녀랜드 입구 표지판 4	지명 뜻으로(WITCHYWORLD=마녀랜드)
1699:1:0	04241	MAGIC GLOWBO CREATURES ARE USUALLY FOUND NEAR MUMBO JUMBO AND HUMBA WUMBA.	마법 글로보 생물은 보통 멈보 점보와 험바 웜바 근처에서 발견됩니다.	마법 글로보 생물은 보통 멈보 점보와 훔바 움바 근처에서 발견됩니다.	이름 통일(HUMBA WUMBA=훔바 움바, 번역 다수 표기)
169C:1:0	04245	COME VISIT THE CHARMING RESORT OF JOLLY ROGER'S LAGOON.	매력적인 졸리 로저의 라군 리조트를 방문하세요.	매력적인 졸리 로저의 석호 리조트를 방문하세요.	지명 뜻으로(JOLLY ROGER'S LAGOON=졸리 로저의 석호)
169C:1:1	04246	HIRE A WAVERACER FROM BLUBBER'S, SHOP AT PAWNO'S OR DROP IN AT JOLLY'S FOR A REFRESHING GINGER BEER!	블러버즈에서 웨이브레이서를 빌리고, 포노스에서 쇼핑하고, 졸리스에 들러 상쾌한 진저 비어 한 잔 하세요!	블러버 가게에서 웨이브레이서를 빌리고, 포노 상점에서 쇼핑하고, 졸리네에 들러 시원한 진저 비어 한 잔 하세요!	가게 이름 표기
169E:1:0	04249	UNSCREW BOLTS WITH THE BILL DRILL.	부리 드릴로 볼트를 풀어라.	빌 드릴로 볼트를 풀어라.	용어 통일(BILL DRILL=빌 드릴)
16A0:1:0	04251	HOT LINKS COLD IN THE SKULL AND WIGWAM.	해골과 위그왐 속, 핫도그는 식어 있다.	해골과 천막 속, 핫도그는 식어 있다.	지명 뜻으로(WUMBA'S WIGWAM=움바의 천막)
16A1:1:0	04252	ONLY A BALL OF GREAT SIZE CAN START THE OIL DRILL.	아주 커다란 공만이 오일 드릴을 작동시킬 수 있다.	아주 커다란 공만이 석유 시추기를 작동시킬 수 있다.	용어 통일(OIL DRILL=석유 시추기)
16A6:1:1	04259	GO SEE THE SHAMAN.	샤먼을 찾아가세요.	주술사를 찾아가세요.	용어 통일(SHAMAN=주술사)
16AA:1:0	04263	THE GENERATORS NEED TO BE LIT, BUT TO SWITCH ON LIGHTS REQUIRES A SPLIT.	발전기에 불을 붙여야 하지만, 조명을 켜려면 분신이 필요하다.	발전기에 불을 붙여야 하지만, 조명을 켜려면 분리가 필요하다.	용어 통일(SPLIT UP=분리)
16B7:0:0	04286	BEHOLD THE JIGGY SECRETS OF MAYAHEM TEMPLE...	마야헴 사원의 지기 비밀을 보라...	마야 대혼란 사원의 지기 비밀을 보라...	지명 뜻으로(MAYAHEM TEMPLE=마야 대혼란 사원)
16B7:0:1	04287	1. DEFEAT TARGITZAN	1. 타르깃잔을 쓰러뜨려라	1. 타깃잔을 쓰러뜨려라	이름 통일(TARGITZAN=타깃잔)
16B7:0:2	04288	2. INSIDE TARGITZAN'S TEMPLE	2. 타르깃잔 사원 내부	2. 타깃잔 사원 내부	이름 통일(TARGITZAN=타깃잔)
16B7:0:3	04289	3. TOP OF TARGITZAN'S TEMPLE	3. 타르깃잔 사원 꼭대기	3. 타깃잔 사원 꼭대기	이름 통일(TARGITZAN=타깃잔)
16B7:0:4	04290	4. RECOVER TARGITZAN'S STOLEN GOLD	4. 타르깃잔이 훔친 황금을 되찾아라	4. 타깃잔이 훔친 황금을 되찾아라	이름 통일(TARGITZAN=타깃잔)
16B7:0:7	04293	7. QUICKSAND AREA IN JADE SNAKE GROVE	7. 제이드 스네이크 숲의 유사 지대	7. 비취뱀 숲의 유사 지대	이름 뜻으로(JADE SNAKE=비취뱀)
16B7:0:8	04294	8. SLEEPING JADE SNAKE	8. 잠든 제이드 스네이크	8. 잠든 비취뱀	이름 뜻으로(JADE SNAKE=비취뱀)
16B8:0:0	04297	BEHOLD THE JIGGY SECRETS OF GLITTER GULCH MINE...	글리터 걸치 광산의 지기 비밀을 보라...	반짝 협곡 광산의 지기 비밀을 보라...	지명 뜻으로(GLITTER GULCH MINE=반짝 협곡 광산)
16B8:0:6	04303	6. RESCUE THE RAT FROM MAYAHEM'S PRISON	6. 마야헴 감옥에서 쥐를 구출하라	6. 마야 대혼란 감옥에서 쥐를 구출하라	지명 뜻으로(마야 대혼란 사원)
16B8:0:9	04306	9. IN THE POWER HUT BASEMENT	9. 발전소 오두막 지하	9. 발전 오두막 지하	지명 통일(POWER HUT=발전 오두막)
16B9:0:0	04308	BEHOLD THE JIGGY SECRETS OF WITCHYWORLD...	위치월드의 지기 비밀을 보라...	마녀랜드의 지기 비밀을 보라...	지명 뜻으로(WITCHYWORLD=마녀랜드)
16B9:0:3	04311	3. WIN THE 'HOOP HURRY' GAME	3. '후프 허리' 게임에서 승리하라	3. '후프 질주' 게임에서 승리하라	이름 뜻으로(HOOP HURRY — «허리»는 몸 허리로 읽힌다)
16B9:0:4	04312	4. WIN THE 'DODGEM DOME' GAMES	4. '닷지돔' 게임에서 승리하라	4. '범퍼카 돔' 게임에서 승리하라	이름 통일(DODGEM DOME=범퍼카 돔)
16B9:0:5	04313	5. 'SAUCER OF PERIL' RIDE	5. '위험의 접시' 놀이기구	5. '공포의 비행접시' 놀이기구	이름 뜻으로(SAUCER OF PERIL=공포의 비행접시)
16BA:0:0	04319	BEHOLD THE JIGGY SECRETS OF JOLLY ROGER'S LAGOON...	졸리 로저의 라군의 지기 비밀을 보라...	졸리 로저의 석호의 지기 비밀을 보라...	지명 뜻으로(JOLLY ROGER'S LAGOON=졸리 로저의 석호)
16BA:0:1	04320	1. DEFEAT LORD WOO FAK FAK	1. 우 팍팍 경을 쓰러뜨려라	1. 우 팍 팍 경을 쓰러뜨려라	이름 통일(우 팍 팍)
16BA:0:3	04322	3. HATCH AND HELP BABY TIPTUP	3. 아기 팁탑을 부화시키고 도와줘라	3. 아기 팁텁을 부화시키고 도와줘라	이름 통일(TIPTUP=팁텁)
16BA:0:6	04325	6. INSIDE SMUGGLER'S CAVERN BELOW JOLLY'S	6. 졸리 가게 아래 밀수꾼 동굴 내부	6. 졸리네 아래 밀수꾼 동굴 내부	이름 통일(JOLLY'S=졸리네)
16BB:0:0	04330	BEHOLD THE JIGGY SECRETS OF TERRYDACTYLAND...	테리닥틸랜드의 지기 비밀을 보라...	익룡랜드의 지기 비밀을 보라...	지명 뜻으로(TERRYDACTYLAND=익룡랜드)
16BB:0:6	04336	6. WARM UP AND GET FOOD FOR THE OOGLE BOOGLES	6. 오글 부글족을 따뜻하게 하고 먹이를 줘라	6. 우글 부글족을 따뜻하게 하고 먹이를 줘라	이름 통일(OOGLE BOOGLE=우글 부글)
16BB:0:7	04337	7. INSIDE THE CHOMPASAUR'S BELLY	7. 챔파사우르의 배 속	7. 촘파사우루스의 배 속	이름 통일(CHOMPASAUR=촘파사우루스)
16BB:0:8	04338	8. ON THE STOMPING PLAINS	8. 짓밟힌 평원 위에서	8. 쿵쾅 평원 위에서	지명 뜻으로(STOMPING PLAINS=쿵쾅 평원)
16BC:0:0	04341	BEHOLD THE JIGGY SECRETS OF GRUNTY INDUSTRIES...	그런티 인더스트리의 지기 비밀을 보라...	그런티 산업의 지기 비밀을 보라...	지명 통일(GRUNTY INDUSTRIES=그런티 인더스트리즈) / 지명 뜻으로(GRUNTY INDUSTRIES=그런티 산업)
16BC:0:4	04345	4. WASH THE FILTHY WORKERS	4. 더러운 작업자들을 씻겨라	4. 더러운 일꾼들을 씻겨라	용어 통일(FILTHY WORKERS=더러운 일꾼)
16BD:0:0	04352	BEHOLD THE JIGGY SECRETS OF HAILFIRE PEAKS...	헤일파이어 피크스의 지기 비밀을 보라...	불얼음 봉우리의 지기 비밀을 보라...	지명 뜻으로(HAILFIRE PEAKS=불얼음 봉우리)
16BD:0:6	04358	6. ACTIVATE THE OIL DRILL	6. 석유 드릴을 가동하라	6. 석유 시추기를 가동하라	용어 통일(OIL DRILL=석유 시추기)
16BD:0:7	04359	7. TERRYDACTYLAND'S STOMPING PLAINS LINK	7. 테리닥틸랜드 짓밟힌 평원 연결 통로	7. 익룡랜드 쿵쾅 평원 연결 통로	지명 뜻으로(TERRYDACTYLAND=익룡랜드) / 지명 뜻으로(STOMPING PLAINS=쿵쾅 평원)
16BE:0:0	04363	BEHOLD THE JIGGY SECRETS OF CLOUD CUCKOOLAND...	클라우드 쿠쿠랜드의 지기 비밀을 보라...	구름 뻐꾸기 나라의 지기 비밀을 보라...	지명 뜻으로(CLOUD CUCKOOLAND=구름 뻐꾸기 나라)
16BE:0:1	04364	1. DEFEAT MINGY JONGO	1. 밍기 종고를 쓰러뜨려라	1. 밍지 종고를 쓰러뜨려라	이름 통일(MINGY JONGO=밍지 종고)
16BE:0:2	04365	2. WIN THE CUCKOO OLYMPICS	2. 쿠쿠 올림픽에서 승리하라	2. 뻐꾸기 올림픽에서 승리하라	이름 뜻으로(CUCKOO OLYMPICS, 구름 뻐꾸기 나라)
16BE:0:3	04366	3. COMPLETE THE POT O' GOLD GAME	3. '황금 단지' 게임을 완료하라	3. '황금 항아리' 게임을 완료하라	용어 통일(POT O' GOLD=황금 항아리)
16BE:0:5	04368	5. ZUBBA'S HIVE GAME	5. 줍바의 벌집 게임	5. 주바의 벌집 게임	이름 통일(ZUBBA=주바)
16C1:1:4	04380	4. FLOOR 3 - NEAR MUMBO'S SKULL	4. 3층 - 뭄보의 해골 근처	4. 3층 - 멈보의 해골 근처	이름 통일(MUMBO=멈보)
16C2:0:1	04382	PRESS {86} WHEN NEXT TO ONE TO READ IT...	표지판 옆에서 {86}을(를) 눌러 읽어라...	표지판 옆에서 {86}을 눌러 읽어라...	조사 표기 통일({86}을)
171D:1:0	04391	ERR...BANJO.	어...밴조.	어...반조.	주인공 이름 통일(카주이와 같게)
1734:0:3	04475	NO, DON'T STOP MR. DRILL...	안 돼, 멈추지 마 드릴 군...	안 돼, 멈추지 마, 드릴 씨...	어색한 호칭
17B2:1:1	04484	YEP, IT WORKS!	그래, 작동하는군!	그래, 작동하네！	같은 원문 번역 통일(81)
17B4:0:0	04491	THOSE EGGS HURT!	그 알들 아프게 한다!	그 알 아프잖아!	오역(THOSE EGGS HURT)
17B6:0:3	04497	OH DEAR, SORRY ABOUT THE ROUGH STUFF...	어머, 거칠게 군 건 미안하구나...	이런, 거칠게 굴어서 미안하다...	테리 말투(수컷 — «어머» 안 씀)
17B6:0:5	04498	WOULD YOU?	그래 주겠나?	그래 주겠어?	테리 말투 통일(반말)
17B8:0:8	04514	JUST TAP {86} FOR A SHORT ROAR AND HOLD {86} FOR A LONG ONE!	{86}을(를) 톡 치면 짧게, 꾹 누르면 길게 울부짖을 수 있어!	{86}을 톡 치면 짧게, {86}을 꾹 누르면 길게 울부짖을 수 있어!	빠진 버튼 아이콘 {86} 복원·조사 표기
17B9:0:2	04520	JUST TAP {86} FOR A SHORT ROAR AND HOLD {86} FOR A LONG ONE!	{86}을(를) 톡 치면 짧게, 꾹 누르면 길게 울부짖을 수 있어!	{86}을 톡 치면 짧게, {86}을 꾹 누르면 길게 울부짖을 수 있어!	빠진 버튼 아이콘 {86} 복원·조사 표기
17BA:1:6	04526	NOW YOU'VE DONE IT, BANJO.	이제 일 저질렀네, 밴조.	이제 일 저질렀네, 반조.	주인공 이름 통일(카주이와 같게)
17BC:1:1	04535	WHICH DOCTOR?	어떤 의사?	무슨 의사? 주술 의사?	말장난(WHICH DOCTOR = WITCH DOCTOR)
17BE:1:2	04541	I TOLD YOU SO, BANJO.	그러게 내가 말했잖아, 밴조.	그러게 내가 말했잖아, 반조.	주인공 이름 통일(카주이와 같게)
17C1:0:1	04547	PLEASE ACCEPT THIS SHINY THING I ACQUIRED WHEN I TROD ON ONE OF THOSE UNGA BUNGAS.	저 웅가붕가족 한 명을 밟았을 때 주운 반짝이는 물건을 받아줘.	저 웅가 붕가족 한 명을 밟았을 때 주운 반짝이는 물건을 받아줘.	이름 통일(UNGA BUNGA=웅가 붕가, 우글 부글과 같게)
17C2:1:3	04551	FAIR ENOUGH.	뭐, 그러시든가.	뭐, 그러지.	같은 원문 번역 통일(81)
17CE:0:0	04576	MOM'S PURSE IS EMPTY, BUT I FANCY ANOTHER VISIT TO WITCHYWORLD...	엄마 지갑은 텅 비었지만, 위치월드에 또 가고 싶은걸...	엄마 지갑은 텅 비었지만, 마녀랜드에 또 가고 싶은걸...	지명 뜻으로(WITCHYWORLD=마녀랜드)
17CF:0:4	04579	N-NO FOOD E-EITHER. U-UNGA B-BUNGA TRIBE GOT G-GUARD OUTSIDE C-CAVE.	머, 먹을 것도 어, 없어. 우, 웅가붕가족이 도, 동굴 밖에 겨, 경비 세워놨어.	머, 먹을 것도 어, 없어. 우, 웅가 붕가족이 도, 동굴 밖에 겨, 경비 세워놨어.	이름 통일(UNGA BUNGA=웅가 붕가, 우글 부글과 같게)
17CF:1:1	04583	YOU SHOULD SEE SOMEONE ABOUT THAT STAMMER.	그 말더듬이, 병원 가서 좀 봐야 하는 거 아니야.	말 더듬는 거, 병원 가서 좀 봐야겠다.	어색한 문장
17D8:0:0	04598	BEAR AND BIRD FRIEND SAVE OOGLE BOOGLE TRIBE FROM EXTINCTION.	곰이랑 새 친구가 오글 부글족을 멸종에서 구했다.	곰이랑 새 친구가 우글 부글족을 멸종에서 구했다.	이름 통일(OOGLE BOOGLE=우글 부글)
17D9:0:0	04600	WE OOGLE BOOGLES ALL HAPPY NOW.	우리 오글 부글족 이제 다 행복해.	우리 우글 부글족 이제 다 행복해.	이름 통일(OOGLE BOOGLE=우글 부글)
17E3:0:2	04621	OTHERS NOT SO EASY, STILL ~ OF US LEFT...	다른 녀석들은 그리 쉽지 않아, 아직 ~ 명 남았어...	다른 녀석들은 그리 쉽지 않아, 아직 ~명 남았어...	띄어쓰기
17E4:0:1	04623	ALL GO SHAPE OF THE PEAR, BUT STILL ~ OF US LEFT...	다들 배 모양으로 쭈그러들었지만, 아직 ~ 명 남았어...	다들 망했지만, 아직 ~명 남았어...	오역(GO PEAR-SHAPED=망하다)
17E5:0:1	04625	NO ONE GETS IN OOGLE BOOGLE CAVE.	아무도 오글 부글 동굴에 못 들어가.	아무도 우글 부글 동굴에 못 들어온다.	이름 통일(OOGLE BOOGLE=우글 부글) / 같은 원문 번역 통일(03:15)
17E5:0:2	04626	THEY BAD MEN.	걔네 나쁜 놈들.	그들 나쁜 사람.	같은 원문 번역 통일(03:15)
17E5:0:5	04627	WE UNGA BUNGAS WANT TO RULE ALL TERRYDACTYLAND.	우리 웅가붕가족은 테리닥틸랜드 전체를 지배하고 싶어.	우리 웅가 붕가족은 익룡랜드를 전부 다스리고 싶다.	지명 뜻으로(TERRYDACTYLAND=익룡랜드) / 이름 통일(UNGA BUNGA=웅가 붕가, 우글 부글과 같게) / 같은 원문 번역 통일(03:15)
17E5:0:6	04628	OOGLES WANT TO SHARE.	오글족은 나누고 싶어 해.	우글족은 나누고 싶어 한다.	같은 원문 번역 통일(03:15)
17E5:0:7	04629	THEY BAD.	걔네 나빠.	그들 나쁘다.	같은 원문 번역 통일(03:15)
17E6:0:0	04631	YOU DUMB, NOT LISTEN.	너 멍청해, 안 들어.	너 바보, 안 듣는다.	같은 원문 번역 통일(03:15)
17E6:0:1	04632	NO ONE GET IN CAVE.	아무도 동굴 못 들어가.	아무도 동굴에 못 들어온다.	같은 원문 번역 통일(03:15)
17E8:0:2	04639	ME MUST GO CHANGE LOINCLOTH...	나 가서 샅바 갈아입어야 해...	나 가서 허리 가리개 갈아입어야 해...	어휘(LOINCLOTH — 샅바는 씨름 띠)
17EC:0:5	04654	OH I AM!	오 정말 그러네!	응, 행복해!	오역(OH I AM = 행복하다)
17EF:0:0	04663	WHERE THINK GOING WITH THAT?	그거 들고 어디 가려고 생각해?	그거 들고 어디 가?	어색한 문장
17FE:1:6	04702	I'LL JUST GO AND FIND BANJO THEN...	그럼 그냥 밴조나 찾으러 가야겠다...	그럼 그냥 반조나 찾으러 가야겠다...	주인공 이름 통일(카주이와 같게)
17FF:0:1	04704	STEAL MY EGGS, WOULD YOU?	내 알을 훔쳐, 이 녀석이?	감히 내 알을 훔쳐?	어색한 문장
1801:0:0	04708	I HAVEN'T FORGOTTEN, YOU KNOW.	잊지 않았어, 알지.	난 안 잊었어, 알아 둬.	어색한 문장
1802:0:1	04713	WHERE DID ALL MY SNOTTY BUDDIES GO?	내 코흘리개 친구들 다 어디 갔지?	내 콧물 친구들 다 어디 갔지?	어휘(SNOTTY BUDDIES = 점액 괴물)
1804:0:0	04717	ME UNGA BUNGA.	나 웅가붕가.	나 웅가 붕가.	이름 통일(UNGA BUNGA=웅가 붕가, 우글 부글과 같게)
180F:0:4	04745	N-NO FOOD E-EITHER. U-UNGA B-BUNGA TRIBE GOT G-GUARD OUTSIDE C-CAVE.	머, 먹을 것도 어, 없어. 우, 웅가붕가족이 도, 동굴 밖에 겨, 경비 세워놨어.	머, 먹을 것도 어, 없어. 우, 웅가 붕가족이 도, 동굴 밖에 겨, 경비 세워놨어.	이름 통일(UNGA BUNGA=웅가 붕가, 우글 부글과 같게)
180F:1:1	04749	YOU SHOULD SEE SOMEONE ABOUT THAT STAMMER.	그 말더듬이, 병원 가서 좀 봐야 하는 거 아니야.	말 더듬는 거, 병원 가서 좀 봐야겠다.	어색한 문장
1810:0:4	04753	N-NO FOOD E-EITHER. U-UNGA B-BUNGA TRIBE GOT G-GUARD OUTSIDE C-CAVE.	머, 먹을 것도 어, 없어. 우, 웅가붕가족이 도, 동굴 밖에 겨, 경비 세워놨어.	머, 먹을 것도 어, 없어. 우, 웅가 붕가족이 도, 동굴 밖에 겨, 경비 세워놨어.	이름 통일(UNGA BUNGA=웅가 붕가, 우글 부글과 같게)
1810:1:1	04757	YOU SHOULD SEE SOMEONE ABOUT THAT STAMMER.	그 말더듬이, 병원 가서 좀 봐야 하는 거 아니야.	말 더듬는 거, 병원 가서 좀 봐야겠다.	어색한 문장
1815:1:1	04776	WHICH DOCTOR?	어떤 의사?	무슨 의사? 주술 의사?	말장난(WHICH DOCTOR = WITCH DOCTOR)
1818:0:0	04785	MUMBO PASS SHINY THING ON TO BEAR AND BIRD.	뭄보가 곰과 새에게 반짝이는 물건을 건네준다.	멈보, 곰과 새한테 반짝이는 물건 준다.	멈보 말투(끊어 말하는 해라체)
1819:0:0	04786	I COULD USE YOUR HELP, BUT YOU NEED TO VISIT MAYAHEM TEMPLE AND TALK TO JAM JARS FIRST...	네 도움이 필요하긴 한데, 먼저 마야헴 사원에 가서 잼 자스와 얘기해야 해...	네 도움이 필요하긴 한데, 먼저 마야 대혼란 사원에 가서 잼자스와 얘기해야 해...	지명 뜻으로(MAYAHEM TEMPLE=마야 대혼란 사원) / 이름 통일(JAMJARS=잼자스)
181B:0:1	04791	NO ONE GETS IN OOGLE BOOGLE CAVE.	누구도 우글 부글 동굴에는 못 들어온다.	아무도 우글 부글 동굴에 못 들어온다.	같은 원문 번역 통일(03:15)
181B:0:5	04793	WE UNGA BUNGAS WANT TO RULE ALL TERRYDACTYLAND.	우리 웅가 붕가족은 테리닥틸랜드를 전부 다스리고 싶다.	우리 웅가 붕가족은 익룡랜드를 전부 다스리고 싶다.	지명 뜻으로(TERRYDACTYLAND=익룡랜드)
181C:1:2	04799	I'LL BE BACK.	다시 돌아오겠다.	다시 올게.	반조 말투(반말)
1848:0:2	04802	PRESS {87} TO ENABLE OR DISABLE AN AVAILABLE CHEAT.	{87}을(를) 눌러 사용 가능한 치트를 켜거나 끄세요.	{87}을 눌러 사용 가능한 치트를 켜거나 끄세요.	조사 표기 통일({86}을)
1848:0:6	04806	1. FEATHERS	1. 깃털	1. FEATHERS	치트 코드 원문 유지(돌 글자로 영어 입력)
1848:0:9	04809	2. EGGS	2. 알	2. EGGS	치트 코드 원문 유지
1848:0:12	04812	3. FALLPROOF	3. 낙하방지	3. FALLPROOF	치트 코드 원문 유지
1848:0:15	04815	4. HONEYBACK	4. 허니백	4. HONEYBACK	치트 코드 원문 유지
1848:0:16	04816	5. JOLLY'S JUKEBOX (ON)	5. 졸리의 주크박스 (켬)	5. 졸리네 주크박스 (켬)	이름 통일(JOLLY'S=졸리네)
1848:0:17	04817	5. JOLLY'S JUKEBOX (OFF)	5. 졸리의 주크박스 (끔)	5. 졸리네 주크박스 (끔)	이름 통일(JOLLY'S=졸리네)
1848:0:18	04818	5. JUKEBOX	5. 주크박스	5. JUKEBOX	치트 코드 원문 유지
1848:0:19	04819	6. JIGGYWIGGY TEMPLE SIGNPOSTS (ON)	6. 지기위기 사원 표지판 (켬)	6. 지기위기 신전 표지판 (켬)	용어 통일(JIGGYWIGGY'S TEMPLE=신전)
1848:0:20	04820	6. JIGGYWIGGY TEMPLE SIGNPOSTS (OFF)	6. 지기위기 사원 표지판 (끔)	6. 지기위기 신전 표지판 (끔)	용어 통일(JIGGYWIGGY'S TEMPLE=신전)
1848:0:21	04821	6. GETJIGGY	6. 겟지기	6. GETJIGGY	치트 코드 원문 유지
1848:0:24	04824	7. SUPERBANJO	7. 슈퍼반조	7. SUPERBANJO	치트 코드 원문 유지
1848:0:27	04827	8. SUPERBADDY	8. 슈퍼배디	8. SUPERBADDY	치트 코드 원문 유지
1848:0:30	04830	9. HONEYKING	9. 허니킹	9. HONEYKING	치트 코드 원문 유지
1848:0:33	04833	10. NESTKING	10. 네스트킹	10. NESTKING	치트 코드 원문 유지
1848:0:36	04836	11. WORLD DOORS	11. 월드 도어	11. WORLD DOORS	치트 코드 원문 유지
1848:0:39	04839	12. HOMING	12. 유도	12. HOMING	치트 코드 원문 유지
1849:0:2	04842	CODES WHICH HAVE NOT YET BEEN ENTERED ARE INDICATED AS 'NEW.'	아직 입력되지 않은 코드는 'NEW'로 표시됩니다.	아직 입력되지 않은 코드는 '신규'로 표시됩니다.	표시와 맞춤((신규))
1849:0:3	04843	FEATHERS	깃털	FEATHERS	치트 코드 원문 유지
1849:0:4	04844	FEATHERS (NEW)	깃털 (신규)	FEATHERS (신규)	치트 코드 원문 유지
1849:0:5	04845	EGGS	알	EGGS	치트 코드 원문 유지
1849:0:6	04846	EGGS (NEW)	알 (신규)	EGGS (신규)	치트 코드 원문 유지
1849:0:7	04847	FALLPROOF	낙하방지	FALLPROOF	치트 코드 원문 유지
1849:0:8	04848	FALLPROOF (NEW)	낙하방지 (신규)	FALLPROOF (신규)	치트 코드 원문 유지
1849:0:9	04849	HONEYBACK	허니백	HONEYBACK	치트 코드 원문 유지
1849:0:10	04850	HONEYBACK (NEW)	허니백 (신규)	HONEYBACK (신규)	치트 코드 원문 유지
1849:0:11	04851	JUKEBOX	주크박스	JUKEBOX	치트 코드 원문 유지
1849:0:12	04852	JUKEBOX (NEW)	주크박스 (신규)	JUKEBOX (신규)	치트 코드 원문 유지
184A:0:1	04854	PRESS UP OR DOWN ON THE CONTROL STICK TO HIGHLIGHT AN OPTION, THEN PRESS {87} TO SELECT IT.	컨트롤 스틱의 위나 아래를 눌러 항목을 고른 다음, {87}을(를) 눌러 선택하세요.	컨트롤 스틱의 위나 아래를 눌러 항목을 고른 다음, {87}을 눌러 선택하세요.	조사 표기 통일({86}을)
184A:0:2	04855	OR PRESS {86} TO RETURN TO YOUR URGENT MOLE-RESTORING QUEST.	또는 {86}을(를) 눌러 시급한 두더지 되살리기 임무로 돌아가세요.	또는 {86}을 눌러 시급한 두더지 되살리기 임무로 돌아가세요.	조사 표기 통일({86}을)
184A:0:9	04862	BEAK BUSTER ATTACK	부리 내리찍기 공격	부리 박치기 공격	기술 이름 통일(BEAK BUSTER=부리 박치기, 카주이와 같게)
184A:0:16	04869	WEARING WADING BOOTS	워딩 부츠 착용	웨이딩 부츠 착용	아이템 이름 통일(WADING BOOTS=웨이딩 부츠, 카주이와 같게)
184A:0:20	04873	TALON TROT RUNNING	탤론 트롯 질주	탤런 트롯 질주	기술 이름 통일(TALON=탤런, 카주이와 같게)
184B:0:3	04877	GLITTER GULCH MINE	글리터 걸치 광산	반짝 협곡 광산	지명 뜻으로(GLITTER GULCH MINE=반짝 협곡 광산)
184B:0:4	04878	WITCHYWORLD	위치월드	마녀랜드	지명 뜻으로(WITCHYWORLD=마녀랜드)
184B:0:5	04879	ISLE O' HAGS	아일 오 해그즈	마녀섬	지명 통일(ISLE O' HAGS=해그 섬, 번역 다수 표기) / 지명 뜻으로(ISLE O' HAGS=마녀섬, 하스피)
184B:0:6	04880	TERRYDACTYLAND	테리닥틸랜드	익룡랜드	지명 뜻으로(TERRYDACTYLAND=익룡랜드)
184B:0:7	04881	GRUNTY INDUSTRIES	그런티 인더스트리	그런티 산업	지명 통일(GRUNTY INDUSTRIES=그런티 인더스트리즈) / 지명 뜻으로(GRUNTY INDUSTRIES=그런티 산업)
184B:0:8	04882	HAILFIRE PEAKS (LAVA SIDE)	헤일파이어 피크스 (용암 쪽)	불얼음 봉우리 (용암 쪽)	지명 뜻으로(HAILFIRE PEAKS=불얼음 봉우리)
184B:0:9	04883	HAILFIRE PEAKS (ICE SIDE)	헤일파이어 피크스 (얼음 쪽)	불얼음 봉우리 (얼음 쪽)	지명 뜻으로(HAILFIRE PEAKS=불얼음 봉우리)
184C:0:1	04885	PRESS {87} TO MAKE A SELECTION.	{87}을(를) 눌러 선택하세요.	{87}을 눌러 선택하세요.	조사 표기 통일({86}을)
184C:0:2	04886	PRESS {86} TO CANCEL THIS MENU.	{86}을(를) 눌러 이 메뉴를 취소하세요.	{86}을 눌러 이 메뉴를 취소하세요.	조사 표기 통일({86}을)
184C:0:7	04891	TEMPLE : QUICKSAND AREA	사원 : 유사(流砂) 구역	사원 : 유사 구역	글꼴에 없는 한자(流砂) 삭제
184C:0:14	04898	WITCHYWORLD : MAIN	위치월드 : 메인	마녀랜드 : 메인	지명 뜻으로(WITCHYWORLD=마녀랜드)
184C:0:15	04899	WITCHYWORLD : STAR SPINNER	위치월드 : 스타 스피너	마녀랜드 : 스타 스피너	지명 뜻으로(WITCHYWORLD=마녀랜드)
184C:0:16	04900	WITCHYWORLD : BIG TOP INTERIOR	위치월드 : 빅탑 내부	마녀랜드 : 서커스 천막 내부	지명 뜻으로(WITCHYWORLD=마녀랜드) / 지명 뜻으로(BIG TOP=서커스 천막)
184C:0:17	04901	WITCHYWORLD : DARK DEMON CAVE	위치월드 : 다크 데몬 동굴	마녀랜드 : 다크 데몬 동굴	지명 뜻으로(WITCHYWORLD=마녀랜드)
184C:0:21	04905	LAGOON : BOTTLES	라군 : 바틀즈	라군 : 보틀스	이름 통일(BOTTLES=보틀스, 카주이와 같게)
184D:0:1	04914	PRESS {87} TO MAKE A SELECTION.	{87}을(를) 눌러 선택하세요.	{87}을 눌러 선택하세요.	조사 표기 통일({86}을)
184D:0:2	04915	PRESS {86} TO CANCEL THIS MENU.	{86}을(를) 눌러 이 메뉴를 취소하세요.	{86}을 눌러 이 메뉴를 취소하세요.	조사 표기 통일({86}을)
184D:0:7	04920	GOLDEN GOLIATH	골든 골리앗	황금 골리앗	이름 통일(GOLDEN GOLIATH=황금 골리앗)
184F:0:3	04935	JINJO VILLAGE	진조 빌리지	진조 마을	지명 통일(JINJO VILLAGE=진조 마을)
184F:0:4	04936	WOODED HOLLOW	우디드 할로우	숲속 골짜기	구역 이름 통일(WOODED HOLLOW=숲속 골짜기 — 다른 구역처럼 번역)
184F:0:6	04938	PINE GROVE	파인 그로브	소나무 숲	지명 뜻으로(PINE GROVE)
1850:0:4	04949	SPIRAL MOUNTAIN	스파이럴 마운틴	나선산	지명 통일(SPIRAL MOUNTAIN=나선산, 카주이와 같게)
1850:0:5	04950	MAYAHEM TEMPLE	마야헴 사원	마야 대혼란 사원	지명 뜻으로(MAYAHEM TEMPLE=마야 대혼란 사원)
1850:0:6	04951	GLITTER GULCH MINE	글리터 걸치 광산	반짝 협곡 광산	지명 뜻으로(GLITTER GULCH MINE=반짝 협곡 광산)
1850:0:7	04952	WITCHYWORLD	위치월드	마녀랜드	지명 뜻으로(WITCHYWORLD=마녀랜드)
1850:0:8	04953	JOLLY ROGER'S LAGOON	졸리 로저의 라군	졸리 로저의 석호	지명 뜻으로(JOLLY ROGER'S LAGOON=졸리 로저의 석호)
1850:0:9	04954	TERRYDACTYLAND	테리닥틸랜드	익룡랜드	지명 뜻으로(TERRYDACTYLAND=익룡랜드)
1850:0:10	04955	GRUNTY INDUSTRIES	그런티 인더스트리	그런티 산업	지명 통일(GRUNTY INDUSTRIES=그런티 인더스트리즈) / 지명 뜻으로(GRUNTY INDUSTRIES=그런티 산업)
1850:0:11	04956	HAILFIRE PEAKS	헤일파이어 피크스	불얼음 봉우리	지명 뜻으로(HAILFIRE PEAKS=불얼음 봉우리)
1850:0:12	04957	CLOUD CUCKOOLAND	클라우드 쿠쿠랜드	구름 뻐꾸기 나라	지명 뜻으로(CLOUD CUCKOOLAND=구름 뻐꾸기 나라)
1850:0:13	04958	CAULDRON KEEP	콜드론 킵	가마솥 성	지명 뜻으로(CAULDRON KEEP=가마솥 성)
1850:0:14	04959	ISLE O' HAGS	아일 오 해그즈	마녀섬	지명 통일(ISLE O' HAGS=해그 섬, 번역 다수 표기) / 지명 뜻으로(ISLE O' HAGS=마녀섬, 하스피)
1851:0:4	04965	SPIRAL MOUNTAIN	스파이럴 마운틴	나선산	지명 통일(SPIRAL MOUNTAIN=나선산, 카주이와 같게)
1851:0:5	04966	MOUNTAIN AQUATIC	마운틴 아쿠아틱	나선산 물속	곡 이름 뜻으로(MOUNTAIN AQUATIC)
1851:0:6	04967	MOUNTAIN CAVES	마운틴 케이브스	나선산 동굴	곡 이름 뜻으로(MOUNTAIN CAVES)
1852:0:4	04974	MAYAHEM MELODY	마야헴 멜로디	마야 대혼란 멜로디	지명 뜻으로(마야 대혼란 사원)
1852:0:5	04975	MAYAHEM AQUATIC	마야헴 아쿠아틱	마야 대혼란 물속	곡 이름 뜻으로
1852:0:6	04976	KICKBALL STADIUM APPROACH	킥볼 스타디움 어프로치	킥볼 경기장 가는 길	곡 이름 뜻으로
1852:0:7	04977	KICKBALL STADIUM LOBBY	킥볼 스타디움 로비	킥볼 경기장 로비	곡 이름 뜻으로
1852:0:8	04978	BUILDING INTERIORS	빌딩 인테리어	건물 안	곡 이름 뜻으로
1853:0:4	04984	GLITTER GULCH	글리터 걸치	반짝 협곡	지명 뜻으로(반짝 협곡 광산)
1853:0:5	04985	GLITTER AQUATIC	글리터 아쿠아틱	반짝 협곡 물속	곡 이름 뜻으로
1853:0:6	04986	DARK N' DINGY INTERIORS	다크 앤 딩기 인테리어	어둡고 칙칙한 실내	곡 이름 뜻으로
1853:0:8	04988	DARK ROOMS	다크 룸스	어두운 방	곡 이름 뜻으로
1853:0:9	04989	RACIN' WITH MARY	메리와 레이싱	메리와 경주를	곡 이름 뜻으로
1854:0:4	04995	WITCHYWORLD	위치월드	마녀랜드	지명 뜻으로(WITCHYWORLD=마녀랜드)
1854:0:5	04996	WILD WEST ZONE	와일드 웨스트 존	서부 구역	곡 이름 뜻으로
1854:0:6	04997	HAUNTED ZONE	헌티드 존	유령 구역	곡 이름 뜻으로
1854:0:7	04998	SPACE ZONE	스페이스 존	우주 구역	곡 이름 뜻으로
1854:0:8	04999	FUN 'N' GAMES	펀 앤 게임즈	놀이와 게임	곡 이름 뜻으로
1855:0:4	05006	TOWN CENTER	타운 센터	마을 광장	곡 이름 뜻으로
1855:0:5	05007	TOWN AQUATIC	타운 아쿠아틱	마을 물속	곡 이름 뜻으로
1855:0:6	05008	SHOPPING AROUND TOWN	쇼핑 어라운드 타운	마을 구경	곡 이름 뜻으로
1855:0:7	05009	BENEATH THE LAGOON	라군 아래	석호 아래	곡 이름 뜻으로
1855:0:8	05010	LAGOON INTERIORS	라군 인테리어	석호 실내	곡 이름 뜻으로
1855:0:13	05015	SHOOTIN' WITH THE FISHES	물고기와 함께 슈팅	물고기와 사격을	곡 이름 뜻으로
1856:0:4	05021	TERRYDACTYLAND	테리닥틸랜드	익룡랜드	지명 뜻으로(TERRYDACTYLAND=익룡랜드)
1856:0:5	05022	TERRYDACTYLAND AQUATIC	테리닥틸랜드 아쿠아틱	익룡랜드 물속	곡 이름 뜻으로
1856:0:6	05023	INTERIORS	인테리어	실내	곡 이름 뜻으로
1857:0:6	05031	QUIET INTERIORS	콰이어트 인테리어	조용한 실내	곡 이름 뜻으로
1858:0:5	05038	LAVA AQUATICS	라바 아쿠아틱	용암 쪽 물속	곡 이름 뜻으로
1858:0:6	05039	LAVA INTERIORS	라바 인테리어	용암 쪽 실내	곡 이름 뜻으로
1858:0:8	05041	ICY INTERIORS	아이시 인테리어	얼음 쪽 실내	곡 이름 뜻으로
1859:0:4	05047	CLOUD CUCKOOLAND	클라우드 쿠쿠랜드	구름 뻐꾸기 나라	지명 뜻으로(CLOUD CUCKOOLAND=구름 뻐꾸기 나라)
1859:0:5	05048	CUCKOOLAND AQUATICS	쿠쿠랜드 아쿠아틱	뻐꾸기 나라 물속	곡 이름 뜻으로
1859:0:7	05050	INSIDE THE POT O' GOLD	황금 단지 안	황금 항아리 안	용어 통일(POT O' GOLD=황금 항아리)
1859:0:10	05053	CLOUD RACE	클라우드 레이스	구름 경주	곡 이름 뜻으로
185A:0:3	05058	PRISON COMPOUND	교도소 단지	감옥 구역	지명 통일(PRISON COMPOUND=감옥 구역)
185A:0:4	05059	NEAR WUMBA'S WIGWAM	움바의 위그왐 근처	움바의 천막 근처	지명 뜻으로(WUMBA'S WIGWAM=움바의 천막)
185A:0:6	05061	YOU'RE TOO BIG TO USE THE WARP PADS!	당신은 너무 커서 워프 패드를 쓸 수 없습니다!	몸집이 너무 커서 워프 패드를 쓸 수 없습니다!	어색한 말(당신은)
185B:0:3	05065	INSIDE WUMBA'S WIGWAM	움바의 위그왐 안	움바의 천막 안	지명 뜻으로(WUMBA'S WIGWAM=움바의 천막)
185B:0:9	05071	MUMBO ISN'T WELCOME IN WUMBA'S WIGWAM!	멈보는 움바의 위그왐에서 환영받지 못한다!	멈보는 움바의 천막에서 환영받지 못한다!	지명 뜻으로(WUMBA'S WIGWAM=움바의 천막)
185C:0:2	05076	BEHIND THE BIG TOP TENT	빅탑 텐트 뒤	서커스 천막 뒤	지명 뜻으로(BIG TOP=서커스 천막)
185C:0:3	05077	SPACE ZONE	스페이스 존	우주 구역	지명 뜻으로(SPACE ZONE)
185C:0:4	05078	OUTSIDE WUMBA'S WIGWAM	움바의 위그왐 바깥	움바의 천막 바깥	지명 뜻으로(WUMBA'S WIGWAM=움바의 천막)
185D:0:3	05083	TOWN CENTER	타운 센터	마을 광장	지명 뜻으로(TOWN CENTER)
185D:0:7	05087	LOCKERS CAVERN	로커즈 동굴	사물함 동굴	지명 뜻으로(LOCKERS CAVERN)
185E:0:2	05093	STOMPING PLAINS	스톰핑 플레인즈	쿵쾅 평원	지명 뜻으로(STOMPING PLAINS=쿵쾅 평원)
185E:0:4	05095	OUTSIDE WUMBA'S WIGWAM	움바의 위그왐 바깥	움바의 천막 바깥	지명 뜻으로(WUMBA'S WIGWAM=움바의 천막)
185E:0:12	05103	YOU'RE TOO BIG TO USE THE WARP PADS!	당신은 너무 커서 워프 패드를 쓸 수 없습니다!	몸집이 너무 커서 워프 패드를 쓸 수 없습니다!	어색한 말(당신은)
185F:0:2	05106	FLOOR 2 - OUTSIDE WUMBA'S WIGWAM	2층 - 움바의 위그왐 바깥	2층 - 움바의 천막 바깥	지명 뜻으로(WUMBA'S WIGWAM=움바의 천막)
185F:0:6	05110	MACHINES AREN'T ALLOWED TO USE THE WARP PADS. USE THE SERVICE ELEVATOR INSTEAD.	기계는 워프 패드를 사용할 수 없습니다. 대신 서비스 엘리베이터를 이용하세요.	기계는 워프 패드를 사용할 수 없습니다. 대신 업무용 엘리베이터를 이용하세요.	용어 통일(SERVICE ELEVATOR)
1864:0:3	05156	SPIRAL MOUNTAIN	스파이럴 마운틴	나선산	지명 통일(SPIRAL MOUNTAIN=나선산, 카주이와 같게)
1864:0:4	05157	ISLE O' HAGS	아일 오 해그즈	마녀섬	지명 통일(ISLE O' HAGS=해그 섬, 번역 다수 표기) / 지명 뜻으로(ISLE O' HAGS=마녀섬, 하스피)
1864:0:5	05158	1 . MAYAHEM TEMPLE	1 . 마야헴 사원	1 . 마야 대혼란 사원	지명 뜻으로(MAYAHEM TEMPLE=마야 대혼란 사원)
1864:0:6	05159	2 . GLITTER GULCH MINE	2 . 글리터 걸치 광산	2 . 반짝 협곡 광산	지명 뜻으로(GLITTER GULCH MINE=반짝 협곡 광산)
1864:0:7	05160	3 . WITCHYWORLD	3 . 위치월드	3 . 마녀랜드	지명 뜻으로(WITCHYWORLD=마녀랜드)
1864:0:8	05161	4 . JOLLY ROGER'S LAGOON	4 . 졸리 로저의 라군	4 . 졸리 로저의 석호	지명 뜻으로(JOLLY ROGER'S LAGOON=졸리 로저의 석호)
1864:0:9	05162	5 . TERRYDACTYLAND	5 . 테리닥틸랜드	5 . 익룡랜드	지명 뜻으로(TERRYDACTYLAND=익룡랜드)
1864:0:10	05163	6 . GRUNTY INDUSTRIES	6 . 그런티 인더스트리	6 . 그런티 산업	지명 통일(GRUNTY INDUSTRIES=그런티 인더스트리즈) / 지명 뜻으로(GRUNTY INDUSTRIES=그런티 산업)
1864:0:11	05164	7 . HAILFIRE PEAKS	7 . 헤일파이어 피크스	7 . 불얼음 봉우리	지명 뜻으로(HAILFIRE PEAKS=불얼음 봉우리)
1864:0:12	05165	8 . CLOUD CUCKOOLAND	8 . 클라우드 쿠쿠랜드	8 . 구름 뻐꾸기 나라	지명 뜻으로(CLOUD CUCKOOLAND=구름 뻐꾸기 나라)
1864:0:13	05166	9 . CAULDRON KEEP	9 . 콜드론 킵	9 . 가마솥 성	지명 뜻으로(CAULDRON KEEP=가마솥 성)
1869:0:4	05187	CAULDRON KEEP	콜드론 킵	가마솥 성	지명 뜻으로(CAULDRON KEEP=가마솥 성)
1869:0:5	05188	KEEP INTERIORS	킵 인테리어	성 안	곡 이름 뜻으로(KEEP INTERIORS)
1869:0:8	05191	HAG 1	해그 1	마녀 1호	이름 통일(HAG 1=마녀 1호)
186A:0:4	05196	ISLE O' HAGS	아일 오 해그즈	마녀섬	지명 통일(ISLE O' HAGS=해그 섬, 번역 다수 표기) / 지명 뜻으로(ISLE O' HAGS=마녀섬, 하스피)
186A:0:5	05197	AQUATIC HAGS	아쿠아틱 해그즈	마녀섬 (물속)	곡 이름 뜻으로(AQUATIC HAGS) / 지명 통일(해그 섬) / 지명 뜻으로(ISLE O' HAGS=마녀섬, 하스피)
186A:0:6	05198	MAYAN HAGS	마야 해그즈	마녀섬 (마야)	곡 이름 뜻으로 / 지명 통일(해그 섬) / 지명 뜻으로(ISLE O' HAGS=마녀섬, 하스피)
186A:0:7	05199	MINING HAGS	마이닝 해그즈	마녀섬 (광산)	곡 이름 뜻으로 / 지명 통일(해그 섬) / 지명 뜻으로(ISLE O' HAGS=마녀섬, 하스피)
186A:0:8	05200	THEME PARK HAGS	테마파크 해그즈	마녀섬 (놀이공원)	곡 이름 뜻으로 / 지명 통일(해그 섬) / 지명 뜻으로(ISLE O' HAGS=마녀섬, 하스피)
186A:0:9	05201	LAGOON HAGS	라군 해그즈	마녀섬 (석호)	곡 이름 뜻으로 / 지명 통일(해그 섬) / 지명 뜻으로(ISLE O' HAGS=마녀섬, 하스피)
186A:0:10	05202	PREHISTORIC HAGS	선사시대 해그즈	마녀섬 (선사시대)	곡 이름 뜻으로 / 지명 통일(해그 섬) / 지명 뜻으로(ISLE O' HAGS=마녀섬, 하스피)
186A:0:11	05203	INDUSTRIAL HAGS	인더스트리얼 해그즈	마녀섬 (공장)	곡 이름 뜻으로 / 지명 통일(해그 섬) / 지명 뜻으로(ISLE O' HAGS=마녀섬, 하스피)
186A:0:12	05204	HAILFIRE HAGS	헤일파이어 해그즈	마녀섬 (불얼음)	곡 이름 뜻으로 / 지명 통일(해그 섬) / 지명 뜻으로(ISLE O' HAGS=마녀섬, 하스피)
186A:0:13	05205	CUCKOOLAND HAGS	쿠쿠랜드 해그즈	마녀섬 (뻐꾸기 나라)	곡 이름 뜻으로 / 지명 통일(해그 섬) / 지명 뜻으로(ISLE O' HAGS=마녀섬, 하스피)
186A:0:14	05206	CASTLE HAGS	캐슬 해그즈	마녀섬 (성)	곡 이름 뜻으로 / 지명 통일(해그 섬) / 지명 뜻으로(ISLE O' HAGS=마녀섬, 하스피)
186A:0:15	05207	JINJO VILLAGE	진조 빌리지	진조 마을	지명 통일(JINJO VILLAGE=진조 마을)
186A:0:16	05208	JINJO VILLAGE CAVES	진조 빌리지 동굴	진조 마을 동굴	지명 통일(JINJO VILLAGE=진조 마을)
186A:0:19	05211	JINGALING'S THRONE ROOM	징걸링의 왕좌의 방	징갈링의 알현실	어색한 말(왕좌의 방)
186A:0:21	05213	BOTTLES' HOUSE	바틀즈의 집	보틀스의 집	이름 통일(BOTTLES=보틀스, 카주이와 같게)
186A:0:22	05214	PARTY AT BOTTLES'	바틀즈 집 파티	보틀스 집 파티	이름 통일(BOTTLES=보틀스, 카주이와 같게)
186A:0:24	05216	HONEY B'S HIVE	허니비의 벌집	허니 비의 벌집	이름 통일(HONEY B=허니 비)
186A:0:25	05217	JIGGYWIGGY'S TEMPLE	지기위기의 사원	지기위기의 신전	용어 통일(JIGGYWIGGY'S TEMPLE=신전)
186B:0:8	05227	WADING BOOTS	워딩 부츠	웨이딩 부츠	아이템 이름 통일(WADING BOOTS=웨이딩 부츠, 카주이와 같게)
18AC:0:1	05253	WUMBA'S WIGWAM	움바의 위그왐	움바의 천막	지명 뜻으로(WUMBA'S WIGWAM=움바의 천막)
18AD:0:0	05255	SPIRAL MOUNTAIN	스파이럴 마운틴	나선산	지명 통일(SPIRAL MOUNTAIN=나선산, 카주이와 같게)
18AF:0:0	05261	MAYAHEM TEMPLE	마야헴 사원	마야 대혼란 사원	지명 뜻으로(MAYAHEM TEMPLE=마야 대혼란 사원)
18AF:0:5	05266	PRISON COMPOUND	교도소 단지	감옥 구역	지명 통일(PRISON COMPOUND=감옥 구역)
18AF:0:9	05270	TARGITZAN'S{0A}SLIGHTY SACRED CHAMBER	타깃잔의{0A}조금 신성한 방	타깃잔의{0A}살짝 신성한 방	이름 통일(SLIGHTLY SACRED=살짝 신성한, 퀴즈 답과 같게)
18AF:0:14	05275	JADE SNAKE GROVE	옥(玉) 뱀의 숲	비취뱀 숲	글꼴에 없는 한자(玉) 삭제 / 이름 통일(비취뱀) / 지명 통일(JADE SNAKE GROVE=비취뱀 숲)
18B0:0:0	05279	GLITTER GULCH MINE	글리터 걸치 광산	반짝 협곡 광산	지명 뜻으로(GLITTER GULCH MINE=반짝 협곡 광산)
18B0:0:5	05284	POWER HUT BASEMENT	파워 오두막 지하	발전 오두막 지하	지명 통일(POWER HUT=발전 오두막)
18B0:0:6	05285	PROSPECTOR'S{0A}HUT	탐광자의{0A}오두막	탐광꾼의{0A}오두막	용어 통일(PROSPECTOR=탐광꾼)
18B0:0:9	05288	POWER HUT	파워 오두막	발전 오두막	지명 통일(POWER HUT=발전 오두막)
18B0:0:10	05289	TRAIN STATION{0A}#( GLITTER GULCH MINE )	기차역{0A}#( 글리터 걸치 광산 )	기차역{0A}#( 반짝 협곡 광산 )	지명 뜻으로(GLITTER GULCH MINE=반짝 협곡 광산)
18B0:0:17	05296	ORDNANCE STORAGE	병기 창고	탄약 창고	지명 통일(ORDNANCE STORAGE=탄약 창고)
18B0:0:18	05297	ORDNANCE STORAGE{0A}ENTRANCE	병기 창고{0A}입구	탄약 창고{0A}입구	지명 통일(ORDNANCE STORAGE=탄약 창고)
18B0:0:19	05298	GLITTER GULCH MINE#CART RACE	글리터 걸치 광산#카트 레이스	반짝 협곡 광산#수레 경주	용어 통일(CART RACE=수레 경주)
18B0:0:20	05299	GLITTER GULCH MINE#CART RACE	글리터 걸치 광산#카트 레이스	반짝 협곡 광산#수레 경주	용어 통일(CART RACE=수레 경주)
18B1:0:0	05300	WITCHYWORLD	위치월드	마녀랜드	지명 뜻으로(WITCHYWORLD=마녀랜드)
18B1:0:1	05301	DODGEM DOME LOBBY	도지엠 돔 로비	범퍼카 돔 로비	이름 통일(DODGEM DOME=범퍼카 돔)
18B1:0:8	05308	THE HAUNTED CAVERN	헌티드 동굴	유령 동굴	지명 뜻으로(HAUNTED CAVERN=유령 동굴)
18B1:0:9	05309	TRAIN STATION{0A}#( WITCHYWORLD )	기차역{0A}#( 위치월드 )	기차역{0A}#( 마녀랜드 )	지명 뜻으로(WITCHYWORLD=마녀랜드)
18B1:0:11	05311	HOOP HURRY GAME	후프 허리 게임	후프 질주 게임	이름 뜻으로(HOOP HURRY — «허리»는 몸 허리로 읽힌다)
18B1:0:12	05312	BIG TOP INTERIOR	빅탑 내부	서커스 천막 내부	지명 뜻으로(BIG TOP=서커스 천막)
18B1:0:13	05313	DODGEM CHALLENGE{0A}#( 1 VS. 1 )	도지엠 도전{0A}#( 1 대 1 )	범퍼카 도전{0A}#( 1 대 1 )	이름 통일(DODGEM=범퍼카)
18B1:0:14	05314	DODGEM CHALLENGE{0A}#( 2 VS. 1 )	도지엠 도전{0A}#( 2 대 1 )	범퍼카 도전{0A}#( 2 대 1 )	이름 통일(DODGEM=범퍼카)
18B1:0:15	05315	DODGEM CHALLENGE{0A}#( 3 VS. 1 )	도지엠 도전{0A}#( 3 대 1 )	범퍼카 도전{0A}#( 3 대 1 )	이름 통일(DODGEM=범퍼카)
18B1:0:16	05316	DODGEM CHALLENGE{0A}#( 1 VS. 1 REMATCH )	도지엠 도전{0A}#( 1 대 1 재대결 )	범퍼카 도전{0A}#( 1 대 1 재대결 )	이름 통일(DODGEM=범퍼카)
18B1:0:17	05317	DODGEM CHALLENGE{0A}#( 2 VS. 1 REMATCH )	도지엠 도전{0A}#( 2 대 1 재대결 )	범퍼카 도전{0A}#( 2 대 1 재대결 )	이름 통일(DODGEM=범퍼카)
18B1:0:18	05318	DODGEM CHALLENGE{0A}#( 3 VS. 1 REMATCH )	도지엠 도전{0A}#( 3 대 1 재대결 )	범퍼카 도전{0A}#( 3 대 1 재대결 )	이름 통일(DODGEM=범퍼카)
18B1:0:19	05319	WITCHYWORLD{0A}#'SAUCER OF PERIL' RIDE	위치월드{0A}#'위험의 접시' 라이드	마녀랜드{0A}#'공포의 비행접시' 라이드	지명 뜻으로(WITCHYWORLD=마녀랜드) / 이름 뜻으로(SAUCER OF PERIL=공포의 비행접시)
18B1:0:20	05320	CRAZY CASTLE STOCKADE{0A}#'SAUCER OF PERIL' RIDE	크레이지 캐슬 감옥{0A}#'위험의 접시' 라이드	크레이지 캐슬 감옥{0A}#'공포의 비행접시' 라이드	이름 뜻으로(SAUCER OF PERIL=공포의 비행접시)
18B1:0:21	05321	STAR SPINNER{0A}#'SAUCER OF PERIL' RIDE	스타 스피너{0A}#'위험의 접시' 라이드	스타 스피너{0A}#'공포의 비행접시' 라이드	이름 뜻으로(SAUCER OF PERIL=공포의 비행접시)
18B2:0:0	05322	JOLLY ROGER'S LAGOON	졸리 로저의 라군	졸리 로저의 석호	지명 뜻으로(JOLLY ROGER'S LAGOON=졸리 로저의 석호)
18B2:0:1	05323	JOLLY'S	졸리즈	졸리네	이름 통일(JOLLY'S=졸리네)
18B2:0:2	05324	PAWNO'S EMPORIUM	포노의 백화점	포노의 상점	이름 통일(PAWNO'S EMPORIUM=포노의 상점)
18B2:0:4	05326	SEAWEED SANCTUM	해초의 성역	해초 성소	지명 통일(SEAWEED SANCTUM=해초 성소)
18B2:0:6	05328	TEMPLE OF THE FISHES	물고기들의 사원	물고기 사원	지명 통일(TEMPLE OF THE FISHES=물고기 사원)
18B2:0:8	05330	WATER SUPPLY PIPE{0A}#( GLITTER GULCH MINE )	급수 파이프{0A}#( 글리터 걸치 광산 )	급수 파이프{0A}#( 반짝 협곡 광산 )	지명 뜻으로(GLITTER GULCH MINE=반짝 협곡 광산)
18B2:0:9	05331	WATER SUPPLY PIPE{0A}#( GRUNTY INDUSTRIES )	급수 파이프{0A}#( 그런티 인더스트리 )	급수 파이프{0A}#( 그런티 산업 )	지명 통일(GRUNTY INDUSTRIES=그런티 인더스트리즈) / 지명 뜻으로(GRUNTY INDUSTRIES=그런티 산업)
18B2:0:14	05336	JOLLY ROGER'S LAGOON{0A}#ATLANTIS	졸리 로저의 라군{0A}#아틀란티스	졸리 로저의 석호{0A}#아틀란티스	지명 뜻으로(JOLLY ROGER'S LAGOON=졸리 로저의 석호)
18B2:0:15	05337	JOLLY ROGER'S LAGOON{0A}#SEA BOTTOM	졸리 로저의 라군{0A}#바다 밑	졸리 로저의 석호{0A}#바다 밑	지명 뜻으로(JOLLY ROGER'S LAGOON=졸리 로저의 석호)
18B2:0:16	05338	JOLLY ROGER'S LAGOON{0A}#SMUGGLERS' CAVERN	졸리 로저의 라군{0A}#밀수꾼의 동굴	졸리 로저의 석호{0A}#밀수꾼의 동굴	지명 뜻으로(JOLLY ROGER'S LAGOON=졸리 로저의 석호)
18B3:0:0	05339	TERRYDACTYLAND	테리닥틸랜드	익룡랜드	지명 뜻으로(TERRYDACTYLAND=익룡랜드)
18B3:0:2	05341	TRAIN STATION{0A}#( TERRYDACTYLAND )	기차역{0A}#( 테리닥틸랜드 )	기차역{0A}#( 익룡랜드 )	지명 뜻으로(TERRYDACTYLAND=익룡랜드)
18B3:0:10	05349	STOMPING PLAINS	스톰핑 플레인즈	쿵쾅 평원	지명 뜻으로(STOMPING PLAINS=쿵쾅 평원)
18B4:0:0	05350	GRUNTY INDUSTRIES	그런티 인더스트리	그런티 산업	지명 통일(GRUNTY INDUSTRIES=그런티 인더스트리즈) / 지명 뜻으로(GRUNTY INDUSTRIES=그런티 산업)
18B4:0:2	05352	TRAIN STATION{0A}#( GRUNTY INDUSTRIES )	기차역{0A}#( 그런티 인더스트리 )	기차역{0A}#( 그런티 산업 )	지명 통일(GRUNTY INDUSTRIES=그런티 인더스트리즈) / 지명 뜻으로(GRUNTY INDUSTRIES=그런티 산업)
18B4:0:3	05353	FLOOR 1{0A}#WORKERS' QUARTERS	1층{0A}#노동자 숙소	1층{0A}#일꾼 숙소	용어 통일(WORKERS=일꾼)
18B4:0:5	05355	ELEVATOR SHAFT	엘리베이터 샤프트	승강기 통로	용어 통일(LIFT/ELEVATOR SHAFT=승강기 통로)
18B4:0:17	05367	BASEMENT{0A}#REPAIR DEPOT	지하{0A}#수리소	지하{0A}#수리 창고	지명 통일(REPAIR DEPOT=수리 창고, 퀴즈 보기와 같게)
18B4:0:18	05368	FLOOR 4{0A}#CLINKERS CAVERN	4층{0A}#클링커즈 동굴	4층{0A}#클링커 동굴	이름 통일(CLINKERS=클링커)
18B5:0:0	05370	HAILFIRE PEAKS{0A}#( LAVA SIDE )	헤일파이어 피크스{0A}#( 용암 쪽 )	불얼음 봉우리{0A}#( 용암 쪽 )	지명 뜻으로(HAILFIRE PEAKS=불얼음 봉우리)
18B5:0:1	05371	HAILFIRE PEAKS{0A}#( ICY SIDE )	헤일파이어 피크스{0A}#( 얼음 쪽 )	불얼음 봉우리{0A}#( 얼음 쪽 )	지명 뜻으로(HAILFIRE PEAKS=불얼음 봉우리)
18B5:0:2	05372	LAVA TRAIN STATION{0A}#( HAILFIRE PEAKS )	용암 기차역{0A}#( 헤일파이어 피크스 )	용암 기차역{0A}#( 불얼음 봉우리 )	지명 뜻으로(HAILFIRE PEAKS=불얼음 봉우리)
18B5:0:3	05373	ICE TRAIN STATION{0A}#( HAILFIRE PEAKS )	얼음 기차역{0A}#( 헤일파이어 피크스 )	얼음 기차역{0A}#( 불얼음 봉우리 )	지명 뜻으로(HAILFIRE PEAKS=불얼음 봉우리)
18B5:0:8	05378	ICICLE GROTTO	아이시클 그로토	고드름 동굴	지명 통일(ICICLE GROTTO=고드름 동굴)
18B6:0:0	05387	CLOUD CUCKOOLAND	클라우드 쿠쿠랜드	구름 뻐꾸기 나라	지명 뜻으로(CLOUD CUCKOOLAND=구름 뻐꾸기 나라)
18B7:0:0	05394	CAULDRON KEEP	콜드론 킵	가마솥 성	지명 뜻으로(CAULDRON KEEP=가마솥 성)
18B7:0:1	05395	THE GATEHOUSE	게이트하우스	성문 망루	지명 뜻으로(GATEHOUSE)
18B7:0:2	05396	TOWER OF TRAGEDY QUIZ	타워 오브 트래저디 퀴즈	비극의 탑 퀴즈	이름 뜻으로(TOWER OF TRAGEDY=비극의 탑)
18B7:0:4	05398	INSIDE THE DIGGER	디거 내부	굴착기 내부	지명 통일(DIGGER=굴착기)
18B8:0:0	05401	ISLE O' HAGS{0A}#( JINJO VILLAGE )	해그 섬{0A}#( 진조 마을 )	마녀섬{0A}#( 진조 마을 )	지명 뜻으로(ISLE O' HAGS=마녀섬, 하스피)
18B8:0:4	05405	BLACK JINJO{0A}FAMILY HOUSE	검은 진조{0A}가족 집	검정 진조{0A}가족 집	색 이름 통일(03872 검정 진조)
18B8:0:12	05413	WHITE JINJO{0A}FAMILY HOUSE	하양 진조{0A}가족 집	하얀 진조{0A}가족 집	색 이름 통일(03856 하얀 진조)
18B8:0:14	05415	JIGGYWIGGY'S TEMPLE	지기위기의 사원	지기위기의 신전	용어 통일(JIGGYWIGGY'S TEMPLE=신전)
18B8:0:15	05416	HONEY B'S HIVE	허니비의 벌집	허니 비의 벌집	이름 통일(HONEY B=허니 비)
18B8:0:16	05417	INSIDE{0A}ANOTHER DIGGER TUNNEL	또 다른{0A}디거 터널 안	또 다른{0A}굴착 터널 안	지명 통일(DIGGER TUNNEL=굴착 터널)
18B8:0:17	05418	ISLE O' HAGS{0A}#( WOODED HOLLOW )	해그 섬{0A}#( 우디드 할로우 )	마녀섬{0A}#( 숲속 골짜기 )	구역 이름 통일(WOODED HOLLOW=숲속 골짜기 — 다른 구역처럼 번역) / 지명 뜻으로(ISLE O' HAGS=마녀섬, 하스피)
18B8:0:18	05419	ISLE O' HAGS{0A}#( PLATEAU )	해그 섬{0A}#( 고원 )	마녀섬{0A}#( 고원 )	지명 뜻으로(ISLE O' HAGS=마녀섬, 하스피)
18B8:0:19	05420	ISLE O' HAGS{0A}#( PINE GROVE )	해그 섬{0A}#( 소나무 숲 )	마녀섬{0A}#( 소나무 숲 )	지명 뜻으로(ISLE O' HAGS=마녀섬, 하스피)
18B8:0:20	05421	ISLE O' HAGS{0A}#( CLIFF TOP )	해그 섬{0A}#( 절벽 꼭대기 )	마녀섬{0A}#( 절벽 꼭대기 )	지명 뜻으로(ISLE O' HAGS=마녀섬, 하스피)
18B8:0:21	05422	ISLE O' HAGS{0A}#( WASTELAND )	해그 섬{0A}#( 황무지 )	마녀섬{0A}#( 황무지 )	지명 뜻으로(ISLE O' HAGS=마녀섬, 하스피)
18B8:0:22	05423	ISLE O' HAGS{0A}#( QUAGMIRE )	해그 섬{0A}#( 늪지 )	마녀섬{0A}#( 늪지대 )	구역 이름 통일(QUAGMIRE=늪지대) / 지명 뜻으로(ISLE O' HAGS=마녀섬, 하스피)
18B9:0:1	05426	TERRY{0A}#DISGRUNTLED PTERODACTYL PARENT	테리{0A}#짜증 난 프테라노돈 어미	테리{0A}#짜증 난 익룡 아빠	오역(테리는 수컷 익룡)
18B9:0:2	05427	CHOMPASAURUS{0A}#STOMACH - CRAMPED CARNIVORE	촘파사우루스{0A}#위장 - 비좁은 육식동물	촘파사우루스{0A}#배탈 난 육식 공룡	오역(STOMACH-CRAMPED)
18B9:0:4	05429	TARGITZAN{0A}#DESPOTIC DIZZY TOTEM GOD	타깃잔{0A}#전제적인 어지러운 토템 신	타깃잔{0A}#어질어질한 폭군 토템 신	어색한 말
18B9:0:8	05433	MINGY JONGO{0A}#CRAFTY SHAMAN IMPERSONATOR	밍지 종고{0A}#교활한 샤먼 사칭범	밍지 종고{0A}#교활한 주술사 사칭꾼	소개 문구 통일(06857)
18B9:0:15	05440	HAG 1{0A}#MONSTROUS MECHANICAL{0A}#MUD-MUNCHER	해그 1{0A}#괴물 같은 기계식{0A}#진흙 먹보	마녀 1호{0A}#괴물 같은 기계식{0A}#진흙 먹보	이름 통일(HAG 1=마녀 1호)
18BA:0:0	05441	MAYAN KICKBALL CHALLENGE	마얀 킥볼 챌린지	마야 킥볼 챌린지	이름 통일(MAYAN KICKBALL=마야 킥볼)
18BA:0:1	05442	TARGITZAN'S TEMPLE SHOOTOUT	타깃잔 사원 슈팅	타깃잔 사원 사격전	용어 통일(SHOOTOUT=사격전)
18BA:0:2	05443	ORDNANCE STORAGE SHOOTOUT	포탄 저장고 슈팅	탄약 창고 사격전	지명 통일(ORDNANCE STORAGE=탄약 창고) / 용어 통일(SHOOTOUT=사격전)
18BA:0:3	05444	DODGEM CHALLENGE	도지 챌린지	범퍼카 챌린지	이름 통일(DODGEM=범퍼카)
18BA:0:5	05446	HOOP HURRY CHALLENGE	후프 허리 챌린지	후프 질주 챌린지	이름 뜻으로(HOOP HURRY — «허리»는 몸 허리로 읽힌다)
18BA:0:6	05447	MINI - SUB SHOOTOUT	미니잠수함 슈팅	미니잠수함 사격전	용어 통일(SHOOTOUT=사격전)
18BA:0:9	05450	CLINKERS CAVERN SHOOTOUT	클링커 동굴 슈팅	클링커 동굴 사격전	용어 통일(SHOOTOUT=사격전)
18BA:0:12	05453	ZUBBAS' NEST SHOOTOUT	주바 둥지 슈팅	주바 둥지 사격전	용어 통일(SHOOTOUT=사격전)
18BB:0:0	05454	FIRE EGGS	파이어 에그	불꽃 알	알 이름 통일(FIRE EGGS=불꽃 알)
18BB:0:1	05455	GRENADE EGGS	그레네이드 에그	수류탄 알	용어 통일(GRENADE=수류탄, 번역 다수 표기) / 알 이름 통일(GRENADE EGGS=수류탄 알)
18BB:0:2	05456	CLOCKWORK KAZOOIE EGGS	클락워크 카주이 에그	태엽 카주이 알	용어 통일(CLOCKWORK KAZOOIE EGGS=태엽 카주이 알)
18BB:0:3	05457	ICE EGGS	아이스 에그	얼음 알	알 이름 통일(ICE EGGS=얼음 알)
18BB:0:6	05460	PACK WHACK	팩 훼크	팩 왝	기술 이름 통일(PACK WHACK=팩 왝)
18BB:0:7	05461	SPRINGY STEP SHOES	스프링 신발	스프링 스텝 슈즈	아이템 이름 통일(SPRINGY STEP SHOES)
18BB:0:16	05470	TALON TORPEDO	발톱 토피도	탤런 토피도	기술 이름 통일(TALON TORPEDO=탤런 토피도)
18BB:0:18	05472	WING WHACK	날개 훼크	윙 왝	기술 이름 통일(WING WHACK=윙 왝)
18BB:0:19	05473	SHACK PACK	색 팩	섁 팩	기술 이름 구분(SHACK PACK=섁 팩)
18BB:0:21	05475	CLAW CLAMBER BOOTS	발톱 등반 부츠	클로 클램버 부츠	아이템 이름 통일(CLAW CLAMBER BOOTS)
18BB:0:22	05476	SNOOZE PACK	수면 팩	스누즈 팩	기술 이름 통일(SNOOZE PACK=스누즈 팩)
18BB:0:23	05477	LEG SPRING	다리 스프링	레그 스프링	기술 이름 통일(LEG SPRING=레그 스프링)
18BB:0:24	05478	SACK PACK	자루 팩	색 팩	기술 이름 통일(SACK PACK=색 팩)
18BD:0:2	05484	SUMMON{0A}#GOLDEN GOLIATH	소환{0A}#황금 거인	소환{0A}#황금 골리앗	이름 통일(GOLDEN GOLIATH=황금 골리앗)
18BD:0:3	05485	POWER{0A}#STAR SPINNER	파워{0A}#별 회전기	파워{0A}#스타 스피너	이름 통일(STAR SPINNER=스타 스피너)
18BD:0:4	05486	POWER{0A}#DODGEM DOME	파워{0A}#도지 돔	파워{0A}#범퍼카 돔	이름 통일(DODGEM=범퍼카)
18BD:0:5	05487	POWER{0A}#SAUCER OF PERIL	파워{0A}#위험의 소서	파워{0A}#공포의 비행접시	놀이기구 이름 통일(위험의 접시) / 이름 뜻으로(SAUCER OF PERIL=공포의 비행접시)
18BD:0:9	05491	ENLARGE{0A}#WUMBA'S WIGWAM	확대{0A}#움바의 위그왬	확대{0A}#움바의 천막	표기 통일(WIGWAM=위그왐) / 지명 뜻으로(WUMBA'S WIGWAM=움바의 천막)
18DE:0:0	05499	PRESS {87} TO PLAY THE GAME.	{87}를 눌러 게임을 플레이하세요.	{87}을 눌러 게임을 플레이하세요.	버튼 아이콘 뒤 조사 통일(«버튼»으로 읽어 을·으로·과)
18DF:0:0	05505	COPY GAME. PRESS {87} TO COPY ONE GAME FILE INTO ANOTHER.	게임 복사. {87}를 눌러 한 게임 파일을 다른 파일로 복사하세요.	게임 복사. {87}을 눌러 한 게임 파일을 다른 파일로 복사하세요.	버튼 아이콘 뒤 조사 통일(«버튼»으로 읽어 을·으로·과)
18DF:0:1	05506	SELECT GAME FILE TO COPY, THEN PRESS {87}.	복사할 게임 파일을 선택한 뒤 {87}를 누르세요.	복사할 게임 파일을 선택한 뒤 {87}을 누르세요.	버튼 아이콘 뒤 조사 통일(«버튼»으로 읽어 을·으로·과)
18DF:0:2	05507	SELECT A GAME FILE TO COPY INTO. {87} TO COPY, {86} TO CANCEL.	복사할 게임 파일을 선택하세요. {87}를 눌러 복사하고, {86}를 눌러 취소하세요.	복사할 게임 파일을 선택하세요. {87}을 눌러 복사하고, {86}을 눌러 취소하세요.	버튼 아이콘 뒤 조사 통일(«버튼»으로 읽어 을·으로·과)
18E0:0:0	05514	ERASE GAME. PRESS {87} TO ERASE A GAME FILE.	게임 지우기. {87}를 눌러 게임 파일을 지우세요.	게임 지우기. {87}을 눌러 게임 파일을 지우세요.	버튼 아이콘 뒤 조사 통일(«버튼»으로 읽어 을·으로·과)
18E0:0:1	05515	SELECT GAME FILE TO ERASE, THEN PRESS {87}.	지울 게임 파일을 선택한 뒤 {87}를 누르세요.	지울 게임 파일을 선택한 뒤 {87}을 누르세요.	버튼 아이콘 뒤 조사 통일(«버튼»으로 읽어 을·으로·과)
18E1:0:1	05521	MULTIPLAYER. PRESS {87} TO PLAY.	멀티플레이어. {87}를 눌러 플레이하세요.	멀티플레이어. {87}을 눌러 플레이하세요.	버튼 아이콘 뒤 조사 통일(«버튼»으로 읽어 을·으로·과)
18E1:0:4	05524	SELECT A GAME TO PLAY, THEN PRESS {87}.	플레이할 게임을 선택한 뒤 {87}를 누르세요.	플레이할 게임을 선택한 뒤 {87}을 누르세요.	버튼 아이콘 뒤 조사 통일(«버튼»으로 읽어 을·으로·과)
18E1:0:5	05525	PRESS {87} TO SELECT GAMES, {81} TO RESET THE MENU AND {7F} TO PLAY.	{87}를 눌러 게임을 선택하고, {81}로 메뉴를 초기화하고, {7F}를 눌러 플레이하세요.	{87}을 눌러 게임을 선택하고, {81}으로 메뉴를 초기화하고, {7F}를 눌러 플레이하세요.	버튼 아이콘 뒤 조사 통일(«버튼»으로 읽어 을·으로·과)
18E1:0:17	05537	YOU CANNOT PLAY BIRDY BUDDIES WITH ONLY TWO PLAYERS!	버디 버디스는 2인으로는 플레이할 수 없습니다!	새 친구들은 2인으로는 플레이할 수 없습니다!	이름 뜻으로(BIRDY BUDDIES)
18E2:0:0	05546	SETTINGS. PRESS {87} TO ALTER GLOBAL SETTINGS.	설정. {87}를 눌러 전역 설정을 변경하세요.	설정. {87}을 눌러 전역 설정을 변경하세요.	버튼 아이콘 뒤 조사 통일(«버튼»으로 읽어 을·으로·과)
18E2:0:2	05548	USE THE CONTROL STICK TO ALIGN THE SCREEN. PRESS {87} TO CONFIRM OR {86} TO RESET.	컨트롤 스틱으로 화면을 맞추세요. {87}를 눌러 확정하거나 {86}을 눌러 초기화하세요.	컨트롤 스틱으로 화면을 맞추세요. {87}을 눌러 확정하거나 {86}을 눌러 초기화하세요.	버튼 아이콘 뒤 조사 통일(«버튼»으로 읽어 을·으로·과)
18E2:0:3	05549	USE THE CONTROL STICK TO CHOOSE THE WIDE-SCREEN SETTING. PRESS {87} TO CONFIRM OR {86} TO CANCEL.	컨트롤 스틱으로 와이드스크린 설정을 선택하세요. {87}를 눌러 확정하거나 {86}을 눌러 취소하세요.	컨트롤 스틱으로 와이드스크린 설정을 선택하세요. {87}을 눌러 확정하거나 {86}을 눌러 취소하세요.	버튼 아이콘 뒤 조사 통일(«버튼»으로 읽어 을·으로·과)
18E2:0:4	05550	USE THE CONTROL STICK TO SELECT WHICH SPEAKER MODE TO USE. PRESS {87} TO CONFIRM OR {86} TO CANCEL.	컨트롤 스틱으로 사용할 스피커 모드를 선택하세요. {87}를 눌러 확정하거나 {86}을 눌러 취소하세요.	컨트롤 스틱으로 사용할 스피커 모드를 선택하세요. {87}을 눌러 확정하거나 {86}을 눌러 취소하세요.	버튼 아이콘 뒤 조사 통일(«버튼»으로 읽어 을·으로·과)
18E2:0:5	05551	USE THE CONTROL STICK TO SELECT YOUR LANGUAGE. PRESS {87} TO CONFIRM OR {86} TO CANCEL.	컨트롤 스틱으로 언어를 선택하세요. {87}를 눌러 확정하거나 {86}을 눌러 취소하세요.	컨트롤 스틱으로 언어를 선택하세요. {87}을 눌러 확정하거나 {86}을 눌러 취소하세요.	버튼 아이콘 뒤 조사 통일(«버튼»으로 읽어 을·으로·과)
18E3:0:1	05567	REPLAY. PRESS {87} TO REPLAY GAMES AND FEATURES.	리플레이. {87}를 눌러 게임과 기능을 다시 보세요.	리플레이. {87}을 눌러 게임과 기능을 다시 보세요.	버튼 아이콘 뒤 조사 통일(«버튼»으로 읽어 을·으로·과)
18E4:0:0	05575	TARGITZAN'S TEMPLE SHOOTOUT	타깃잔 사원 총격전	타깃잔 사원 사격전	용어 통일(SHOOTOUT=사격전)
18E4:0:1	05576	MAYAN KICKBALL CHALLENGE	마얀 킥볼 챌린지	마야 킥볼 챌린지	이름 통일(MAYAN KICKBALL=마야 킥볼)
18E4:0:2	05577	ORDNANCE STORAGE SHOOTOUT	포탄 저장고 총격전	탄약 창고 사격전	지명 통일(ORDNANCE STORAGE=탄약 창고) / 용어 통일(SHOOTOUT=사격전)
18E4:0:3	05578	DODGEMS CHALLENGE	도지 챌린지	범퍼카 챌린지	이름 통일(DODGEM=범퍼카)
18E4:0:4	05579	HOOP HURRY CHALLENGE	후프 허리 챌린지	후프 질주 챌린지	이름 뜻으로(HOOP HURRY — «허리»는 몸 허리로 읽힌다)
18E4:0:6	05581	MINI-SUB SHOOTOUT	미니잠수함 총격전	미니잠수함 사격전	용어 통일(SHOOTOUT=사격전)
18E4:0:8	05583	CLINKER'S CAVERN SHOOTOUT	클링커 동굴 총격전	클링커 동굴 사격전	용어 통일(SHOOTOUT=사격전)
18E4:0:12	05587	ZUBBA'S NEST SHOOTOUT	주바 둥지 총격전	주바 둥지 사격전	용어 통일(SHOOTOUT=사격전)
18E4:0:13	05588	TOWER OF TRAGEDY QUIZ	타워 오브 트래저디 퀴즈	비극의 탑 퀴즈	이름 뜻으로(TOWER OF TRAGEDY=비극의 탑)
18E5:0:0	05589	MAYAN KICKBALL (QUARTERFINAL)	마얀 킥볼 ( 준준결승 )	마야 킥볼 (준준결승)	괄호 안 공백
18E5:0:1	05590	MAYAN KICKBALL (SEMIFINAL)	마얀 킥볼 ( 준결승 )	마야 킥볼 (준결승)	괄호 안 공백
18E5:0:2	05591	MAYAN KICKBALL (FINAL)	마얀 킥볼 ( 결승 )	마야 킥볼 (결승)	괄호 안 공백
18E5:0:3	05592	ORDNANCE STORAGE	포탄 저장고	탄약 창고	지명 통일(ORDNANCE STORAGE=탄약 창고)
18E5:0:4	05593	DODGEMS CHALLENGE (1-ON-1)	도지 챌린지 ( 1 대 1 )	범퍼카 챌린지 (1 대 1)	괄호 안 공백
18E5:0:5	05594	DODGEMS CHALLENGE (2-ON-1)	도지 챌린지 ( 2 대 1 )	범퍼카 챌린지 (2 대 1)	괄호 안 공백
18E5:0:6	05595	DODGEMS CHALLENGE (3-ON-1)	도지 챌린지 ( 3 대 1 )	범퍼카 챌린지 (3 대 1)	괄호 안 공백
18E5:0:7	05596	HOOP HURRY CHALLENGE	후프 허리 챌린지	후프 질주 챌린지	이름 뜻으로(HOOP HURRY — «허리»는 몸 허리로 읽힌다)
18E5:0:9	05598	SAUCER OF PERIL RIDE	위험의 소서 타기	공포의 비행접시 타기	놀이기구 이름 통일(위험의 접시) / 이름 뜻으로(SAUCER OF PERIL=공포의 비행접시)
18E5:0:13	05602	TWINKLIES PACKING	트윙클리 포장하기	반짝이 포장하기	이름 통일(TWINKLIES=반짝이)
18E5:0:14	05603	COLOSSEUM KICKBALL (QUARTERFINAL)	콜로세움 킥볼 ( 준준결승 )	콜로세움 킥볼 (준준결승)	괄호 안 공백
18E5:0:15	05604	COLOSSEUM KICKBALL (SEMIFINAL)	콜로세움 킥볼 ( 준결승 )	콜로세움 킥볼 (준결승)	괄호 안 공백
18E5:0:16	05605	COLOSSEUM KICKBALL (FINAL)	콜로세움 킥볼 ( 결승 )	콜로세움 킥볼 (결승)	괄호 안 공백
18E5:0:20	05609	TOWER OF TRAGEDY QUIZ (ROUND 1)	타워 오브 트래저디 퀴즈 ( 1라운드 )	비극의 탑 퀴즈 (1라운드)	괄호 안 공백
18E5:0:21	05610	TOWER OF TRAGEDY QUIZ (ROUND 2)	타워 오브 트래저디 퀴즈 ( 2라운드 )	비극의 탑 퀴즈 (2라운드)	괄호 안 공백
18E5:0:22	05611	TOWER OF TRAGEDY QUIZ (ROUND 3)	타워 오브 트래저디 퀴즈 ( 3라운드 )	비극의 탑 퀴즈 (3라운드)	괄호 안 공백
18E6:0:12	05624	HAG 1	해그 1	마녀 1호	이름 통일(HAG 1=마녀 1호)
18E8:0:0	05625	OPENING STORY	오프닝 스토리	오프닝 이야기	어색한 음역
18E8:0:2	05627	BOTTLES AND JINGALING RESTORED	보틀스와 징갈링 복원	보틀스와 징갈링 되살아나다	어색한 말(RESTORED)
18E8:0:3	05628	GRUNTY DEFEATED	그런틸다 패배	그런티 패배	이름 통일(GRUNTY=그런티)
18E9:0:5	05636	MULTIPLAYER MADNESS	멀티플레이어 매드니스	멀티플레이어 대소동	어색한 음역(MADNESS)
18EA:0:1	05640	MAYAHEM TEMPLE	마야헴 사원	마야 대혼란 사원	지명 뜻으로(MAYAHEM TEMPLE=마야 대혼란 사원)
18EA:0:2	05641	WITCHYWORLD	위치월드	마녀랜드	지명 뜻으로(WITCHYWORLD=마녀랜드)
18EA:0:3	05642	JOLLY ROGER'S LAGOON	졸리 로저의 라군	졸리 로저의 석호	지명 뜻으로(JOLLY ROGER'S LAGOON=졸리 로저의 석호)
18EA:0:4	05643	GRUNTY INDUSTRIES	그런티 인더스트리즈	그런티 산업	지명 뜻으로(GRUNTY INDUSTRIES=그런티 산업)
18EB:0:1	05646	MAYAN KICKBALL	마얀 킥볼	마야 킥볼	이름 통일(MAYAN KICKBALL=마야 킥볼)
18EB:0:3	05648	'SAUCER OF PERIL' RIDE	' 위험의 소서 ' 타기	'공포의 비행접시' 타기	따옴표 안 공백
18EC:0:3	05654	KING WOO FAK FAK	킹 우 팍 팍	우 팍 팍 왕	원문(KING WOO FAK FAK — 체험판 표기)
18ED:0:1	05658	MAYAN KICKBALL	마얀 킥볼	마야 킥볼	이름 통일(MAYAN KICKBALL=마야 킥볼)
18ED:0:2	05659	TARGITZAN'S SHOOTOUT	타깃잔 슈팅전	타깃잔 사격전	용어 통일(SHOOTOUT=사격전)
18ED:0:3	05660	DODGEMS CHALLENGE	도지 챌린지	범퍼카 챌린지	이름 통일(DODGEM=범퍼카)
18ED:0:4	05661	MINI-SUB SHOOTOUT	미니잠수함 슈팅전	미니잠수함 사격전	용어 통일(SHOOTOUT=사격전)
18F0:0:0	05687	SQUAWKMATCH	스쿼크매치	꽥꽥 대결	이름 뜻으로(SQUAWKMATCH)
18F0:0:1	05688	SINGLE EGG SPLAT	싱글 에그 스플랫	알 한 방	이름 뜻으로(SINGLE EGG SPLAT)
18F0:0:2	05689	4 DOZEN FUN	4다스 펀	알 4다스	이름 뜻으로(4 DOZEN FUN)
18F0:0:3	05690	BIRDY BUDDIES - PLAYER 1 VS. ALL	버디 버디스 - 플레이어 1 대 전원	새 친구들 - 플레이어 1 대 전원	이름 뜻으로(BIRDY BUDDIES)
18F0:0:4	05691	BIRDY BUDDIES - PLAYER 2 VS. ALL	버디 버디스 - 플레이어 2 대 전원	새 친구들 - 플레이어 2 대 전원	이름 뜻으로(BIRDY BUDDIES)
18F0:0:5	05692	BIRDY BUDDIES - PLAYERS 1 AND 2 VS.	버디 버디스 - 플레이어 1, 2 대	새 친구들 - 플레이어 1, 2 대	이름 뜻으로(BIRDY BUDDIES)
18F0:0:6	05693	BIRDY BUDDIES - PLAYER 3 VS. ALL	버디 버디스 - 플레이어 3 대 전원	새 친구들 - 플레이어 3 대 전원	이름 뜻으로(BIRDY BUDDIES)
18F0:0:7	05694	BIRDY BUDDIES - PLAYERS 1 AND 3 VS.	버디 버디스 - 플레이어 1, 3 대	새 친구들 - 플레이어 1, 3 대	이름 뜻으로(BIRDY BUDDIES)
18F0:0:8	05695	BIRDY BUDDIES - PLAYERS 2 AND 3 VS.	버디 버디스 - 플레이어 2, 3 대	새 친구들 - 플레이어 2, 3 대	이름 뜻으로(BIRDY BUDDIES)
18F0:0:9	05696	BIRDY BUDDIES - PLAYER 4 VS. ALL	버디 버디스 - 플레이어 4 대 전원	새 친구들 - 플레이어 4 대 전원	이름 뜻으로(BIRDY BUDDIES)
18F0:0:10	05697	BIRDY BUDDIES - UNAVAILABLE	버디 버디스 - 사용 불가	새 친구들 - 사용 불가	이름 뜻으로(BIRDY BUDDIES)
18F0:0:11	05698	CHICKEN CHASE - PLAYER 1 IS IT	치킨 체이스 - 플레이어 1이 술래	닭 쫓기 - 플레이어 1이 술래	이름 뜻으로(CHICKEN CHASE)
18F0:0:12	05699	CHICKEN CHASE - PLAYER 2 IS IT	치킨 체이스 - 플레이어 2가 술래	닭 쫓기 - 플레이어 2가 술래	이름 뜻으로(CHICKEN CHASE)
18F0:0:13	05700	CHICKEN CHASE - PLAYER 3 IS IT	치킨 체이스 - 플레이어 3이 술래	닭 쫓기 - 플레이어 3이 술래	이름 뜻으로(CHICKEN CHASE)
18F0:0:14	05701	CHICKEN CHASE - PLAYER 4 IS IT	치킨 체이스 - 플레이어 4가 술래	닭 쫓기 - 플레이어 4가 술래	이름 뜻으로(CHICKEN CHASE)
18F0:0:16	05703	NO ENERGY BARS. ANY EGG WILL SPLAT PLAYERS INSTANTLY!	에너지 바 없음. 어떤 알이든 플레이어를 즉시 명중시킵니다!	에너지 바 없음. 알 한 방이면 바로 끝납니다!	어색한 말(SPLAT)
18F0:0:18	05705	DIVIDE YOUR PLAYERS UP INTO TEAMS FOR A SQUAWKMATCH GAME.	스쿼크매치 게임을 위해 플레이어를 팀으로 나누세요.	꽥꽥 대결 게임을 위해 플레이어를 팀으로 나누세요.	이름 뜻으로(SQUAWKMATCH)
18F1:0:0	05707	EGGS A PLENTY	에그 어 플렌티	알 듬뿍	이름 뜻으로(EGGS A PLENTY)
18F1:0:1	05708	HOT N' COLD	핫 앤 콜드	불과 얼음	이름 뜻으로(HOT N' COLD)
18F1:0:2	05709	SNEAKY	스니키	살금살금	이름 뜻으로(SNEAKY)
18F1:0:4	05711	BIG BANGS	빅 뱅	대폭발	이름 뜻으로(BIG BANGS)
18F1:0:8	05715	FEATURES NORMAL, ICE AND CLOCKWORK KAZOOIE BOMB EGGS.	일반, 얼음, 클락워크 카주이 폭탄 알을 사용합니다.	일반, 얼음, 태엽 카주이 폭탄 알을 사용합니다.	용어 통일(CLOCKWORK=태엽, 번역 다수 표기)
18F1:0:9	05716	FEATURES NORMAL, ICE AND GRENADE EGGS.	일반, 얼음, 그레네이드 알을 사용합니다.	일반, 얼음, 수류탄 알을 사용합니다.	용어 통일(GRENADE=수류탄, 번역 다수 표기)
18F3:0:5	05737	CURRENT STANDINGS AFTER ~ OF THE ~ GAMES...	~개 중 ~번째 게임까지의 현재 순위...	~번째 게임까지(총 ~게임)의 현재 순위...	~ 순서(원문: 진행 수 → 전체 수)
18F4:0:1	05744	GAME TYPE - SQUAWKMATCH	게임 종류 - 스쿼크매치	게임 종류 - 꽥꽥 대결	이름 뜻으로(SQUAWKMATCH)
18F4:0:2	05745	GAME TYPE - SINGLE EGG SPLAT	게임 종류 - 싱글 에그 스플랫	게임 종류 - 알 한 방	이름 뜻으로(SINGLE EGG SPLAT)
18F4:0:3	05746	GAME TYPE - 4 DOZEN FUN	게임 종류 - 4다스 펀	게임 종류 - 알 4다스	이름 뜻으로(4 DOZEN FUN)
18F4:0:4	05747	GAME TYPE - BIRDY BUDDIES - PLAYER 1 VS.	게임 종류 - 버디 버디스 - 플레이어 1 대	게임 종류 - 새 친구들 - 플레이어 1 대	이름 뜻으로(BIRDY BUDDIES)
18F4:0:5	05748	GAME TYPE - BIRDY BUDDIES - PLAYER 2 VS.	게임 종류 - 버디 버디스 - 플레이어 2 대	게임 종류 - 새 친구들 - 플레이어 2 대	이름 뜻으로(BIRDY BUDDIES)
18F4:0:6	05749	GAME TYPE - BIRDY BUDDIES - 1 AND 2 VS.	게임 종류 - 버디 버디스 - 1, 2 대	게임 종류 - 새 친구들 - 1, 2 대	이름 뜻으로(BIRDY BUDDIES)
18F4:0:7	05750	GAME TYPE - BIRDY BUDDIES - PLAYER 3 VS.	게임 종류 - 버디 버디스 - 플레이어 3 대	게임 종류 - 새 친구들 - 플레이어 3 대	이름 뜻으로(BIRDY BUDDIES)
18F4:0:8	05751	GAME TYPE - BIRDY BUDDIES - 1 AND 3 VS.	게임 종류 - 버디 버디스 - 1, 3 대	게임 종류 - 새 친구들 - 1, 3 대	이름 뜻으로(BIRDY BUDDIES)
18F4:0:9	05752	GAME TYPE - BIRDY BUDDIES - 2 AND 3 VS.	게임 종류 - 버디 버디스 - 2, 3 대	게임 종류 - 새 친구들 - 2, 3 대	이름 뜻으로(BIRDY BUDDIES)
18F4:0:10	05753	GAME TYPE - BIRDY BUDDIES - PLAYER 4 VS.	게임 종류 - 버디 버디스 - 플레이어 4 대	게임 종류 - 새 친구들 - 플레이어 4 대	이름 뜻으로(BIRDY BUDDIES)
18F4:0:11	05754	GAME TYPE - CHICKEN CHASE - PLAYER 1 IS IT	게임 종류 - 치킨 체이스 - 플레이어 1이 술래	게임 종류 - 닭 쫓기 - 플레이어 1이 술래	이름 뜻으로(CHICKEN CHASE)
18F4:0:12	05755	GAME TYPE - CHICKEN CHASE - PLAYER 2 IS IT	게임 종류 - 치킨 체이스 - 플레이어 2가 술래	게임 종류 - 닭 쫓기 - 플레이어 2가 술래	이름 뜻으로(CHICKEN CHASE)
18F4:0:13	05756	GAME TYPE - CHICKEN CHASE - PLAYER 3 IS IT	게임 종류 - 치킨 체이스 - 플레이어 3이 술래	게임 종류 - 닭 쫓기 - 플레이어 3이 술래	이름 뜻으로(CHICKEN CHASE)
18F4:0:14	05757	GAME TYPE - CHICKEN CHASE - PLAYER 4 IS IT	게임 종류 - 치킨 체이스 - 플레이어 4가 술래	게임 종류 - 닭 쫓기 - 플레이어 4가 술래	이름 뜻으로(CHICKEN CHASE)
18F4:0:16	05759	EGGS TYPE - EGGS A PLENTY	알 종류 - 에그 어 플렌티	알 종류 - 알 듬뿍	이름 뜻으로(EGGS A PLENTY)
18F4:0:17	05760	EGGS TYPE - HOT N' COLD	알 종류 - 핫 앤 콜드	알 종류 - 불과 얼음	이름 뜻으로(HOT N' COLD)
18F4:0:18	05761	EGGS TYPE - SNEAKY	알 종류 - 스니키	알 종류 - 살금살금	이름 뜻으로(SNEAKY)
18F4:0:20	05763	EGGS TYPE - BIG BANGS	알 종류 - 빅 뱅	알 종류 - 대폭발	이름 뜻으로(BIG BANGS)
1910:0:0	05780	WHAT IS THE NAME OF JOLLY ROGER'S PARTNER IN JOLLY ROGER'S LAGOON?	졸리 로저의 라군에서 졸리 로저의 파트너 이름은 무엇입니까?	졸리 로저의 석호에서 졸리 로저의 짝꿍 이름은 무엇입니까?	용어 통일(졸리·매기 PARTNER=짝꿍) / 지명 뜻으로(JOLLY ROGER'S LAGOON=졸리 로저의 석호)
1911:0:0	05785	WHAT IS THE NAME OF THE GIANT ANGLERFISH IN JOLLY ROGER'S LAGOON?	졸리 로저의 라군에 사는 거대한 아귀의 이름은 무엇입니까?	졸리 로저의 석호에 사는 거대한 아귀의 이름은 무엇입니까?	지명 뜻으로(JOLLY ROGER'S LAGOON=졸리 로저의 석호)
1911:0:1	05786	BARON WOO FAK FAK	바론 우 팍 팍	우 팍 팍 남작	퀴즈 보기(BARON)
1911:0:2	05787	LORD WOO FAK FAK	로드 우 팍 팍	우 팍 팍 경	이름 통일(LORD WOO FAK FAK=우 팍 팍 경)
1911:0:3	05788	SIR WOO FAK FAK	서 우 팍 팍	우 팍 팍 기사	퀴즈 보기(SIR)
1912:0:0	05790	HOW MANY BROKEN WAVERACERS DOES CAPTAIN BLUBBER'S SHOP HAVE IN JOLLY ROGER'S LAGOON?	졸리 로저의 라군에서 블러버 선장의 가게에는 고장 난 웨이브레이서가 몇 대 있습니까?	졸리 로저의 석호에서 블러버 선장의 가게에는 고장 난 웨이브레이서가 몇 대 있습니까?	지명 뜻으로(JOLLY ROGER'S LAGOON=졸리 로저의 석호)
1914:0:0	05800	WHO IS MY LOVELY THIN SISTER?	내 사랑스럽고 마른 여동생은 누구입니까?	내 사랑스럽고 날씬한 자매는 누구입니까?	자매 서열 미확인 → 자매
1914:0:2	05802	MINGELLA	민젤라	밍겔라	이름 통일(MINGELLA=밍겔라)
1915:0:0	05805	WHO IS MY RATHER LARGE SISTER?	내 꽤 거대한 여동생은 누구입니까?	내 꽤 덩치 큰 자매는 누구입니까?	자매 서열 미확인 → 자매
1915:0:2	05807	GUTBUCKITA	것버키타	거트버키타	표기
1916:0:0	05810	WHAT IS ON THE WALLPAPER IN THE FACTORY WORKERS' QUARTERS?	공장 노동자 숙소의 벽지에는 무엇이 그려져 있습니까?	공장 일꾼 숙소의 벽지에는 무엇이 그려져 있습니까?	용어 통일(WORKERS' QUARTERS=일꾼 숙소)
1917:0:0	05815	WHO IS THE 'MIGHTY MAYAN GOD OF TARGET SHOOTING'?	' 타격 명중의 강력한 마얀 신 ' 은 누구입니까?	'과녁 맞히기의 위대한 마야 신'은 누구입니까?	어색한 말·따옴표 안 공백
1917:0:3	05818	FRYINPANZ	프라이인판즈	프라이팬즈	말장난(FRYINPANZ = 프라이팬)
1918:0:0	05820	WHAT HAD THE PROSPECTOR LOST IN GLITTER GULCH MINE?	글리터 걸치 광산에서 탐광꾼이 잃어버린 것은 무엇입니까?	반짝 협곡 광산에서 탐광꾼이 잃어버린 것은 무엇입니까?	지명 뜻으로(GLITTER GULCH MINE=반짝 협곡 광산)
1918:0:1	05821	HIS WALLET	그의 지갑	지갑	어색한 말(그의)
1918:0:2	05822	HIS PICKAXE	그의 곡괭이	곡괭이	어색한 말(그의)
1918:0:3	05823	HIS PARTNER	그의 파트너	짝꿍	어색한 말(그의)
1919:0:0	05825	HOW MANY KICKBALL COACHES OFFER ADVICE IN MAYAHEM TEMPLE?	마야헴 사원에서 킥볼 조언을 해 주는 코치는 몇 명입니까?	마야 대혼란 사원에서 킥볼 조언을 해 주는 코치는 몇 명입니까?	지명 뜻으로(MAYAHEM TEMPLE=마야 대혼란 사원)
191A:0:0	05830	HOW ARE MAYAHEM TEMPLE'S STATUE DART GUNS DEACTIVATED?	마야헴 사원의 석상 다트총은 어떻게 해제합니까?	마야 대혼란 사원의 석상 다트총은 어떻게 해제합니까?	지명 뜻으로(MAYAHEM TEMPLE=마야 대혼란 사원)
191B:0:0	05835	WHAT COLOR ARE THE FEATHERS ON THE DARTS FIRED BY THE MAYAHEM TEMPLE STATUES' DART GUNS?	마야헴 사원 석상의 다트총이 쏘는 화살 깃털은 무슨 색입니까?	마야 대혼란 사원 석상의 다트총이 쏘는 화살 깃털은 무슨 색입니까?	지명 뜻으로(MAYAHEM TEMPLE=마야 대혼란 사원)
191C:0:3	05843	A PTERODACTYL	프테로닥틸	익룡	용어(PTERODACTYL=익룡)
191D:0:0	05845	WHAT DOES MAYAHEM TEMPLE'S CATLIKE WARRIOR BADDY CARRY?	마야헴 사원의 고양이 같은 전사 악당은 무엇을 들고 있습니까?	마야 대혼란 사원의 고양이 같은 전사 악당은 무엇을 들고 있습니까?	지명 뜻으로(MAYAHEM TEMPLE=마야 대혼란 사원)
191D:0:2	05847	A CLUB	클럽	곤봉	어휘(CLUB)
191E:0:0	05850	WHAT IS FOUND AT THE TOP OF THE HIGHEST STRUCTURE IN MAYAHEM TEMPLE?	마야헴 사원에서 가장 높은 구조물 꼭대기에는 무엇이 있습니까?	마야 대혼란 사원에서 가장 높은 구조물 꼭대기에는 무엇이 있습니까?	지명 뜻으로(MAYAHEM TEMPLE=마야 대혼란 사원)
191F:0:0	05855	WHAT WAS MAYAHEM TEMPLE'S TREASURE CHAMBER OFFICIAL LOOKING FOR?	마야헴 사원의 보물 창고 관리인이 찾고 있던 것은 무엇입니까?	마야 대혼란 사원의 보물 창고 관리인이 찾고 있던 것은 무엇입니까?	지명 뜻으로(MAYAHEM TEMPLE=마야 대혼란 사원)
191F:0:3	05858	A CHEAP TRINKET THINGY	값싼 싸구려 같은 것	싸구려 장신구 같은 것	어색한 말
1920:0:0	05860	WHAT DO YOU HAVE TO SHOOT TO GAIN ENTRY TO MAYAHEM TEMPLE'S TREASURE CHAMBER?	마야헴 사원의 보물 창고에 들어가려면 무엇을 쏴야 합니까?	마야 대혼란 사원의 보물 창고에 들어가려면 무엇을 쏴야 합니까?	지명 뜻으로(MAYAHEM TEMPLE=마야 대혼란 사원)
1921:0:0	05865	WHAT IMAGE ISN'T ON MAYAHEM TEMPLE'S PRISON SWITCHES?	마야헴 사원의 감옥 스위치에 없는 그림은 무엇입니까?	마야 대혼란 사원의 감옥 스위치에 없는 그림은 무엇입니까?	지명 뜻으로(MAYAHEM TEMPLE=마야 대혼란 사원)
1922:0:1	05871	MAYAHEM TEMPLE	마야헴 사원	마야 대혼란 사원	지명 뜻으로(MAYAHEM TEMPLE=마야 대혼란 사원)
1922:0:2	05872	GLITTER GULCH MINE	글리터 걸치 광산	반짝 협곡 광산	지명 뜻으로(GLITTER GULCH MINE=반짝 협곡 광산)
1922:0:3	05873	MAYAHEM MINE	마야헴 광산	마야 대혼란 광산	지명 뜻으로(마야 대혼란 사원)
1923:0:0	05875	WHICH OF THESE AREAS IS NOT FOUND IN MAYAHEM TEMPLE?	다음 중 마야헴 사원에 없는 구역은 무엇입니까?	다음 중 마야 대혼란 사원에 없는 구역은 무엇입니까?	지명 뜻으로(MAYAHEM TEMPLE=마야 대혼란 사원)
1923:0:3	05878	JADE SNAKE GROVE	비취 뱀의 숲	비취뱀 숲	이름 통일(비취뱀) / 지명 통일(JADE SNAKE GROVE=비취뱀 숲)
1924:0:0	05880	WHICH OF THESE AREAS IS FOUND IN MAYAHEM TEMPLE?	다음 중 마야헴 사원에 있는 구역은 무엇입니까?	다음 중 마야 대혼란 사원에 있는 구역은 무엇입니까?	지명 뜻으로(MAYAHEM TEMPLE=마야 대혼란 사원)
1924:0:1	05881	TARGITZAN'S SUPER SACRED CHAMBER	타깃잔의 초슈퍼신성한 방	타깃잔의 엄청 신성한 방	어색한 말
1925:0:0	05885	WHICH SPELL DID MUMBO PERFORM IN MAYAHEM TEMPLE?	마야헴 사원에서 멈보가 사용한 주문은 무엇입니까?	마야 대혼란 사원에서 멈보가 사용한 주문은 무엇입니까?	지명 뜻으로(MAYAHEM TEMPLE=마야 대혼란 사원)
1926:0:0	05890	WHAT DIDN'T THE JADE SNAKE DO IN MAYAHEM TEMPLE?	비취 뱀이 마야헴 사원에서 하지 않은 일은 무엇입니까?	비취뱀이 마야 대혼란 사원에서 하지 않은 일은 무엇입니까?	지명 뜻으로(MAYAHEM TEMPLE=마야 대혼란 사원) / 이름 통일(비취뱀)
1927:0:0	05895	WHAT WAS STUCK IN GLITTER GULCH MINE THAT BELONGED IN WITCHYWORLD?	위치월드에 있어야 할 것이 글리터 걸치 광산에 끼여 있었습니다. 무엇이었습니까?	마녀랜드에 있어야 할 것이 반짝 협곡 광산에 끼여 있었습니다. 무엇이었습니까?	지명 뜻으로(GLITTER GULCH MINE=반짝 협곡 광산) / 지명 뜻으로(WITCHYWORLD=마녀랜드)
1927:0:3	05898	THE SAUCER	소서	비행접시	이름(SAUCER = 공포의 비행접시)
1928:0:0	05900	HOW MANY WATER TUBS ARE THERE IN THE WATER STORAGE CAVERN IN GLITTER GULCH MINE?	글리터 걸치 광산의 물 저장 동굴에는 물통이 몇 개 있습니까?	반짝 협곡 광산의 물 저장 동굴에는 물통이 몇 개 있습니까?	지명 뜻으로(GLITTER GULCH MINE=반짝 협곡 광산)
1929:0:0	05905	WHO IS CANARY MARY IN GLITTER GULCH MINE?	글리터 걸치 광산의 캐너리 메리는 누구입니까?	반짝 협곡 광산의 카나리아 메리는 누구입니까?	지명 뜻으로(GLITTER GULCH MINE=반짝 협곡 광산) / 이름 통일(CANARY MARY)
192A:0:0	05910	WHAT WAS CRUSHED IN GLITTER GULCH MINE'S CRUSHING SHED?	글리터 걸치 광산의 분쇄 오두막에서 분쇄된 것은 무엇입니까?	반짝 협곡 광산의 분쇄 오두막에서 분쇄된 것은 무엇입니까?	지명 뜻으로(GLITTER GULCH MINE=반짝 협곡 광산)
192B:0:0	05915	WHAT TOOL ATTACKS BANJO IN GLITTER GULCH MINE?	글리터 걸치 광산에서 반조를 공격하는 도구는 무엇입니까?	반짝 협곡 광산에서 반조를 공격하는 도구는 무엇입니까?	지명 뜻으로(GLITTER GULCH MINE=반짝 협곡 광산)
192C:0:0	05920	WHO LURKED IN THE TRAIN'S BOILER IN GLITTER GULCH MINE?	글리터 걸치 광산의 기차 보일러 안에 숨어 있던 것은 누구입니까?	반짝 협곡 광산의 기차 보일러 안에 숨어 있던 것은 누구입니까?	지명 뜻으로(GLITTER GULCH MINE=반짝 협곡 광산)
192C:0:1	05921	BIG BAD BOILER BEAST	빅 배드 보일러 비스트	크고 못된 보일러 괴물	음역 대신 뜻으로
192C:0:3	05923	MASTER PUFTA	마스터 푸프타	푸프타 사부	음역 대신 뜻으로
192D:0:0	05925	WHAT MINE-RELATED FEATURE IS NOT FOUND IN GLITTER GULCH MINE?	글리터 걸치 광산에 없는 광산 관련 설비는 무엇입니까?	반짝 협곡 광산에 없는 광산 관련 설비는 무엇입니까?	지명 뜻으로(GLITTER GULCH MINE=반짝 협곡 광산)
192E:0:1	05931	GLITTER GULCH MINE	글리터 걸치 광산	반짝 협곡 광산	지명 뜻으로(GLITTER GULCH MINE=반짝 협곡 광산)
192F:0:0	05935	WHAT IS ON THE PICTURE IN THE PROSPECTOR'S CABIN IN GLITTER GULCH MINE?	글리터 걸치 광산의 탐광꾼 오두막에 있는 사진에는 무엇이 있습니까?	반짝 협곡 광산의 탐광꾼 오두막에 있는 사진에는 무엇이 있습니까?	지명 뜻으로(GLITTER GULCH MINE=반짝 협곡 광산)
192F:0:1	05936	HE AND SOME GLAMOUR MODELS	그와 몇몇 글래머 모델들	자기와 글래머 모델들	어색한 말(그와)
192F:0:2	05937	HE AND HIS PARTNER	그와 그의 파트너	자기와 짝꿍	어색한 말(그와)
192F:0:3	05938	HE AND HIS WIFE	그와 그의 아내	자기와 아내	어색한 말(그와)
1930:0:0	05940	WHAT COLOR IS THE TOXIC GAS IN GLITTER GULCH MINE?	글리터 걸치 광산의 독가스는 무슨 색입니까?	반짝 협곡 광산의 독가스는 무슨 색입니까?	지명 뜻으로(GLITTER GULCH MINE=반짝 협곡 광산)
1930:0:1	05941	BROWNY YELLOW	갈색빛 노란색	누런 갈색	어색한 말
1931:0:0	05945	WHAT TWO ITEMS WERE WON ON GLITTER GULCH MINE'S HANDCART RACE?	글리터 걸치 광산의 손수레 경주에서 얻은 두 아이템은 무엇입니까?	반짝 협곡 광산의 수레 경주에서 얻은 두 아이템은 무엇입니까?	지명 뜻으로(GLITTER GULCH MINE=반짝 협곡 광산) / 용어 통일(HANDCART RACE=수레 경주)
1932:0:0	05950	WHAT SPELL DID MUMBO PERFORM IN GLITTER GULCH MINE?	맘보는 글리터 걸치 광산에서 어떤 주문을 사용했는가?	멈보는 반짝 협곡 광산에서 어떤 주문을 사용했는가?	이름 통일(MUMBO=멈보, 카주이와 같게) / 지명 뜻으로(GLITTER GULCH MINE=반짝 협곡 광산)
1932:0:1	05951	SUNLIGHT	선라이트	햇빛	주문 이름 통일(SUNLIGHT=햇빛)
1933:0:0	05955	WHAT IS THE NAME OF THE SAUCER RIDE IN WITCHYWORLD?	위치월드의 접시 놀이기구 이름은?	마녀랜드의 비행접시 놀이기구 이름은?	이름 통일(SAUCER=비행접시)
1933:0:1	05956	SAUCER OF MILK	소서 오브 밀크	우유 접시	말장난(SAUCER OF MILK)
1933:0:2	05957	SAUCER OF TRAGEDY	소서 오브 트래저디	비극의 비행접시	보기 이름 뜻으로(비극의 탑과 같게)
1933:0:3	05958	SAUCER OF PERIL	소서 오브 페릴	공포의 비행접시	이름 통일(SAUCER OF PERIL)
1934:0:0	05960	HOW MANY TICKETS ARE REQUIRED TO GET IN WITCHYWORLD'S BIG TOP TENT?	위치월드의 빅탑 텐트에 들어가려면 티켓이 몇 장 필요한가?	마녀랜드의 서커스 천막에 들어가려면 티켓이 몇 장 필요한가?	지명 뜻으로(WITCHYWORLD=마녀랜드) / 지명 뜻으로(BIG TOP=서커스 천막)
1935:0:0	05965	WHICH BANJO-KAZOOIE CHARACTER GUARDED THE BIG TOP ENTRANCE IN WITCHYWORLD?	위치월드의 빅탑 입구를 지킨 반조-카주이 캐릭터는?	마녀랜드의 서커스 천막 입구를 지킨 반조-카주이 캐릭터는?	지명 뜻으로(WITCHYWORLD=마녀랜드) / 지명 뜻으로(BIG TOP=서커스 천막)
1936:0:0	05970	WHAT FAIRGROUND FAST FOOD IS NOT AVAILABLE IN WITCHYWORLD?	위치월드 놀이공원에서 팔지 않는 패스트푸드는?	마녀랜드 놀이공원에서 팔지 않는 패스트푸드는?	지명 뜻으로(WITCHYWORLD=마녀랜드)
1937:0:1	05976	WITCHYWORLD	위치월드	마녀랜드	지명 뜻으로(WITCHYWORLD=마녀랜드)
1937:0:2	05977	JOLLY ROGER'S LAGOON	졸리 로저스 라군	졸리 로저의 석호	지명 통일(JOLLY ROGER'S LAGOON=졸리 로저의 라군) / 지명 뜻으로(JOLLY ROGER'S LAGOON=졸리 로저의 석호)
1937:0:3	05978	JOLLY'S CIRCUS O' FUN	졸리스 서커스 오 펀	졸리의 신나는 서커스	음역 대신 뜻으로
1938:0:0	05980	WHAT DOES HUMBA WUMBA CHANGE BANJO INTO IN WITCHYWORLD?	위치월드에서 훔바 움바는 반조를 무엇으로 바꾸는가?	마녀랜드에서 훔바 움바는 반조를 무엇으로 바꾸는가?	지명 뜻으로(WITCHYWORLD=마녀랜드)
1939:0:0	05985	WHAT SPELL DOES MUMBO PERFORM IN WITCHYWORLD?	위치월드에서 맘보는 어떤 주문을 사용하는가?	마녀랜드에서 멈보는 어떤 주문을 사용하는가?	이름 통일(MUMBO=멈보, 카주이와 같게) / 지명 뜻으로(WITCHYWORLD=마녀랜드)
1939:0:1	05986	LIFE FORCE	라이프 포스	생명력	주문 이름 통일(LIFE FORCE=생명력)
193A:0:0	05990	WHAT IS WITCHYWORLD'S INFLATABLE CASTLE CALLED?	위치월드의 바람으로 부풀린 성 이름은?	마녀랜드의 바람으로 부풀린 성 이름은?	지명 뜻으로(WITCHYWORLD=마녀랜드)
193A:0:2	05992	FORT O' FUN	포트 오 펀	재미 요새	음역 대신 뜻으로(FORT O' FUN)
193A:0:3	05993	SILLY STOCKADE	실리 스톡케이드	바보 울타리	음역 대신 뜻으로(SILLY STOCKADE)
193B:0:0	05995	WHICH TWO AREAS OF WITCHYWORLD DOES THE CABLE CAR CONNECT?	위치월드의 케이블카는 어느 두 구역을 연결하는가?	마녀랜드의 케이블카는 어느 두 구역을 연결하는가?	지명 뜻으로(WITCHYWORLD=마녀랜드)
193B:0:1	05996	SPOOKY AND SPACE ZONES	스푸키 존과 스페이스 존	유령 구역과 우주 구역	구역 이름 뜻으로(곡 이름과 같게)
193B:0:2	05997	SPACE AND WILD WEST ZONES	스페이스 존과 와일드 웨스트 존	우주 구역과 서부 구역	구역 이름 뜻으로(곡 이름과 같게)
193B:0:3	05998	SPACE AND NO PARKING ZONES	스페이스 존과 주차 금지 구역	우주 구역과 주차 금지 구역	구역 이름 뜻으로(곡 이름과 같게)
193C:0:0	06000	WHICH CHARACTER WAS AN EXHIBIT IN WITCHYWORLD'S CAVE OF HORRORS?	위치월드의 공포의 동굴에 전시돼 있던 캐릭터는?	마녀랜드의 공포의 동굴에 전시돼 있던 캐릭터는?	지명 뜻으로(WITCHYWORLD=마녀랜드)
193D:0:0	06005	WHAT HAD MRS. BOGGY LOST IN WITCHYWORLD?	위치월드에서 보기 부인이 잃어버린 것은?	마녀랜드에서 보기 부인이 잃어버린 것은?	지명 뜻으로(WITCHYWORLD=마녀랜드)
193D:0:2	06007	HER BIG TOP TICKETS	빅탑 티켓	서커스 천막 티켓	지명 뜻으로(BIG TOP=서커스 천막)
193E:0:0	06010	WHERE IS THE JIGGY LOCATED IN WITCHYWORLD'S STAR SPINNER?	위치월드의 스타 스피너에서 지기는 어디에 있는가?	마녀랜드의 스타 스피너에서 지기는 어디에 있는가?	지명 뜻으로(WITCHYWORLD=마녀랜드)
193F:0:0	06015	WHAT HAPPENS INSIDE MADAME GRUNTY'S TENT IN WITCHYWORLD?	위치월드의 마담 그런티 텐트 안에서는 무슨 일이 일어나는가?	마녀랜드의 마담 그런티 텐트 안에서는 무슨 일이 일어나는가?	지명 뜻으로(WITCHYWORLD=마녀랜드)
193F:0:3	06018	FORTUNE TELLING	점보기	점 보기	띄어쓰기
1940:0:0	06020	WHAT COLOR IS WITCHYWORLD'S BIG TOP TENT?	위치월드의 빅탑 텐트는 무슨 색인가?	마녀랜드의 서커스 천막은 무슨 색인가?	지명 뜻으로(WITCHYWORLD=마녀랜드) / 지명 뜻으로(BIG TOP=서커스 천막)
1941:0:0	06025	WHAT IS WITCHYWORLD'S STRENGTH-BASED ATTRACTION CALLED?	위치월드의 힘 측정 놀이기구 이름은?	마녀랜드의 힘 측정 놀이기구 이름은?	지명 뜻으로(WITCHYWORLD=마녀랜드)
1941:0:1	06026	PONCHO OF POWER	판초 오브 파워	권능의 판초	음역 대신 뜻으로
1941:0:2	06027	CACTUS OF STRENGTH	캑터스 오브 스트렝스	힘의 선인장	이름 통일(CACTUS OF STRENGTH=힘의 선인장)
1941:0:3	06028	STAGECOACH OF MIGHT	스테이지코치 오브 마이트	위력의 역마차	음역 대신 뜻으로
1943:0:0	06035	WHAT SPELL CAN MUMBO NOT PERFORM?	맘보가 사용할 수 없는 주문은?	멈보가 사용할 수 없는 주문은?	이름 통일(MUMBO=멈보, 카주이와 같게)
1945:0:1	06046	SINGALONG	싱얼롱	씽얼롱	표기 통일(04037)
1945:0:2	06047	DINGALING	딩걸링	딩갈링	표기 통일(03897)
1945:0:3	06048	JINGALING	징걸링	징갈링	이름 통일(JINGALING=징갈링)
1947:0:0	06055	WHAT IS THE NAME OF THE PAWNBROKER IN JOLLY ROGER'S LAGOON?	졸리 로저스 라군의 전당포 주인 이름은?	졸리 로저의 석호의 전당포 주인 이름은?	지명 통일(JOLLY ROGER'S LAGOON=졸리 로저의 라군) / 지명 뜻으로(JOLLY ROGER'S LAGOON=졸리 로저의 석호)
1947:0:2	06057	PAWNO	폰노	포노	이름 통일(PAWNO=포노)
1948:0:0	06060	WHAT IS ON JOLLY'S MENU IN JOLLY ROGER'S LAGOON?	졸리 로저스 라군의 졸리네 메뉴에 있는 것은?	졸리 로저의 석호의 졸리네 메뉴에 있는 것은?	지명 통일(JOLLY ROGER'S LAGOON=졸리 로저의 라군) / 지명 뜻으로(JOLLY ROGER'S LAGOON=졸리 로저의 석호)
1949:0:0	06065	WHAT NAME IS ON THE LOCKER THAT YOU COULD ENTER IN JOLLY ROGER'S LAGOON?	졸리 로저스 라군에서 들어갈 수 있는 사물함에 적힌 이름은?	졸리 로저의 석호에서 들어갈 수 있는 사물함에 적힌 이름은?	지명 통일(JOLLY ROGER'S LAGOON=졸리 로저의 라군) / 지명 뜻으로(JOLLY ROGER'S LAGOON=졸리 로저의 석호)
194A:0:0	06070	WHICH AREA DOES NOT EXIST IN JOLLY ROGER'S LAGOON?	졸리 로저스 라군에 존재하지 않는 구역은?	졸리 로저의 석호에 존재하지 않는 구역은?	지명 통일(JOLLY ROGER'S LAGOON=졸리 로저의 라군) / 지명 뜻으로(JOLLY ROGER'S LAGOON=졸리 로저의 석호)
194A:0:3	06073	TEMPLE OF THE FISHES	물고기 신전	물고기 사원	지명 통일(TEMPLE OF THE FISHES=물고기 사원)
194B:0:0	06075	WHAT SPELL DOES MUMBO PERFORM IN JOLLY ROGER'S LAGOON?	졸리 로저스 라군에서 맘보는 어떤 주문을 사용하는가?	졸리 로저의 석호에서 멈보는 어떤 주문을 사용하는가?	이름 통일(MUMBO=멈보, 카주이와 같게) / 지명 통일(JOLLY ROGER'S LAGOON=졸리 로저의 라군) / 지명 뜻으로(JOLLY ROGER'S LAGOON=졸리 로저의 석호)
194B:0:3	06078	SUNLIGHT	선라이트	햇빛	주문 이름 통일(SUNLIGHT=햇빛)
194C:0:0	06080	WHAT OBJECT DID THE UFO ALIENS IN JOLLY ROGER'S LAGOON NOT CARRY?	졸리 로저스 라군의 UFO 외계인들이 가지고 있지 않던 물건은?	졸리 로저의 석호의 UFO 외계인들이 가지고 있지 않던 물건은?	지명 통일(JOLLY ROGER'S LAGOON=졸리 로저의 라군) / 지명 뜻으로(JOLLY ROGER'S LAGOON=졸리 로저의 석호)
194D:0:0	06085	WHAT WAS WRONG WITH THE ALIENS' UFO IN JOLLY ROGER'S LAGOON?	졸리 로저스 라군의 외계인 UFO에 생긴 문제는?	졸리 로저의 석호의 외계인 UFO에 생긴 문제는?	지명 통일(JOLLY ROGER'S LAGOON=졸리 로저의 라군) / 지명 뜻으로(JOLLY ROGER'S LAGOON=졸리 로저의 석호)
194E:0:0	06090	WHICH SEA-BASED CREATURE IS NOT SEEN IN JOLLY ROGER'S LAGOON?	졸리 로저스 라군에서 볼 수 없는 바다 생물은?	졸리 로저의 석호에서 볼 수 없는 바다 생물은?	지명 통일(JOLLY ROGER'S LAGOON=졸리 로저의 라군) / 지명 뜻으로(JOLLY ROGER'S LAGOON=졸리 로저의 석호)
194F:0:0	06095	WHAT IS THE NAME OF THE SEASICK PIRATE IN JOLLY'S?	졸리스의 뱃멀미하는 해적 이름은?	졸리네의 뱃멀미하는 해적 이름은?	이름 통일(JOLLY'S=졸리네)
1950:0:0	06100	WHAT WAS TIPTUP THE TURTLE'S PROBLEM IN JOLLY ROGER'S LAGOON?	졸리 로저스 라군에서 거북이 팁텁의 문제는?	졸리 로저의 석호에서 거북이 팁텁의 문제는?	지명 통일(JOLLY ROGER'S LAGOON=졸리 로저의 라군) / 지명 뜻으로(JOLLY ROGER'S LAGOON=졸리 로저의 석호)
1951:0:0	06105	WHICH OF THESE MOVES IS LEARNED IN JOLLY ROGER'S LAGOON?	졸리 로저스 라군에서 배우는 기술은?	졸리 로저의 석호에서 배우는 기술은?	지명 통일(JOLLY ROGER'S LAGOON=졸리 로저의 라군) / 지명 뜻으로(JOLLY ROGER'S LAGOON=졸리 로저의 석호)
1952:0:0	06110	WHAT WAS THE PIG IN THE CAGE IN JOLLY ROGER'S LAGOON TRYING TO DO?	졸리 로저스 라군의 우리에 갇힌 돼지가 하려던 일은?	졸리 로저의 석호의 우리에 갇힌 돼지가 하려던 일은?	지명 통일(JOLLY ROGER'S LAGOON=졸리 로저의 라군) / 지명 뜻으로(JOLLY ROGER'S LAGOON=졸리 로저의 석호)
1953:0:0	06115	HOW DO YOU GAIN ENTRY TO THE BIG FISH IN JOLLY ROGER'S LAGOON?	졸리 로저스 라군에서 큰 물고기 안으로 들어가려면 어떻게 해야 하는가?	졸리 로저의 석호에서 큰 물고기 안으로 들어가려면 어떻게 해야 하는가?	지명 통일(JOLLY ROGER'S LAGOON=졸리 로저의 라군) / 지명 뜻으로(JOLLY ROGER'S LAGOON=졸리 로저의 석호)
1954:0:0	06120	WHAT IS UNUSUAL ABOUT MUMBO'S SKULL AT JOLLY ROGER'S LAGOON?	졸리 로저스 라군에 있는 맘보의 해골에서 특이한 점은?	졸리 로저의 석호에 있는 멈보의 해골에서 특이한 점은?	이름 통일(MUMBO=멈보, 카주이와 같게) / 지명 통일(JOLLY ROGER'S LAGOON=졸리 로저의 라군) / 지명 뜻으로(JOLLY ROGER'S LAGOON=졸리 로저의 석호)
1954:0:1	06121	AN EVIL MUMBO LIVED THERE	사악한 맘보가 그곳에 살고 있었다	사악한 멈보가 그곳에 살고 있었다	이름 통일(MUMBO=멈보, 카주이와 같게)
1955:0:0	06125	WHAT ITEM DID THE PAWNBROKER AT JOLLY ROGER'S LAGOON HAVE FOR SALE?	졸리 로저스 라군의 전당포 주인이 팔던 물건은?	졸리 로저의 석호의 전당포 주인이 팔던 물건은?	지명 통일(JOLLY ROGER'S LAGOON=졸리 로저의 라군) / 지명 뜻으로(JOLLY ROGER'S LAGOON=졸리 로저의 석호)
1956:0:0	06130	WHAT PROBLEM DID THE SWIMMING POOL KIDS IN JOLLY ROGER'S LAGOON NOT HAVE?	졸리 로저스 라군의 수영장 아이들에게 없던 문제는?	졸리 로저의 석호의 수영장 아이들에게 없던 문제는?	지명 통일(JOLLY ROGER'S LAGOON=졸리 로저의 라군) / 지명 뜻으로(JOLLY ROGER'S LAGOON=졸리 로저의 석호)
1957:0:0	06135	WHAT DID THE NICE OOGLE CAVEMEN NEED IN TERRYDACTYLAND?	테리닥틸랜드의 착한 우글 원시인들에게 필요했던 것은?	익룡랜드의 착한 우글 원시인들에게 필요했던 것은?	지명 뜻으로(TERRYDACTYLAND=익룡랜드)
1958:0:0	06140	WHAT HAD TERRYDACTYLAND'S NASTY UNGA CAVEMEN STOLEN FROM MAYAHEM TEMPLE?	테리닥틸랜드의 못된 웅가 원시인들이 마야헴 신전에서 훔친 것은?	익룡랜드의 못된 웅가 원시인들이 마야 대혼란 사원에서 훔친 것은?	지명 통일(MAYAHEM TEMPLE=마야헴 사원) / 지명 뜻으로(MAYAHEM TEMPLE=마야 대혼란 사원) / 지명 뜻으로(TERRYDACTYLAND=익룡랜드)
1959:0:0	06145	WHAT IS THE NAME OF TERRYDACTYLAND'S TWO RIVAL CAVEMEN TRIBES?	테리닥틸랜드의 서로 적대하는 두 원시인 부족 이름은?	익룡랜드의 서로 적대하는 두 원시인 부족 이름은?	지명 뜻으로(TERRYDACTYLAND=익룡랜드)
195A:0:0	06150	WHAT GIANT-FOOTED DINOSAUR TRIES TO CRUSH YOU IN TERRYDACTYLAND?	테리닥틸랜드에서 거대한 발로 당신을 짓밟으려 하는 공룡은?	익룡랜드에서 거대한 발로 당신을 짓밟으려 하는 공룡은?	지명 뜻으로(TERRYDACTYLAND=익룡랜드)
195A:0:1	06151	CHOMPASAUR	촘파사우르	촘파사우루스	이름 통일(CHOMPASAUR=촘파사우루스)
195B:0:0	06155	WHICH AREA DOES NOT EXIST IN TERRYDACTYLAND?	테리닥틸랜드에 존재하지 않는 구역은?	익룡랜드에 존재하지 않는 구역은?	지명 뜻으로(TERRYDACTYLAND=익룡랜드)
195B:0:3	06158	STOMPING PLAINS	스톰핑 평원	쿵쾅 평원	지명 뜻으로(STOMPING PLAINS=쿵쾅 평원)
195C:0:0	06160	WHICH OF THESE WASN'T A PROBLEM THAT TERRYDACTYLAND'S DINOSAUR FAMILY KIDS HAD?	테리닥틸랜드의 공룡 가족 아이들에게 없던 문제는?	익룡랜드의 공룡 가족 아이들에게 없던 문제는?	지명 뜻으로(TERRYDACTYLAND=익룡랜드)
195D:0:0	06165	WHICH MOVE DOES BANJO ON HIS OWN LEARN IN TERRYDACTYLAND?	테리닥틸랜드에서 반조 혼자서 배우는 기술은?	익룡랜드에서 반조 혼자서 배우는 기술은?	지명 뜻으로(TERRYDACTYLAND=익룡랜드)
195D:0:1	06166	PACK WHACK	팩 왁	팩 왝	같은 원문 번역 통일(8A)
195E:0:0	06170	HOW MANY DIFFERENT SIZES OF T-REX ARE AVAILABLE IN TERRYDACTYLAND?	테리닥틸랜드에서 이용할 수 있는 티라노사우루스 크기는 몇 가지인가?	익룡랜드에서 이용할 수 있는 티라노사우루스 크기는 몇 가지인가?	지명 뜻으로(TERRYDACTYLAND=익룡랜드)
195F:0:0	06175	WHAT DID THE GIANT PTERODACTYL ACCUSE BANJO OF IN TERRYDACTYLAND?	테리닥틸랜드에서 거대한 익룡이 반조를 비난한 이유는?	익룡랜드에서 거대한 익룡이 반조를 비난한 이유는?	지명 뜻으로(TERRYDACTYLAND=익룡랜드)
1960:0:0	06180	WHAT IS WRONG WITH THE DINOSAUR WHO LIVED IN THE LAKE INSIDE TERRYDACTYLAND'S MOUNTAIN?	테리닥틸랜드의 산속 호수에 사는 공룡에게 생긴 문제는?	익룡랜드의 산속 호수에 사는 공룡에게 생긴 문제는?	지명 뜻으로(TERRYDACTYLAND=익룡랜드)
1961:0:0	06185	WHAT IS THE NAME OF THE DINOSAUR WHO LIVED IN TERRYDACTYLAND'S INTERIOR LAKE?	테리닥틸랜드의 안쪽 호수에 사는 공룡의 이름은?	익룡랜드의 안쪽 호수에 사는 공룡의 이름은?	지명 뜻으로(TERRYDACTYLAND=익룡랜드)
1961:0:1	06186	CHOMPASAUR	촘파사우르	촘파사우루스	이름 통일(CHOMPASAUR=촘파사우루스)
1961:0:2	06187	SCOFFASAUR	스코파사우르	스코파사우루스	표기
1962:0:0	06190	WHAT WAS WRONG WITH TERRYDACTYLAND'S DIPLODOCUS WHO LIVED IN A HOLE?	구멍 속에 사는 테리닥틸랜드의 디플로도쿠스에게 생긴 문제는?	구멍 속에 사는 익룡랜드의 디플로도쿠스에게 생긴 문제는?	지명 뜻으로(TERRYDACTYLAND=익룡랜드)
1963:0:0	06195	WHICH DINOSAUR TYPE IS NOT SEEN IN TERRYDACTYLAND?	테리닥틸랜드에서 볼 수 없는 공룡 종류는?	익룡랜드에서 볼 수 없는 공룡 종류는?	지명 뜻으로(TERRYDACTYLAND=익룡랜드)
1964:0:0	06200	WHAT SPELL DOES MUMBO PERFORM IN TERRYDACTYLAND?	테리닥틸랜드에서 맘보는 어떤 주문을 사용하는가?	익룡랜드에서 멈보는 어떤 주문을 사용하는가?	이름 통일(MUMBO=멈보, 카주이와 같게) / 지명 뜻으로(TERRYDACTYLAND=익룡랜드)
1964:0:2	06202	SUNLIGHT	선라이트	햇빛	주문 이름 통일(SUNLIGHT=햇빛)
1965:0:0	06205	WHAT IS THE NAME OF THE GIANT PTERODACTYL IN TERRYDACTYLAND?	테리닥틸랜드의 거대한 익룡 이름은?	익룡랜드의 거대한 익룡 이름은?	지명 뜻으로(TERRYDACTYLAND=익룡랜드)
1966:0:0	06210	WHAT TYPE OF DINOSAUR ARE TERRYDACTYLAND'S MOTHER AND THREE KIDS?	테리닥틸랜드의 엄마와 새끼 셋은 어떤 종류의 공룡인가?	익룡랜드의 엄마와 새끼 셋은 어떤 종류의 공룡인가?	지명 뜻으로(TERRYDACTYLAND=익룡랜드)
1966:0:2	06212	STYROFOAMUS	스티로폼어스	스티로포무스	표기(STYROFOAMUS)
1968:0:1	06221	KING JINGALING	징걸링 왕	징갈링 왕	이름 통일(JINGALING=징갈링)
1969:0:0	06225	WHICH OF THESE IS NOT AN AREA ON THE ISLE O' HAGS?	아일 오 해그스에 없는 구역은?	마녀섬에 없는 구역은?	지명 통일(해그 섬) / 지명 뜻으로(ISLE O' HAGS=마녀섬, 하스피)
1969:0:3	06228	FOREST GROVE	포레스트 그로브	나무 숲	음역 대신 뜻으로(FOREST GROVE — 소나무 숲과 짝)
196A:0:0	06230	WHICH OF THESE IS ONE OF BOTTLES' KIDS?	보틀즈의 자식 중 하나는?	보틀스의 자식 중 하나는?	이름 통일(BOTTLES=보틀스, 카주이와 같게)
196C:0:3	06243	SPEED	스피드	속도	음역 대신 뜻으로
196E:0:0	06250	HOW DO YOU TRAVEL TO CLOUD CUCKOOLAND?	클라우드 쿠쿠랜드로 가는 방법은?	구름 뻐꾸기 나라로 가는 방법은?	지명 뜻으로(CLOUD CUCKOOLAND=구름 뻐꾸기 나라)
196F:0:0	06255	WHY WAS WITCHYWORLD CLOSED?	위치월드가 문을 닫은 이유는?	마녀랜드가 문을 닫은 이유는?	지명 뜻으로(WITCHYWORLD=마녀랜드)
1970:0:0	06260	WHAT IS THE NAME OF THE RIDE OUTSIDE THE ENTRANCE TO WITCHYWORLD?	위치월드 입구 밖에 있는 놀이기구 이름은?	마녀랜드 입구 밖에 있는 놀이기구 이름은?	지명 뜻으로(WITCHYWORLD=마녀랜드)
1970:0:1	06261	FLUME OF DOOM	플룸 오브 둠	파멸의 급류	음역 대신 뜻으로(FLUME OF DOOM)
1970:0:2	06262	RIVER RAFT RAPIDS	리버 래프트 래피즈	강 래프팅 급류	음역 대신 뜻으로
1970:0:3	06263	CAULDRON CANYON	콜드런 캐니언	가마솥 협곡	음역 대신 뜻으로(가마솥 성과 같게)
1971:0:0	06265	WHAT IS THE NAME OF MUMBO'S CYBORG IMPERSONATOR?	맘보를 흉내 내는 사이보그의 이름은?	멈보를 흉내 내는 사이보그의 이름은?	이름 통일(MUMBO=멈보, 카주이와 같게)
1972:0:0	06270	WHICH GAME DOES NOT HAVE A REFRIGERATOR MAGNET IN THE WORKERS' QUARTERS IN GRUNTY INDUSTRIES?	그런티 인더스트리즈의 직원 숙소 냉장고 자석에 없는 게임은?	그런티 산업의 일꾼 숙소 냉장고 자석에 없는 게임은?	지명 뜻으로(GRUNTY INDUSTRIES=그런티 산업) / 용어 통일(WORKERS' QUARTERS=일꾼 숙소)
1973:0:0	06275	WHICH JET FORCE GEMINI CHARACTER CAN YOU FIND A POSTER OF IN GRUNTY INDUSTRIES?	그런티 인더스트리즈에서 포스터를 발견할 수 있는 제트 포스 제미니 캐릭터는?	그런티 산업에서 포스터를 발견할 수 있는 제트 포스 제미니 캐릭터는?	지명 뜻으로(GRUNTY INDUSTRIES=그런티 산업)
1974:0:0	06280	WHAT ARE THE NAMES OF MR. AND MRS. ICE CUBE IN HAILFIRE PEAKS?	헤일파이어 피크스의 아이스 큐브 부부 이름은?	불얼음 봉우리의 아이스 큐브 부부 이름은?	지명 뜻으로(HAILFIRE PEAKS=불얼음 봉우리)
1976:0:0	06290	IN THE WITCHYWORLD STAR SPINNER, HOW MANY STARS LEAD YOU UP TO THE MECHANICAL PLANET?	위치월드 스타 스피너에서 기계 행성까지 이어지는 별은 몇 개인가?	마녀랜드 스타 스피너에서 기계 행성까지 이어지는 별은 몇 개인가?	지명 뜻으로(WITCHYWORLD=마녀랜드)
1977:0:0	06295	IN GRUNTY INDUSTRIES, WHAT DO THE MEAN FACTORY WORKERS TRY TO WHACK YOU WITH?	그런티 인더스트리즈에서 심술궂은 공장 직원들이 당신을 때리려 하는 도구는?	그런티 산업에서 심술궂은 공장 일꾼들이 당신을 때리려 하는 도구는?	지명 뜻으로(GRUNTY INDUSTRIES=그런티 산업) / 용어 통일(FACTORY WORKERS=공장 일꾼)
1978:0:0	06300	WHICH IS A WEAPON USED BY THE FLAT BAD GUYS INSIDE CLOUD CUCKOOLAND'S CENTRAL CAVERN?	클라우드 쿠쿠랜드 중앙 동굴의 납작한 악당들이 쓰는 무기는?	구름 뻐꾸기 나라 중앙 동굴의 납작한 악당들이 쓰는 무기는?	지명 뜻으로(CLOUD CUCKOOLAND=구름 뻐꾸기 나라)
1978:0:1	06301	A CANDY CANE	캔디 케인	지팡이 사탕	음역 대신 뜻으로(CANDY CANE)
1979:0:0	06305	SINCE WHEN HAS SABREMAN BEEN FROZEN IN HIS BLOCK OF ICE IN HAILFIRE PEAKS?	헤일파이어 피크스에서 세이버맨이 얼음덩이에 갇힌 건 언제부터인가?	불얼음 봉우리에서 세이버맨이 얼음덩이에 갇힌 건 언제부터인가?	지명 뜻으로(HAILFIRE PEAKS=불얼음 봉우리)
197A:0:1	06311	GLITTER GULCH MINE	글리터 걸치 광산	반짝 협곡 광산	지명 뜻으로(GLITTER GULCH MINE=반짝 협곡 광산)
197A:0:2	06312	JOLLY ROGER'S LAGOON	졸리 로저스 라군	졸리 로저의 석호	지명 통일(JOLLY ROGER'S LAGOON=졸리 로저의 라군) / 지명 뜻으로(JOLLY ROGER'S LAGOON=졸리 로저의 석호)
197A:0:3	06313	TERRYDACTYLAND	테리닥틸랜드	익룡랜드	지명 뜻으로(TERRYDACTYLAND=익룡랜드)
197B:0:0	06315	APART FROM D. JONES, ALL THE LOCKERS IN JOLLY ROGER'S LAGOON DISPLAY NAMES OF WHOM?	D. 존스를 제외하면, 졸리 로저스 라군의 사물함에는 누구의 이름이 적혀 있는가?	D. 존스를 제외하면, 졸리 로저의 석호의 사물함에는 누구의 이름이 적혀 있는가?	지명 통일(JOLLY ROGER'S LAGOON=졸리 로저의 라군) / 지명 뜻으로(JOLLY ROGER'S LAGOON=졸리 로저의 석호)
197C:0:0	06320	IN JOLLY ROGER'S LAGOON, WHAT IS THE NAME OF THE WRECKED SHIP AT THE BOTTOM?	졸리 로저스 라군의 바닥에 가라앉은 난파선 이름은?	졸리 로저의 석호의 바닥에 가라앉은 난파선 이름은?	지명 통일(JOLLY ROGER'S LAGOON=졸리 로저의 라군) / 지명 뜻으로(JOLLY ROGER'S LAGOON=졸리 로저의 석호)
197D:0:0	06325	WHAT DRINK IS ON SALE AT JOLLY'S?	졸리스에서 파는 음료는?	졸리네에서 파는 음료는?	이름 통일(JOLLY'S=졸리네)
197D:0:3	06328	JOLLY'S JUICE	졸리스 주스	졸리네 주스	이름 통일(JOLLY'S=졸리네)
197F:0:0	06335	WHAT CAN BE FOUND IN THE ISLE O' HAGS QUAGMIRE AREA?	아일 오 해그스의 늪지대에서 찾을 수 있는 것은?	마녀섬의 늪지대에서 찾을 수 있는 것은?	지명 통일(해그 섬) / 지명 뜻으로(ISLE O' HAGS=마녀섬, 하스피)
197F:0:2	06337	A MUMBO SKULL	맘보 해골	멈보 해골	이름 통일(MUMBO=멈보, 카주이와 같게)
1980:0:1	06341	HAILFIRE PEAKS (LAVA SIDE)	헤일파이어 피크스（용암 쪽）	불얼음 봉우리（용암 쪽）	지명 뜻으로(HAILFIRE PEAKS=불얼음 봉우리)
1980:0:2	06342	HAILFIRE PEAKS (ICY SIDE)	헤일파이어 피크스（얼음 쪽）	불얼음 봉우리（얼음 쪽）	지명 뜻으로(HAILFIRE PEAKS=불얼음 봉우리)
1980:0:3	06343	GRUNTY INDUSTRIES	그런티 인더스트리즈	그런티 산업	지명 뜻으로(GRUNTY INDUSTRIES=그런티 산업)
1981:0:0	06345	WHAT LABEL WOULD YOU FIND ON THE BOTTLE INSIDE CLOUD CUCKOOLAND'S TRASH CAN?	클라우드 쿠쿠랜드 쓰레기통 안의 병에 적힌 라벨은?	구름 뻐꾸기 나라 쓰레기통 안의 병에 적힌 라벨은?	지명 뜻으로(CLOUD CUCKOOLAND=구름 뻐꾸기 나라)
1981:0:1	06346	WUMBA'S WATER	움바스 워터	움바의 물	음역 대신 뜻으로
1981:0:2	06347	JOLLY'S JUICE	졸리스 주스	졸리네 주스	이름 통일(JOLLY'S=졸리네)
1981:0:3	06348	MINGELLA'S MILK	밍겔라스 밀크	밍겔라의 우유	음역 대신 뜻으로
1982:0:0	06350	IN GRUNTY INDUSTRIES, WHAT IS WRONG WITH WELDAR THE WELDING TORCH?	그런티 인더스트리즈에서 용접 토치 웰다에게 생긴 문제는?	그런티 산업에서 용접 토치 웰다에게 생긴 문제는?	지명 뜻으로(GRUNTY INDUSTRIES=그런티 산업)
1983:0:0	06355	WHAT BRAND OF CANNED CARROTS IS FOUND IN CLOUD CUCKOOLAND'S TRASH CAN?	클라우드 쿠쿠랜드 쓰레기통에서 발견되는 당근 통조림 브랜드는?	구름 뻐꾸기 나라 쓰레기통에서 발견되는 당근 통조림 브랜드는?	지명 뜻으로(CLOUD CUCKOOLAND=구름 뻐꾸기 나라)
1983:0:1	06356	SPEW	스퓨	우웩	말장난(SPEW — 토하다)
1983:0:2	06357	PUKE	퓨크	토사물	말장난(PUKE)
1983:0:3	06358	HURL	헐	오바이트	말장난(HURL)
1984:0:0	06360	THE OIL PIPELINE IN THE GRUNTY INDUSTRIES WASTE DISPOSAL PLANT COMES FROM WHERE?	그런티 인더스트리즈 폐기물 처리장의 석유 파이프라인은 어디서 오는가?	그런티 산업 폐기물 처리장의 석유 파이프라인은 어디서 오는가?	지명 뜻으로(GRUNTY INDUSTRIES=그런티 산업)
1984:0:1	06361	JOLLY ROGER'S LAGOON	졸리 로저스 라군	졸리 로저의 석호	지명 통일(JOLLY ROGER'S LAGOON=졸리 로저의 라군) / 지명 뜻으로(JOLLY ROGER'S LAGOON=졸리 로저의 석호)
1984:0:2	06362	GLITTER GULCH MINE	글리터 걸치 광산	반짝 협곡 광산	지명 뜻으로(GLITTER GULCH MINE=반짝 협곡 광산)
1984:0:3	06363	HAILFIRE PEAKS	헤일파이어 피크스	불얼음 봉우리	지명 뜻으로(HAILFIRE PEAKS=불얼음 봉우리)
1985:0:0	06365	THE WATER PIPELINE IN THE GRUNTY INDUSTRIES WASTE DISPOSAL PLANT COMES FROM WHERE?	그런티 인더스트리즈 폐기물 처리장의 수도 파이프라인은 어디서 오는가?	그런티 산업 폐기물 처리장의 수도 파이프라인은 어디서 오는가?	지명 뜻으로(GRUNTY INDUSTRIES=그런티 산업)
1985:0:1	06366	JOLLY ROGER'S LAGOON	졸리 로저스 라군	졸리 로저의 석호	지명 통일(JOLLY ROGER'S LAGOON=졸리 로저의 라군) / 지명 뜻으로(JOLLY ROGER'S LAGOON=졸리 로저의 석호)
1985:0:2	06367	GLITTER GULCH MINE	글리터 걸치 광산	반짝 협곡 광산	지명 뜻으로(GLITTER GULCH MINE=반짝 협곡 광산)
1985:0:3	06368	HAILFIRE PEAKS	헤일파이어 피크스	불얼음 봉우리	지명 뜻으로(HAILFIRE PEAKS=불얼음 봉우리)
1986:0:0	06370	WHICH IS A WEAPON USED BY THE FLAT BAD GUYS INSIDE CLOUD CUCKOOLAND'S CENTRAL CAVERN?	클라우드 쿠쿠랜드 중앙 동굴의 납작한 악당들이 쓰는 무기는?	구름 뻐꾸기 나라 중앙 동굴의 납작한 악당들이 쓰는 무기는?	지명 뜻으로(CLOUD CUCKOOLAND=구름 뻐꾸기 나라)
1987:0:0	06375	WHAT DO YOU HAVE TO SHOOT INSIDE THE CHOMPASAUR'S BELLY IN TERRYDACTYLAND?	테리닥틸랜드에서 촘파사우르의 배 속에서 쏴야 하는 것은?	익룡랜드에서 촘파사우루스의 배 속에서 쏴야 하는 것은?	지명 뜻으로(TERRYDACTYLAND=익룡랜드) / 이름 통일(CHOMPASAUR=촘파사우루스)
1988:0:0	06380	WHY DID LOGGO COMPLAIN IN GRUNTY INDUSTRIES?	그런티 인더스트리즈에서 로고가 불평한 이유는?	그런티 산업에서 로고가 불평한 이유는?	지명 뜻으로(GRUNTY INDUSTRIES=그런티 산업)
198A:0:0	06390	HOW DID GOBI THE CAMEL HELP YOU ONCE HE'D REACHED HAILFIRE PEAKS?	낙타 고비가 헤일파이어 피크스에 도착한 뒤 당신을 도운 방법은?	낙타 고비가 불얼음 봉우리에 도착한 뒤 당신을 도운 방법은?	지명 뜻으로(HAILFIRE PEAKS=불얼음 봉우리)
198B:0:0	06395	WHAT IS THE NAME OF GRUNTY INDUSTRIES' BOSS CHARACTER?	그런티 인더스트리즈의 보스 캐릭터 이름은?	그런티 산업의 보스 캐릭터 이름은?	지명 뜻으로(GRUNTY INDUSTRIES=그런티 산업)
198C:0:0	06400	WHAT SPELL DOES MUMBO PERFORM IN GRUNTY INDUSTRIES?	그런티 인더스트리즈에서 맘보는 어떤 주문을 사용하는가?	그런티 산업에서 멈보는 어떤 주문을 사용하는가?	이름 통일(MUMBO=멈보, 카주이와 같게) / 지명 뜻으로(GRUNTY INDUSTRIES=그런티 산업)
198C:0:3	06403	EMP	EMP	전자기 펄스	주문 이름 통일(EMP=전자기 펄스)
198D:0:0	06405	WHICH OF THESE IS AN AREA IN GRUNTY INDUSTRIES?	그런티 인더스트리즈에 있는 구역은?	그런티 산업에 있는 구역은?	지명 뜻으로(GRUNTY INDUSTRIES=그런티 산업)
198E:0:0	06410	WHICH OF THESE ISN'T AN AREA IN GRUNTY INDUSTRIES?	그런티 인더스트리즈에 없는 구역은?	그런티 산업에 없는 구역은?	지명 뜻으로(GRUNTY INDUSTRIES=그런티 산업)
198E:0:1	06411	AIR CONDITIONING PLANT	공조 설비	공조 설비실	지명 통일(05364)
198E:0:2	06412	GENERATOR PLANT	발전 설비	발전 설비실	지명 통일
198E:0:3	06413	BOILER PLANT	보일러 설비	보일러실	지명 통일(05359)
198F:0:0	06415	HOW MANY FLOORS DOES GRUNTY INDUSTRIES' SERVICE ELEVATOR STOP AT?	그런티 인더스트리즈의 업무용 엘리베이터는 몇 층에 서는가?	그런티 산업의 업무용 엘리베이터는 몇 층에 서는가?	지명 뜻으로(GRUNTY INDUSTRIES=그런티 산업)
1990:0:0	06420	WHAT BRAND OF BATTERY IS USED TO OPEN THE BATTERY-OPERATED DOORS IN GRUNTY INDUSTRIES?	그런티 인더스트리즈의 배터리식 문을 여는 데 쓰이는 배터리 브랜드는?	그런티 산업의 배터리식 문을 여는 데 쓰이는 배터리 브랜드는?	지명 뜻으로(GRUNTY INDUSTRIES=그런티 산업)
1991:0:0	06425	WHAT IS AT THE VERY TOP OF THE LIFT SHAFT IN GRUNTY INDUSTRIES?	그런티 인더스트리즈 승강기 통로 맨 위에 있는 것은?	그런티 산업 승강기 통로 맨 위에 있는 것은?	지명 뜻으로(GRUNTY INDUSTRIES=그런티 산업)
1992:0:0	06430	HOW MANY CHIMNEYS DOES THE FACTORY HAVE IN GRUNTY INDUSTRIES?	그런티 인더스트리즈의 공장에는 굴뚝이 몇 개 있는가?	그런티 산업의 공장에는 굴뚝이 몇 개 있는가?	지명 뜻으로(GRUNTY INDUSTRIES=그런티 산업)
1993:0:0	06435	WHAT IS THE COLOR OF THE POWER CABLE THAT POWERED THE BOSS ROOM'S DOOR IN GRUNTY INDUSTRIES?	그런티 인더스트리즈에서 보스 방 문에 전원을 공급하는 전선 색은?	그런티 산업에서 보스 방 문에 전원을 공급하는 전선 색은?	지명 뜻으로(GRUNTY INDUSTRIES=그런티 산업)
1994:0:0	06440	WHAT ITEM OF CLOTHING DOES BANJO THE WASHING MACHINE FIRE IN GRUNTY INDUSTRIES?	그런티 인더스트리즈에서 세탁기 반조가 발사하는 옷은?	그런티 산업에서 세탁기 반조가 발사하는 옷은?	지명 뜻으로(GRUNTY INDUSTRIES=그런티 산업)
1995:0:0	06445	WHICH IS NOT A CABLE COLOR IN GRUNTY INDUSTRIES' CABLE ROOM?	그런티 인더스트리즈의 케이블 룸에 없는 케이블 색은?	그런티 산업의 케이블실에 없는 케이블 색은?	지명 뜻으로(GRUNTY INDUSTRIES=그런티 산업) / 지명 통일(CABLE ROOM=케이블실)
1996:0:0	06450	WHAT IS BLOCKING THE VENTS IN GRUNTY INDUSTRIES' SEWER SYSTEM?	그런티 인더스트리즈 하수 시스템의 환기구를 막고 있는 것은?	그런티 산업 하수 시스템의 환기구를 막고 있는 것은?	지명 뜻으로(GRUNTY INDUSTRIES=그런티 산업)
1997:0:0	06455	WHAT IS WRITTEN ON THE ELECTROMAGNET COVER IN GRUNTY INDUSTRIES?	그런티 인더스트리즈의 전자석 덮개에 적힌 문구는?	그런티 산업의 전자석 덮개에 적힌 문구는?	지명 뜻으로(GRUNTY INDUSTRIES=그런티 산업)
1998:0:0	06460	WHAT PRESSURE LEVEL IS SHOWN ON THE EXTERIOR DIALS OF GRUNTY INDUSTRIES' TRASH COMPACTOR?	그런티 인더스트리즈 쓰레기 압축기 외부 계기판에 표시된 압력 수치는?	그런티 산업 쓰레기 압축기 외부 계기판에 표시된 압력 수치는?	지명 뜻으로(GRUNTY INDUSTRIES=그런티 산업)
1999:0:0	06465	WHAT IS UNUSUAL ABOUT MUMBO'S SKULL IN GRUNTY INDUSTRIES?	그런티 인더스트리즈에 있는 맘보의 해골에서 특이한 점은?	그런티 산업에 있는 멈보의 해골에서 특이한 점은?	이름 통일(MUMBO=멈보, 카주이와 같게) / 지명 뜻으로(GRUNTY INDUSTRIES=그런티 산업)
199A:0:0	06470	WHAT IS THE COLOR OF THE REVOLVING LIGHTS IN FLOOR 3 OF GRUNTY INDUSTRIES?	그런티 인더스트리즈 3층의 회전 조명 색은?	그런티 산업 3층의 회전 조명 색은?	지명 뜻으로(GRUNTY INDUSTRIES=그런티 산업)
199B:0:0	06475	WHAT IS PACKED IN GRUNTY INDUSTRIES' PACKING ROOM?	그런티 인더스트리즈의 포장실에서 포장하는 것은?	그런티 산업의 포장실에서 포장하는 것은?	지명 뜻으로(GRUNTY INDUSTRIES=그런티 산업)
199B:0:3	06478	TWINKLIES	트윙클리	반짝이	이름 통일(TWINKLIES=반짝이, 대사 쪽 표기)
199C:0:0	06480	WHAT IS THE MAIN DANGER IN GRUNTY INDUSTRIES' QUALITY CONTROL?	그런티 인더스트리즈 품질관리실의 주된 위험은?	그런티 산업 품질관리실의 주된 위험은?	지명 뜻으로(GRUNTY INDUSTRIES=그런티 산업)
199D:0:0	06485	HOW MANY DIFFERENT WAYS INTO THE FACTORY IN GRUNTY INDUSTRIES ARE THERE?	그런티 인더스트리즈 공장으로 들어가는 방법은 몇 가지인가?	그런티 산업 공장으로 들어가는 방법은 몇 가지인가?	지명 뜻으로(GRUNTY INDUSTRIES=그런티 산업)
199E:0:0	06490	WHAT IS AT THE TOP OF GRUNTY INDUSTRIES' CHIMNEY STACK?	그런티 인더스트리즈 굴뚝 꼭대기에 있는 것은?	그런티 산업 굴뚝 꼭대기에 있는 것은?	지명 뜻으로(GRUNTY INDUSTRIES=그런티 산업)
199E:0:1	06491	JAMJARS	잼 항아리	잼자스	같은 원문 번역 통일(8A)
199F:0:1	06496	GRUNTY INDUSTRIES	그런티 인더스트리즈	그런티 산업	지명 뜻으로(GRUNTY INDUSTRIES=그런티 산업)
199F:0:2	06497	WITCHYWORKS, INC.	위치웍스 주식회사	마녀공업 주식회사	음역 대신 뜻으로
199F:0:3	06498	WITCH INDUSTRIALS	위치 인더스트리얼스	마녀 공업사	음역 대신 뜻으로
19A0:0:0	06500	ON HAILFIRE PEAKS, HOW MANY DIFFERENT SIZES OF BANJO THE SNOWBALL ARE THERE?	헤일파이어 피크스에서 눈덩이 반조의 크기는 몇 가지인가?	불얼음 봉우리에서 눈덩이 반조의 크기는 몇 가지인가?	지명 뜻으로(HAILFIRE PEAKS=불얼음 봉우리)
19A1:0:0	06505	HOW MANY ALIEN KIDS ON HAILFIRE PEAKS WERE THERE?	헤일파이어 피크스에는 외계인 아이가 몇 명 있었는가?	불얼음 봉우리에는 외계인 아이가 몇 명 있었는가?	지명 뜻으로(HAILFIRE PEAKS=불얼음 봉우리)
19A2:0:0	06510	WHAT SPELL DOES MUMBO PERFORM IN HAILFIRE PEAKS?	헤일파이어 피크스에서 맘보는 어떤 주문을 사용하는가?	불얼음 봉우리에서 멈보는 어떤 주문을 사용하는가?	이름 통일(MUMBO=멈보, 카주이와 같게) / 지명 뜻으로(HAILFIRE PEAKS=불얼음 봉우리)
19A2:0:1	06511	LIFE FORCE	라이프 포스	생명력	주문 이름 통일(LIFE FORCE=생명력)
19A2:0:2	06512	SUNLIGHT	선라이트	햇빛	주문 이름 통일(SUNLIGHT=햇빛)
19A2:0:3	06513	STORMCLOUD	폭풍구름	먹구름	주문 이름 뜻으로(STORMCLOUD)
19A3:0:0	06515	WHICH OF THESE IS AN AREA IN HAILFIRE PEAKS?	헤일파이어 피크스에 있는 구역은?	불얼음 봉우리에 있는 구역은?	지명 뜻으로(HAILFIRE PEAKS=불얼음 봉우리)
19A3:0:3	06518	CRYSTAL CAVERNS	크리스탈 동굴	수정 동굴	음역 대신 뜻으로
19A4:0:0	06520	WHICH OF THESE ISN'T AN AREA IN HAILFIRE PEAKS?	헤일파이어 피크스에 없는 구역은?	불얼음 봉우리에 없는 구역은?	지명 뜻으로(HAILFIRE PEAKS=불얼음 봉우리)
19A5:0:0	06525	WHAT IS THE NAME OF THE BIG-FOOTED YETI IN HAILFIRE PEAKS?	헤일파이어 피크스의 발 큰 예티 이름은?	불얼음 봉우리의 발 큰 예티 이름은?	지명 뜻으로(HAILFIRE PEAKS=불얼음 봉우리)
19A5:0:2	06527	CLUBBAFOOT	클럽어풋	클러버풋	표기(CLUBBAFOOT)
19A6:0:0	06530	WHAT IS THE NAME OF A DRAGON BOSS BROTHER IN HAILFIRE PEAKS?	헤일파이어 피크스의 드래곤 보스 형제 중 한 명의 이름은?	불얼음 봉우리의 드래곤 보스 형제 중 한 명의 이름은?	지명 뜻으로(HAILFIRE PEAKS=불얼음 봉우리)
19A6:0:3	06533	HOTTIE TOTTIE	하티 타티	핫티 토티	표기(HOTTIE TOTTIE)
19A7:0:0	06535	WHAT DOES HAILFIRE PEAKS' OIL DRILL UNEARTH?	헤일파이어 피크스의 석유 시추기가 캐내는 것은?	불얼음 봉우리의 석유 시추기가 캐내는 것은?	지명 뜻으로(HAILFIRE PEAKS=불얼음 봉우리)
19A8:0:0	06540	WHAT MINIATURE DOLL IS ONE OF THE ALIEN KIDS HOLDING ON HAILFIRE PEAKS?	헤일파이어 피크스에서 외계인 아이 하나가 들고 있는 미니어처 인형은?	불얼음 봉우리에서 외계인 아이 하나가 들고 있는 미니어처 인형은?	지명 뜻으로(HAILFIRE PEAKS=불얼음 봉우리)
19A8:0:2	06542	MUMBO	맘보	멈보	이름 통일(MUMBO=멈보, 카주이와 같게)
19A9:0:0	06545	WHAT OBJECT IS THE ALIEN GIRL HOLDING IN HAILFIRE PEAKS?	헤일파이어 피크스에서 외계인 소녀가 들고 있는 물건은?	불얼음 봉우리에서 외계인 소녀가 들고 있는 물건은?	지명 뜻으로(HAILFIRE PEAKS=불얼음 봉우리)
19AA:0:0	06550	WHAT DOES BOGGY THE POLAR BEAR WANT TO EAT IN HAILFIRE PEAKS?	헤일파이어 피크스에서 북극곰 보기가 먹고 싶어하는 것은?	불얼음 봉우리에서 북극곰 보기가 먹고 싶어하는 것은?	지명 뜻으로(HAILFIRE PEAKS=불얼음 봉우리)
19AB:0:0	06555	WHAT WALL-DWELLING FIERY OBJECT ATTACKS YOU IN HAILFIRE PEAKS?	헤일파이어 피크스에서 벽에 사는 불타는 물체가 당신을 공격하는데, 그 정체는?	불얼음 봉우리에서 벽에 사는 불타는 물체가 당신을 공격하는데, 그 정체는?	지명 뜻으로(HAILFIRE PEAKS=불얼음 봉우리)
19AC:0:0	06560	WHAT GAME IS PLAYED IN HAILFIRE PEAKS' COLOSSEUM?	헤일파이어 피크스의 콜로세움에서 하는 게임은?	불얼음 봉우리의 콜로세움에서 하는 게임은?	지명 뜻으로(HAILFIRE PEAKS=불얼음 봉우리)
19AD:0:0	06565	WHAT IS THE COLOR OF BOGGY THE POLAR BEAR'S BEDSPREAD IN HIS HAILFIRE PEAKS IGLOO?	헤일파이어 피크스 이글루에 있는 북극곰 보기의 침대보 색은?	불얼음 봉우리 이글루에 있는 북극곰 보기의 침대보 색은?	지명 뜻으로(HAILFIRE PEAKS=불얼음 봉우리)
19AE:0:0	06570	WHY COULDN'T CHUFFY THE TRAIN TRAVEL TO THE ICE SIDE OF HAILFIRE PEAKS?	기차 처피가 헤일파이어 피크스의 얼음 쪽으로 갈 수 없었던 이유는?	기차 처피가 불얼음 봉우리의 얼음 쪽으로 갈 수 없었던 이유는?	지명 뜻으로(HAILFIRE PEAKS=불얼음 봉우리)
19AF:0:0	06575	WHICH ITEM ISN'T FOUND IN AN ICE CUBE IN HAILFIRE PEAKS?	헤일파이어 피크스의 얼음 덩어리 안에 없는 아이템은?	불얼음 봉우리의 얼음 덩어리 안에 없는 아이템은?	지명 뜻으로(HAILFIRE PEAKS=불얼음 봉우리)
19B0:0:0	06580	HOW MANY ICICLES FALL FROM THE ICICLE GROTTO ROOF IN HAILFIRE PEAKS?	헤일파이어 피크스의 고드름 동굴 천장에서 떨어지는 고드름은 몇 개인가?	불얼음 봉우리의 고드름 동굴 천장에서 떨어지는 고드름은 몇 개인가?	지명 뜻으로(HAILFIRE PEAKS=불얼음 봉우리)
19B1:0:0	06585	WHAT IS THE NAME OF THE FROZEN EXPLORER IN HAILFIRE PEAKS?	헤일파이어 피크스에서 얼어붙은 탐험가의 이름은?	불얼음 봉우리에서 얼어붙은 탐험가의 이름은?	지명 뜻으로(HAILFIRE PEAKS=불얼음 봉우리)
19B1:0:2	06587	CUTLASS GUY	커틀러스 가이	커틀러스맨	말장난(SABREMAN 짝 — 칼 이름+맨)
19B1:0:3	06588	DAGGERCHAP	대거챕	대거맨	말장난(SABREMAN 짝 — 칼 이름+맨)
19B3:0:1	06596	FLUFFY CLOUDLAND 	플러피 클라우드랜드	포근 구름 나라	음역 대신 뜻으로(구름 뻐꾸기 나라와 짝)
19B3:0:2	06597	CLOUD KINGDOM	클라우드 킹덤	구름 왕국	음역 대신 뜻으로
19B3:0:3	06598	CLOUD CUCKOOLAND	클라우드 쿠쿠랜드	구름 뻐꾸기 나라	지명 뜻으로(CLOUD CUCKOOLAND=구름 뻐꾸기 나라)
19B4:0:0	06600	WHAT SPELL DOES MUMBO PERFORM IN CLOUD CUCKOOLAND?	클라우드 쿠쿠랜드에서 뭄보가 거는 주문은?	구름 뻐꾸기 나라에서 멈보가 거는 주문은?	지명 뜻으로(CLOUD CUCKOOLAND=구름 뻐꾸기 나라) / 이름 통일(MUMBO=멈보)
19B5:0:0	06605	WHAT IS THE NAME OF CLOUD CUCKOOLAND'S ATHLETE?	클라우드 쿠쿠랜드의 운동선수 이름은?	구름 뻐꾸기 나라의 운동선수 이름은?	지명 뜻으로(CLOUD CUCKOOLAND=구름 뻐꾸기 나라)
19B6:0:0	06610	WHICH EVENT WOULD YOU NOT COMPETE IN AGAINST CLOUD CUCKOOLAND'S ATHLETE?	클라우드 쿠쿠랜드의 운동선수와 겨루지 않는 종목은?	구름 뻐꾸기 나라의 운동선수와 겨루지 않는 종목은?	지명 뜻으로(CLOUD CUCKOOLAND=구름 뻐꾸기 나라)
19B7:0:0	06615	WHICH OF THESE OBJECTS ISN'T IN CLOUD CUCKOOLAND?	다음 중 클라우드 쿠쿠랜드에 없는 물건은?	다음 중 구름 뻐꾸기 나라에 없는 물건은?	지명 뜻으로(CLOUD CUCKOOLAND=구름 뻐꾸기 나라)
19B8:0:0	06620	BY WHICH METHOD COULD YOU TRAVEL AROUND CLOUD CUCKOOLAND?	클라우드 쿠쿠랜드를 돌아다니는 방법은?	구름 뻐꾸기 나라를 돌아다니는 방법은?	지명 뜻으로(CLOUD CUCKOOLAND=구름 뻐꾸기 나라)
19B9:0:0	06625	HOW MANY JIGGIES DO YOU HAVE TO SHOOT IN CLOUD CUCKOOLAND'S POT O' GOLD GAME TO WIN A CHEATO PAGE?	클라우드 쿠쿠랜드의 황금 단지 게임에서 치토 페이지를 얻으려면 지기를 몇 개 맞혀야 할까?	구름 뻐꾸기 나라의 황금 항아리 게임에서 치토 페이지를 얻으려면 지기를 몇 개 맞혀야 할까?	지명 뜻으로(CLOUD CUCKOOLAND=구름 뻐꾸기 나라) / 용어 통일(POT O' GOLD=황금 항아리)
19BA:0:0	06630	WHAT CAN BE RACED AROUND CLOUD CUCKOOLAND?	클라우드 쿠쿠랜드에서 경주할 수 있는 것은?	구름 뻐꾸기 나라에서 경주할 수 있는 것은?	지명 뜻으로(CLOUD CUCKOOLAND=구름 뻐꾸기 나라)
19BB:0:0	06635	WHAT'S FOUND INSIDE CLOUD CUCKOOLAND'S CHEESE WEDGE?	클라우드 쿠쿠랜드의 치즈 조각 안에서 발견되는 것은?	구름 뻐꾸기 나라의 치즈 조각 안에서 발견되는 것은?	지명 뜻으로(CLOUD CUCKOOLAND=구름 뻐꾸기 나라)
19BC:0:0	06640	WHAT'S FOUND INSIDE CLOUD CUCKOOLAND'S POT O' GOLD?	클라우드 쿠쿠랜드의 황금 단지 안에서 발견되는 것은?	구름 뻐꾸기 나라의 황금 항아리 안에서 발견되는 것은?	지명 뜻으로(CLOUD CUCKOOLAND=구름 뻐꾸기 나라) / 용어 통일(POT O' GOLD=황금 항아리)
19BC:0:1	06641	JAMJARS' SECRET ABILITY	잼자의 비밀 능력	잼자스의 비밀 능력	이름 통일(JAMJARS=잼자스)
19BD:0:0	06645	WHAT IS THE FULL NAME OF CLOUD CUCKOOLAND'S FLOATER CREATURE?	클라우드 쿠쿠랜드의 떠다니는 생물체의 전체 이름은?	구름 뻐꾸기 나라의 떠다니는 생물체의 전체 이름은?	지명 뜻으로(CLOUD CUCKOOLAND=구름 뻐꾸기 나라)
19BE:0:0	06650	WHAT IS THE NAME OF CLOUD CUCKOOLAND'S TALKING SAFE?	클라우드 쿠쿠랜드의 말하는 금고 이름은?	구름 뻐꾸기 나라의 말하는 금고 이름은?	지명 뜻으로(CLOUD CUCKOOLAND=구름 뻐꾸기 나라)
19BF:0:0	06655	WHAT IS THE COMBINATION OF CLOUD CUCKOOLAND'S TALKING SAFE?	클라우드 쿠쿠랜드의 말하는 금고 비밀번호는?	구름 뻐꾸기 나라의 말하는 금고 비밀번호는?	지명 뜻으로(CLOUD CUCKOOLAND=구름 뻐꾸기 나라)
19C0:0:0	06660	WHAT BRAND OF FOOD CONTAINER IS NOT SEEN IN CLOUD CUCKOOLAND'S TRASH CAN?	클라우드 쿠쿠랜드의 쓰레기통에서 볼 수 없는 식품 용기 브랜드는?	구름 뻐꾸기 나라의 쓰레기통에서 볼 수 없는 식품 용기 브랜드는?	지명 뜻으로(CLOUD CUCKOOLAND=구름 뻐꾸기 나라)
19C1:0:0	06665	WHICH BANJO-KAZOOIE CHARACTER IS FOUND ON THE SIDE OF THE MILK CARTON IN CLOUD CUCKOOLAND'S TRASH CAN?	클라우드 쿠쿠랜드 쓰레기통의 우유팩 옆면에 나오는 반조-카주이 캐릭터는?	구름 뻐꾸기 나라 쓰레기통의 우유팩 옆면에 나오는 반조-카주이 캐릭터는?	지명 뜻으로(CLOUD CUCKOOLAND=구름 뻐꾸기 나라)
19C1:0:1	06666	MR. VILE	미스터 바일	바일 씨	이름 통일(반조-카주이 MR. VILE=바일 씨)
19C2:0:0	06670	WHO HAS A GERM PROBLEM IN HIS CLOUD CUCKOOLAND TRASH CAN?	클라우드 쿠쿠랜드 쓰레기통에서 세균 문제를 겪고 있는 건 누구?	구름 뻐꾸기 나라 쓰레기통에서 세균 문제를 겪고 있는 건 누구?	지명 뜻으로(CLOUD CUCKOOLAND=구름 뻐꾸기 나라)
19C3:0:0	06675	WHAT DID THE ZUBBA WANT YOU TO DO IN HIS HIVE ON CLOUD CUCKOOLAND?	클라우드 쿠쿠랜드의 벌집에서 저바가 시킨 일은?	구름 뻐꾸기 나라의 벌집에서 주바가 시킨 일은?	이름 통일(ZUBBA=주바) / 지명 뜻으로(CLOUD CUCKOOLAND=구름 뻐꾸기 나라)
19C4:0:0	06680	WHICH OF THESE AREAS IS HOME TO GUFFO IN CLOUD CUCKOOLAND?	클라우드 쿠쿠랜드에서 구포가 사는 곳은?	구름 뻐꾸기 나라에서 구포가 사는 곳은?	지명 뜻으로(CLOUD CUCKOOLAND=구름 뻐꾸기 나라)
19C5:0:0	06685	WHICH CHARACTER FIRST SEEN ON AN EARLIER WORLD MADE A CLOUD CUCKOOLAND REAPPEARANCE?	이전 월드에서 처음 등장했다가 클라우드 쿠쿠랜드에 다시 나타난 캐릭터는?	이전 월드에서 처음 등장했다가 구름 뻐꾸기 나라에 다시 나타난 캐릭터는?	지명 뜻으로(CLOUD CUCKOOLAND=구름 뻐꾸기 나라)
19C5:0:3	06688	CANARY MARY	카나리 메리	카나리아 메리	이름 통일(CANARY MARY=카나리아 메리)
19C6:0:0	06690	WHAT IS AT THE VERY TOP OF CLOUD CUCKOOLAND?	클라우드 쿠쿠랜드 맨 꼭대기에 있는 것은?	구름 뻐꾸기 나라 맨 꼭대기에 있는 것은?	지명 뜻으로(CLOUD CUCKOOLAND=구름 뻐꾸기 나라)
19C7:0:0	06695	HOW MANY WAYS ARE THERE INTO CLOUD CUCKOOLAND'S CENTRAL CAVERN?	클라우드 쿠쿠랜드의 중앙 동굴로 들어가는 길은 몇 개?	구름 뻐꾸기 나라의 중앙 동굴로 들어가는 길은 몇 개?	지명 뜻으로(CLOUD CUCKOOLAND=구름 뻐꾸기 나라)
19C8:0:0	06700	WHAT COLOR IS CLOUD CUCKOOLAND'S JELLY CASTLE?	클라우드 쿠쿠랜드의 젤리 성은 무슨 색?	구름 뻐꾸기 나라의 젤리 성은 무슨 색?	지명 뜻으로(CLOUD CUCKOOLAND=구름 뻐꾸기 나라)
19CC:0:0	06720	WHO LIVES IN HONEY B'S HIVE?	허니비의 벌집에는 누가 살까?	허니 비의 벌집에는 누가 살까?	이름 통일(HONEY B=허니 비)
19CC:0:1	06721	HONEY B	허니비	허니 비	이름 통일(HONEY B=허니 비)
19CE:0:3	06733	IN A THRONE ROOM	왕좌의 방	알현실	용어 통일(THRONE ROOM=알현실)
19CF:0:1	06736	JIGSAW-SHAPED	조각 퍼즐 모양	지그소 퍼즐 모양	어휘
19D0:0:1	06741	GIVES MUMBO SPELLS	뭄보에게 주문을 준다	멈보에게 주문을 준다	이름 통일(MUMBO=멈보)
19D1:0:0	06745	HOW DOES BANJO GET INSIDE THE KICKBALL STADIUM IN MAYAHEM TEMPLE?	마야헴 신전에서 반조는 어떻게 킥볼 경기장 안으로 들어갈까?	마야 대혼란 사원에서 반조는 어떻게 킥볼 경기장 안으로 들어갈까?	지명 통일(MAYAHEM TEMPLE=마야헴 사원) / 지명 뜻으로(MAYAHEM TEMPLE=마야 대혼란 사원)
19D2:0:0	06750	WHAT IS THE NAME OF THE BIRD-LIKE CHARACTER IN GLITTER GULCH MINE?	글리터 걸치 광산의 새처럼 생긴 캐릭터 이름은?	반짝 협곡 광산의 새처럼 생긴 캐릭터 이름은?	지명 뜻으로(GLITTER GULCH MINE=반짝 협곡 광산)
19D2:0:1	06751	CANARY MARY	카나리 메리	카나리아 메리	이름 통일(CANARY MARY=카나리아 메리)
19D3:0:3	06758	LORD WOO FAK FAK	우팍팍 경	우 팍 팍 경	이름 통일(WOO FAK FAK=우 팍 팍)
19D4:0:0	06760	WHAT IS TARGITZAN THE MAYAN GOD OF?	마야 신 타르기잔은 무엇을 관장하는 신일까?	마야 신 타깃잔은 무엇을 관장하는 신일까?	이름 통일(TARGITZAN=타깃잔)
19D4:0:1	06761	TIDDLYWINKS	티들리윙크스	딱지치기	현지화(TIDDLYWINKS)
19D8:0:0	06780	HOW MANY DAUGHTERS DID TIPTUP HAVE IN JOLLY ROGER'S LAGOON?	졸리 로저의 호수에서 팁턴은 딸이 몇 명?	졸리 로저의 석호에서 팁텁은 딸이 몇 명?	지명 통일(JOLLY ROGER'S LAGOON=졸리 로저의 석호) / 이름 통일(TIPTUP=팁텁)
19D9:0:0	06785	WHAT WAS WRONG WITH THE PIRATE IN JOLLY'S?	졸리 가게의 해적한테 무슨 문제가 있었나?	졸리네의 해적한테 무슨 문제가 있었나?	이름 통일(JOLLY'S=졸리네)
19DA:0:0	06790	WHAT DOES BLUBBER RENT OUT FROM HIS WAVERACER SHOP IN JOLLY ROGER'S LAGOON?	졸리 로저의 호수에서 블러버가 수상 바이크 가게에서 대여해 주는 것은?	졸리 로저의 석호에서 블러버가 웨이브레이서 가게에서 대여해 주는 것은?	지명 통일(JOLLY ROGER'S LAGOON=졸리 로저의 석호) / 이름 통일(WAVERACER=웨이브레이서)
19DA:0:3	06793	WAVERACERS	수상 바이크	웨이브레이서	이름 통일(WAVERACER=웨이브레이서)
19DB:0:0	06795	WHAT FALLS FROM THE ICICLE GROTTO ROOF IN HAILFIRE PEAKS?	헤일파이어 피크스의 고드름 동굴 천장에서 떨어지는 것은?	불얼음 봉우리의 고드름 동굴 천장에서 떨어지는 것은?	지명 뜻으로(HAILFIRE PEAKS=불얼음 봉우리)
19DC:0:0	06800	WHAT HASN'T MUMBO JUMBO GOT IN HIS SKULL?	뭄보 점보의 해골 안에 없는 것은?	멈보 점보의 해골 안에 없는 것은?	이름 통일(MUMBO=멈보)
19DE:0:0	06810	WHAT DOES MUMBO JUMBO THE SHAMAN LIVE IN?	주술사 뭄보 점보는 어디에 살까?	주술사 멈보 점보는 어디에 살까?	이름 통일(MUMBO=멈보)
19E2:0:0	06830	WHICH OF THE BANJO-ONLY MOVES IS ACTIVATED BY HOLDING {81} AND PRESSING {82}?	{81}을 누른 채로 {82}를 누르면 나오는 반조 전용 기술은?	{81}을 누른 채로 {82}을 누르면 나오는 반조 전용 기술은?	버튼 아이콘 뒤 조사 통일(«버튼»으로 읽어 을·으로·과)
19E2:0:1	06831	PACK WHACK	팩 왹	팩 왝	같은 원문 번역 통일(8A)
19E5:0:0	06845	WHO MIGHT YOU FIND LURKING ON THE ICE SIDE OF HAILFIRE PEAKS?	헤일파이어 피크스의 얼음 쪽에서 숨어 있을 법한 녀석은?	불얼음 봉우리의 얼음 쪽에서 숨어 있을 법한 녀석은?	지명 뜻으로(HAILFIRE PEAKS=불얼음 봉우리)
19E6:0:3	06853	HIS PAGEBOY	시동(심부름꾼)	심부름꾼	보기 다듬기(PAGEBOY)
19E7:0:0	06855	WHAT IS MINGY JONGO ANNOUNCED AS IN CLOUD CUCKOOLAND?	클라우드 쿠쿠랜드에서 밍기 종고는 어떻게 소개될까?	구름 뻐꾸기 나라에서 밍지 종고는 어떻게 소개될까?	이름 통일(MINGY JONGO=밍지 종고) / 지명 뜻으로(CLOUD CUCKOOLAND=구름 뻐꾸기 나라)
19E7:0:1	06856	DEVIOUS MUMBO-A-LIKE	교활한 뭄보 흉내쟁이	교활한 멈보 흉내쟁이	이름 통일(MUMBO=멈보)
19E8:0:0	06860	WHAT IS MR. PATCH ANNOUNCED AS IN WITCHYWORLD?	위치월드에서 미스터 패치는 어떻게 소개될까?	마녀랜드에서 패치 씨는 어떻게 소개될까?	이름 통일(MR. PATCH=패치 씨) / 지명 뜻으로(WITCHYWORLD=마녀랜드)
19E8:0:3	06863	STRANGE WOBBLY INFLATABLE THING	이상하게 흔들리는 바람풍선	이상하게 흐늘거리는 풍선 괴물	소개 문구 통일(05428)
19E9:0:0	06865	WHAT IS OLD KING COAL ANNOUNCED AS IN GLITTER GULCH MINE?	글리터 걸치 광산에서 올드 킹 콜은 어떻게 소개될까?	반짝 협곡 광산에서 올드 킹 콜은 어떻게 소개될까?	지명 뜻으로(GLITTER GULCH MINE=반짝 협곡 광산)
19E9:0:1	06866	GRUBBY BOILER MONARCH	지저분한 보일러 군주	꾀죄죄한 보일러 군주	소개 문구 통일(05425)
19EA:0:0	06870	WHAT IS LORD WOO FAK FAK ANNOUNCED AS IN JOLLY ROGER'S LAGOON?	졸리 로저의 호수에서 우팍팍 경은 어떻게 소개될까?	졸리 로저의 석호에서 우 팍 팍 경은 어떻게 소개될까?	이름 통일(WOO FAK FAK=우 팍 팍) / 지명 통일(JOLLY ROGER'S LAGOON=졸리 로저의 석호)
19EA:0:2	06872	SELF-IMPORTANT ANGLERFISH	자만심 가득한 아귀	잘난 척하는 아귀	소개 문구 통일(05430)
19EB:0:0	06875	WHAT IS WELDAR ANNOUNCED AS IN GRUNTY INDUSTRIES?	그런티 인더스트리에서 웰다는 어떻게 소개될까?	그런티 산업에서 웰다는 어떻게 소개될까?	지명 통일(GRUNTY INDUSTRIES=그런티 인더스트리즈) / 지명 뜻으로(GRUNTY INDUSTRIES=그런티 산업)
19EF:0:2	06897	TREASURE TROVE COVE	보물창고 만	보물의 만	이름 통일(반조-카주이 TREASURE TROVE COVE=보물의 만)
19EF:0:3	06898	FREEZEEZY PEAK	프리지 피크	프리지피크	지명 통일(FREEZEEZY PEAK=프리지피크, 카주이와 같게)
19F1:0:0	06905	WHAT CAN BE FOUND IN CLOUD CUCKOOLAND?	클라우드 쿠쿠랜드에서 찾을 수 있는 것은?	구름 뻐꾸기 나라에서 찾을 수 있는 것은?	지명 뜻으로(CLOUD CUCKOOLAND=구름 뻐꾸기 나라)
19FD:0:1	06966	HAILFIRE PEAKS	헤일파이어 피크스	불얼음 봉우리	지명 뜻으로(HAILFIRE PEAKS=불얼음 봉우리)
19FD:0:2	06967	TERRYDACTYLAND	테리댁틸랜드	익룡랜드	지명 통일(TERRYDACTYLAND=테리닥틸랜드) / 지명 뜻으로(TERRYDACTYLAND=익룡랜드)
19FD:0:3	06968	MAYAHEM TEMPLE	마야헴 신전	마야 대혼란 사원	지명 통일(MAYAHEM TEMPLE=마야헴 사원) / 지명 뜻으로(MAYAHEM TEMPLE=마야 대혼란 사원)
19FE:0:0	06970	WHAT COLOR IS MUMBO'S FEEBLE ENERGY STAFF ATTACK?	뭄보의 약한 에너지 지팡이 공격은 무슨 색?	멈보의 약한 에너지 지팡이 공격은 무슨 색?	이름 통일(MUMBO=멈보)
1A00:0:1	06981	HAILFIRE PEAKS	헤일파이어 피크스	불얼음 봉우리	지명 뜻으로(HAILFIRE PEAKS=불얼음 봉우리)
1A00:0:2	06982	MAYAHEM TEMPLE	마야헴 신전	마야 대혼란 사원	지명 통일(MAYAHEM TEMPLE=마야헴 사원) / 지명 뜻으로(MAYAHEM TEMPLE=마야 대혼란 사원)
1A00:0:3	06983	WITCHYWORLD	위치월드	마녀랜드	지명 뜻으로(WITCHYWORLD=마녀랜드)
1A02:0:1	06993	TERRYDACTYLAND	테리댁틸랜드	익룡랜드	지명 통일(TERRYDACTYLAND=테리닥틸랜드) / 지명 뜻으로(TERRYDACTYLAND=익룡랜드)
1A02:0:2	06994	WITCHYWORLD	위치월드	마녀랜드	지명 뜻으로(WITCHYWORLD=마녀랜드)
1A02:0:3	06995	HAILFIRE PEAKS	헤일파이어 피크스	불얼음 봉우리	지명 뜻으로(HAILFIRE PEAKS=불얼음 봉우리)
1A03:0:1	06999	BOGGY BEAR	보기 베어	보기 곰	이름(BOGGY BEAR)
1A04:0:1	07005	A CODE ROOM	암호 방	코드의 방	지명 통일(CODE ROOM/CHAMBER=코드의 방)
1A05:0:1	07011	TERRYDACTYLAND	테리댁틸랜드	익룡랜드	지명 통일(TERRYDACTYLAND=테리닥틸랜드) / 지명 뜻으로(TERRYDACTYLAND=익룡랜드)
1A05:0:2	07012	MAYAHEM TEMPLE	마야헴 신전	마야 대혼란 사원	지명 통일(MAYAHEM TEMPLE=마야헴 사원) / 지명 뜻으로(MAYAHEM TEMPLE=마야 대혼란 사원)
1A05:0:3	07013	SPIRAL MOUNTAIN	스파이럴 마운틴	나선산	지명 통일(SPIRAL MOUNTAIN=나선산, 카주이와 같게)
1A06:0:1	07017	POT O' GOLD	황금 단지	황금 항아리	용어 통일(POT O' GOLD=황금 항아리)
1A08:0:0	07028	WHERE IS THIS IN MAYAHEM TEMPLE?	마야헴 신전 안 여기는 어디일까?	마야 대혼란 사원 안 여기는 어디일까?	지명 통일(MAYAHEM TEMPLE=마야헴 사원) / 지명 뜻으로(MAYAHEM TEMPLE=마야 대혼란 사원)
1A08:0:2	07030	TARGITZAN'S CHAMBER	타르기잔의 방	타깃잔의 방	이름 통일(TARGITZAN=타깃잔)
1A08:0:3	07031	CODE ROOM	암호 방	코드의 방	지명 통일(CODE ROOM/CHAMBER=코드의 방)
1A09:0:0	07034	WHERE WOULD YOU SEE THIS IN MAYAHEM TEMPLE?	마야헴 신전에서 이건 어디서 볼 수 있을까?	마야 대혼란 사원에서 이건 어디서 볼 수 있을까?	지명 통일(MAYAHEM TEMPLE=마야헴 사원) / 지명 뜻으로(MAYAHEM TEMPLE=마야 대혼란 사원)
1A09:0:2	07036	TARGITZAN'S CHAMBER CEILING	타르기잔의 방 천장	타깃잔의 방 천장	이름 통일(TARGITZAN=타깃잔)
1A0A:0:1	07041	INSIDE CHOMPA'S BELLY	촘파의 배 속	촘파의 뱃속	같은 원문 번역 통일(8A)
1A0B:0:1	07047	DODGEM DOME	닷지 돔	범퍼카 돔	이름 통일(DODGEM=범퍼카)
1A0C:0:1	07053	WORKERS' QUARTERS	작업자 숙소	일꾼 숙소	용어 통일(WORKERS' QUARTERS=일꾼 숙소)
1A0C:0:2	07054	JOLLY'S	졸리네 가게	졸리네	이름 통일(JOLLY'S=졸리네)
1A0D:0:1	07059	TERRYDACTYLAND	테리댁틸랜드	익룡랜드	지명 통일(TERRYDACTYLAND=테리닥틸랜드) / 지명 뜻으로(TERRYDACTYLAND=익룡랜드)
1A0D:0:2	07060	MAYAHEM TEMPLE	마야헴 신전	마야 대혼란 사원	지명 통일(MAYAHEM TEMPLE=마야헴 사원) / 지명 뜻으로(MAYAHEM TEMPLE=마야 대혼란 사원)
1A0D:0:3	07061	SPIRAL MOUNTAIN	스파이럴 마운틴	나선산	지명 통일(SPIRAL MOUNTAIN=나선산, 카주이와 같게)
1A0E:0:1	07065	HAILFIRE PEAKS	헤일파이어 피크스	불얼음 봉우리	지명 뜻으로(HAILFIRE PEAKS=불얼음 봉우리)
1A0E:0:3	07067	MAYAHEM TEMPLE	마야헴 신전	마야 대혼란 사원	지명 통일(MAYAHEM TEMPLE=마야헴 사원) / 지명 뜻으로(MAYAHEM TEMPLE=마야 대혼란 사원)
1A0F:0:1	07071	TARGITZAN'S TEMPLE	타르기잔의 신전	타깃잔의 사원	이름 통일(TARGITZAN=타깃잔) / 지명 통일(TARGITZAN'S TEMPLE=타깃잔의 사원)
1A0F:0:2	07072	CODE ROOM	암호 방	코드의 방	지명 통일(CODE ROOM/CHAMBER=코드의 방)
1A0F:0:3	07073	GRUNTY INDUSTRIES	그런티 인더스트리	그런티 산업	지명 통일(GRUNTY INDUSTRIES=그런티 인더스트리즈) / 지명 뜻으로(GRUNTY INDUSTRIES=그런티 산업)
1A10:0:1	07077	CANARY MARY	카나리 메리	카나리아 메리	이름 통일(CANARY MARY=카나리아 메리)
1A12:0:1	07089	BOGGY BEAR	보기 베어	보기 곰	이름(BOGGY BEAR)
1A12:0:2	07090	BANJO BEAR	반조 베어	반조 곰	이름(BANJO BEAR)
1A13:0:0	07094	WHICH TERRYDACTYLAND TRIBE IS HE FROM?	그는 테리댁틸랜드의 어느 부족 출신일까?	그는 익룡랜드의 어느 부족 출신일까?	지명 통일(TERRYDACTYLAND=테리닥틸랜드) / 지명 뜻으로(TERRYDACTYLAND=익룡랜드)
1A13:0:1	07095	ROCKNUTS	록너츠	록넛츠	이름 통일(ROCKNUTS=록넛츠)
1A14:0:1	07101	TERRYDACTYLAND	테리댁틸랜드	익룡랜드	지명 통일(TERRYDACTYLAND=테리닥틸랜드) / 지명 뜻으로(TERRYDACTYLAND=익룡랜드)
1A14:0:2	07102	HAILFIRE PEAKS	헤일파이어 피크스	불얼음 봉우리	지명 뜻으로(HAILFIRE PEAKS=불얼음 봉우리)
1A14:0:3	07103	GLITTER GULCH MINE	글리터 걸치 광산	반짝 협곡 광산	지명 뜻으로(GLITTER GULCH MINE=반짝 협곡 광산)
1A1B:0:0	07142	WHERE IS THIS IN JOLLY ROGER'S LAGOON?	졸리 로저의 호수에서 여기는 어디일까?	졸리 로저의 석호에서 여기는 어디일까?	지명 통일(JOLLY ROGER'S LAGOON=졸리 로저의 석호)
1A1D:0:1	07155	JOLLY'S	졸리네 가게	졸리네	이름 통일(JOLLY'S=졸리네)
1A1E:0:2	07162	INSIDE MUMBO'S SKULL	뭄보의 해골 안	멈보의 해골 안	이름 통일(MUMBO=멈보)
1A1F:0:3	07169	INSIDE MUMBO'S SKULL	뭄보의 해골 안	멈보의 해골 안	이름 통일(MUMBO=멈보)
1A20:0:2	07174	STOMPONADON	스톰포노돈	스톰포나돈	이름 통일(STOMPONADON=스톰포나돈)
1A22:0:0	07184	WHO IS THIS?	이 사람은 누구일까?	이건 누구일까?	어색한 말(테리는 익룡)
1A23:0:1	07191	TERRYDACTYLAND	테리댁틸랜드	익룡랜드	지명 통일(TERRYDACTYLAND=테리닥틸랜드) / 지명 뜻으로(TERRYDACTYLAND=익룡랜드)
1A23:0:2	07192	WITCHYWORLD	위치월드	마녀랜드	지명 뜻으로(WITCHYWORLD=마녀랜드)
1A26:0:1	07209	CLOUD CUCKOOLAND	클라우드 쿠쿠랜드	구름 뻐꾸기 나라	지명 뜻으로(CLOUD CUCKOOLAND=구름 뻐꾸기 나라)
1A26:0:2	07210	WITCHYWORLD	위치월드	마녀랜드	지명 뜻으로(WITCHYWORLD=마녀랜드)
1A27:0:0	07214	HOW MANY FEATHERS ARE THERE ON MUMBO'S SKULL?	뭄보의 해골에는 깃털이 몇 개 있을까?	멈보의 해골에는 깃털이 몇 개 있을까?	이름 통일(MUMBO=멈보)
1A29:0:1	07227	ALL OF THEM	전부 다	전부	보기 다듬기
1A29:0:3	07229	NONE OF THEM	하나도 없음	셋 다 아님	오역(NONE OF THEM) / 같은 원문 번역 통일(8C)
1A2A:0:2	07234	STAR SPINNER CHALLENGE	별 스피너 챌린지	스타 스피너 챌린지	이름 통일(STAR SPINNER=스타 스피너)
1A2A:0:3	07235	DODGEM GAMES	닷지 게임	범퍼카 게임	이름 통일(DODGEM=범퍼카)
1A2E:0:1	07257	JOLLY'S	졸리네 가게	졸리네	이름 통일(JOLLY'S=졸리네)
1A2E:0:2	07258	BLUBBER'S WAVERACER HIRE	블러버의 수상 바이크 대여점	블러버의 웨이브레이서 대여점	이름 통일(WAVERACER=웨이브레이서)
1A31:0:1	07275	MUMBO'S SKULL	뭄보의 해골	멈보의 해골	이름 통일(MUMBO=멈보)
1A31:0:3	07277	WUMBA'S WIGWAM	움바의 천막집	움바의 천막	지명 통일(WUMBA'S WIGWAM=움바의 천막)
1A33:0:1	07287	CLOUD CUCKOOLAND	클라우드 쿠쿠랜드	구름 뻐꾸기 나라	지명 뜻으로(CLOUD CUCKOOLAND=구름 뻐꾸기 나라)
1A3B:0:0	07334	WHAT SHAPE WERE THE ORANGE PARTS OF THE WIGWAM?	위그왐의 주황색 부분은 어떤 모양이었나요?	천막의 주황색 부분은 어떤 모양이었나요?	지명 뜻으로(WUMBA'S WIGWAM=움바의 천막)
1A3D:0:1	07347	THE EDGE OF BUBBLE GLOOP SWAMP	버블 글룹 늪의 가장자리	보글늪의 가장자리	지명 통일(반조-카주이 BUBBLEGLOOP SWAMP=보글늪)
1A42:0:0	07376	WHERE DO YOU FIRST MEET THE PROSPECTOR'S PARTNER?	광부의 파트너를 처음 만난 곳은 어디인가요?	탐광꾼의 짝꿍을 처음 만난 곳은 어디인가요?	용어 통일(졸리·매기 PARTNER=짝꿍) / 용어 통일(PROSPECTOR=탐광꾼)
1A42:0:1	07377	IN SPIRAL MOUNTAIN	스파이럴 마운틴에서	나선산에서	지명 통일(SPIRAL MOUNTAIN=나선산, 카주이와 같게)
1A44:0:2	07390	SOME DOUBLOONS	두블론 몇 개	더블룬 몇 개	용어 통일(DOUBLOONS=더블룬)
1A45:0:3	07397	MIGHTY EVIL DINOSAUR	강력한 사악한 공룡	강력하고 사악한 공룡	어색한 말
1A48:0:0	07412	WHAT WAS THE NAME OF THAT TERRYDACTYLAND AREA?	그 테리닥틸랜드 구역의 이름은?	그 익룡랜드 구역의 이름은?	지명 뜻으로(TERRYDACTYLAND=익룡랜드)
1A4A:0:0	07424	WHO LIVES IN THIS TENT IN HAILFIRE PEAKS?	헤일파이어 피크스의 이 텐트에는 누가 사나요?	불얼음 봉우리의 이 텐트에는 누가 사나요?	지명 뜻으로(HAILFIRE PEAKS=불얼음 봉우리)
1A4F:0:1	07455	TWINKLIES	트윙클리	반짝이	이름 통일(TWINKLIES=반짝이, 대사 쪽 표기)
1A50:0:0	07460	WHAT COST 4 DOUBLOONS?	두블론 4개짜리는 무엇이었나요?	더블룬 4개짜리는 무엇이었나요?	용어 통일(DOUBLOONS=더블룬)
1A51:0:0	07466	HOW MANY DOUBLOONS WOULD IT COST FOR ALL THREE MEALS?	세 요리를 전부 사면 두블론이 몇 개 드나요?	세 요리를 전부 사면 더블룬이 몇 개 드나요?	용어 통일(DOUBLOONS=더블룬)
1A52:0:0	07472	WHICH CHARACTER WASN'T SEEN IN JOLLY'S?	졸리네 가게에서 보지 못한 캐릭터는?	졸리네에서 보지 못한 캐릭터는?	이름 통일(JOLLY'S=졸리네)
1A5F:0:1	07551	JOLLY ROGER'S LAGOON	졸리 로저의 라군	졸리 로저의 석호	지명 뜻으로(JOLLY ROGER'S LAGOON=졸리 로저의 석호)
1A5F:0:2	07552	MAYAHEM TEMPLE	마야헴 사원	마야 대혼란 사원	지명 뜻으로(MAYAHEM TEMPLE=마야 대혼란 사원)
1A5F:0:3	07553	HAILFIRE PEAKS	헤일파이어 피크스	불얼음 봉우리	지명 뜻으로(HAILFIRE PEAKS=불얼음 봉우리)
1A6A:0:2	07618	GRUNTY INDUSTRIES	그런티 인더스트리	그런티 산업	지명 통일(GRUNTY INDUSTRIES=그런티 인더스트리즈) / 지명 뜻으로(GRUNTY INDUSTRIES=그런티 산업)
1A6A:0:3	07619	PROSPECTOR'S HUT	광부의 오두막	탐광꾼의 오두막	용어 통일(PROSPECTOR=탐광꾼)
1A6D:0:1	07635	GLITTER GULCH MINE	글리터 걸치 광산	반짝 협곡 광산	지명 뜻으로(GLITTER GULCH MINE=반짝 협곡 광산)
1A6D:0:2	07636	GRUNTY INDUSTRIES	그런티 인더스트리	그런티 산업	지명 통일(GRUNTY INDUSTRIES=그런티 인더스트리즈) / 지명 뜻으로(GRUNTY INDUSTRIES=그런티 산업)
1A6D:0:3	07637	JOLLY ROGER'S LAGOON	졸리 로저의 라군	졸리 로저의 석호	지명 뜻으로(JOLLY ROGER'S LAGOON=졸리 로저의 석호)
1A6E:0:0	07640	WHERE IS THIS?	여기는 어디인가요?	여기는 어디일까?	같은 원문 번역 통일(80)
1A6E:0:2	07642	BOILER PLANT	보일러 시설	보일러실	지명 통일(BOILER PLANT=보일러실)
1A6E:0:3	07643	CHUFFY'S CAB	처피의 운전칸	처피의 운전실	같은 원문 번역 통일(8C)
1A6F:0:0	07646	WINDOWS PLUS RED HANDLES - HOW MANY?	빨간 손잡이가 달린 창문은 몇 개인가요?	창문과 빨간 손잡이를 합치면 몇 개인가요?	오역(WINDOWS PLUS RED HANDLES)
1A72:0:1	07665	CLOUD CUCKOOLAND	클라우드 쿠쿠랜드	구름 뻐꾸기 나라	지명 뜻으로(CLOUD CUCKOOLAND=구름 뻐꾸기 나라)
1A72:0:2	07666	GRUNTY INDUSTRIES	그런티 인더스트리	그런티 산업	지명 통일(GRUNTY INDUSTRIES=그런티 인더스트리즈) / 지명 뜻으로(GRUNTY INDUSTRIES=그런티 산업)
1A72:0:3	07667	WITCHYWORLD	위치월드	마녀랜드	지명 뜻으로(WITCHYWORLD=마녀랜드)
1A73:0:0	07670	BARRELS PLUS WAVERACERS - HOW MANY?	통과 수상 오토바이를 합치면 몇 개인가요?	통과 웨이브레이서를 합치면 몇 개인가요?	이름 통일(WAVERACER)
1A74:0:0	07676	WHO RAN THIS SHOP IN JOLLY ROGER'S LAGOON?	졸리 로저의 라군에서 이 가게를 운영한 건 누구였나요?	졸리 로저의 석호에서 이 가게를 운영한 건 누구였나요?	지명 뜻으로(JOLLY ROGER'S LAGOON=졸리 로저의 석호)
1A77:0:0	07694	WHO IS NOT SEEN IN WITCHYWORLD'S BIG TOP TENT?	위치월드의 빅탑 텐트에서 보지 못한 건?	마녀랜드의 서커스 천막에서 보지 못한 건?	지명 뜻으로(WITCHYWORLD=마녀랜드) / 지명 뜻으로(BIG TOP=서커스 천막)
1A7B:0:0	07718	WHO TOLD YOUR FORTUNE IN WITCHYWORLD?	위치월드에서 당신의 운세를 봐준 건 누구였나요?	마녀랜드에서 당신의 운세를 봐준 건 누구였나요?	지명 뜻으로(WITCHYWORLD=마녀랜드)
1A7B:0:1	07719	MADAME GRUNTY	그런티 부인	마담 그런티	이름(MADAME GRUNTY=점쟁이 마담 그런티)
1A7E:0:0	07736	WHERE WOULD YOU SEE THESE IN WITCHYWORLD?	위치월드에서 이것들은 어디에서 볼 수 있나요?	마녀랜드에서 이것들은 어디에서 볼 수 있나요?	지명 뜻으로(WITCHYWORLD=마녀랜드)
1A80:0:1	07749	THE ONE RIGHT ON THE LEFT	바로 왼쪽에 있는 것	맨 왼쪽 것	어색한 말
1B88:0:2	07883	SSSLUMBER	쓰쓰름버	스스슬럼버	표기(SSSLUMBER — 뱀 소리+잠)
1B89:0:2	07889	CANARY MARY	카나리 메리	카나리아 메리	이름 통일(CANARY MARY=카나리아 메리)
1B8A:0:3	07894	THE SAUCER OF PERIL	위험의 접시	공포의 비행접시	이름 뜻으로(SAUCER OF PERIL=공포의 비행접시)
1B8B:0:7	07903	TIPTUP AND TIPTUP JR.	팁탑과 팁탑 주니어	팁텁과 팁텁 주니어	이름 통일(TIPTUP=팁텁)
1B8B:0:12	07908	LORD WOO FAK FAK	우팍팍 경	우 팍 팍 경	이름 통일(WOO FAK FAK=우 팍 팍)
1B8C:0:5	07914	CHOMPASAURUS... AND LUNCH!	촘파사우루스... 그리고 런치!	촘파사우루스... 그리고 점심밥!	음역 대신 뜻으로(LUNCH)
1B8E:0:10	07933	BIGGAFOOT	비가풋	빅가풋	같은 원문 번역 통일(8A)
1B8F:0:3	07940	MR. FIT	피트 씨	미스터 핏	이름 통일(MR. FIT=미스터 핏)
1B8F:0:4	07941	MINGY JONGO	밍기 종고	밍지 종고	이름 통일(MINGY JONGO=밍지 종고)
1B90:0:1	07943	HUMBA WUMBA	험바 웜바	훔바 움바	이름 통일(HUMBA WUMBA=훔바 움바, 번역 다수 표기)
1B90:0:2	07944	KING JINGALING...	진갈링 왕...	징갈링 왕...	이름 통일(JINGALING=징갈링)
1B90:0:12	07954	SPECCY	스페키	안경	이름 통일(SPECCY=안경, 03913)
1C30:0:0	07963	WHO SOLD BURGERS IN WITCHYWORLD?	위치월드에서 버거를 판 건 누구였나요?	마녀랜드에서 버거를 판 건 누구였나요?	지명 뜻으로(WITCHYWORLD=마녀랜드)
1C35:0:0	07988	WHAT DID THE DRAGON BROTHERS ON HAILFIRE PEAKS WANT?	헤일파이어 피크스의 드래곤 형제가 원했던 건?	불얼음 봉우리의 드래곤 형제가 원했던 건?	지명 뜻으로(HAILFIRE PEAKS=불얼음 봉우리)
1C37:0:0	07998	WHO LIVES IN THE ENORMOUS EGG JUST OUTSIDE MAYAHEM TEMPLE?	마야헴 사원 바로 바깥의 거대한 알에는 누가 사나요?	마야 대혼란 사원 바로 바깥의 거대한 알에는 누가 사나요?	지명 뜻으로(MAYAHEM TEMPLE=마야 대혼란 사원)
1C38:0:0	08003	WHAT IS ON THE LICENSE PLATE OF MY LOVELY DIGGER?	마이 러블리 디거의 번호판에는 무엇이 적혀 있나요?	내 사랑스러운 굴착기의 번호판에는 무엇이 적혀 있나요?	음역 대신 뜻으로(MY LOVELY DIGGER)
1C38:0:3	08006	HAG 1	노파 1	마녀 1호	같은 원문 번역 통일(8C)
1C39:0:0	08008	WHAT WAS STRANGE ABOUT CANARY MARY?	카나리 메리의 이상한 점은?	카나리아 메리의 이상한 점은?	이름 통일(CANARY MARY=카나리아 메리)
1C3A:0:0	08013	WHAT WAS WRONG WITH THE KIDS' POOL IN JOLLY ROGER'S LAGOON?	졸리 로저의 라군에 있는 어린이 수영장의 문제는?	졸리 로저의 석호에 있는 어린이 수영장의 문제는?	지명 뜻으로(JOLLY ROGER'S LAGOON=졸리 로저의 석호)
1C3C:0:0	08023	WHAT IS THE NATIONAL SPORT IN MAYAHEM TEMPLE?	마야헴 사원의 국민 스포츠는?	마야 대혼란 사원의 국민 스포츠는?	지명 뜻으로(MAYAHEM TEMPLE=마야 대혼란 사원)
1C3C:0:1	08024	TIDDLYWINKS	티들리윙크스	딱지치기	현지화(TIDDLYWINKS, 06761과 같게)
1C41:0:1	08049	W.I.L.L.I.A.M.	윌리엄	W.I.L.L.I.A.M.	원문 유지(머리글자 말장난)
1C41:0:2	08050	B.O.B.	밥	B.O.B.	원문 유지(머리글자 말장난)
1C41:0:3	08051	D.A.V.E.	데이브	D.A.V.E.	원문 유지(머리글자 말장난)
1C44:0:0	08063	WHERE WAS THE SWITCH FOR THE BURGER STAND IN WITCHYWORLD?	위치월드에서 버거 가게 스위치는 어디에 있었을까?	마녀랜드에서 버거 가게 스위치는 어디에 있었을까?	지명 뜻으로(WITCHYWORLD=마녀랜드)
1C45:0:0	08068	HOW MANY SECTIONS MADE UP TARGITZAN IN MAYAHEM TEMPLE?	마야헴 사원의 타깃잔은 몇 부분으로 이루어져 있었을까?	마야 대혼란 사원의 타깃잔은 몇 부분으로 이루어져 있었을까?	지명 뜻으로(MAYAHEM TEMPLE=마야 대혼란 사원)
1C46:0:0	08073	WHAT WAS THE NAME OF GLITTER GULCH MINE'S PROSPECTOR?	글리터 걸치 광산의 탐광꾼 이름은?	반짝 협곡 광산의 탐광꾼 이름은?	지명 뜻으로(GLITTER GULCH MINE=반짝 협곡 광산)
1C47:0:0	08078	WHAT WAS ON THE EMPTY BOTTLE IN THE TRASH CAN ON CLOUD CUCKOOLAND?	클라우드 쿠쿠랜드 쓰레기통 속 빈 병에 쓰여 있던 건?	구름 뻐꾸기 나라 쓰레기통 속 빈 병에 쓰여 있던 건?	지명 뜻으로(CLOUD CUCKOOLAND=구름 뻐꾸기 나라)
1C47:0:1	08079	JOLLY'S JUICE	졸리스 주스	졸리네 주스	이름 통일(JOLLY'S=졸리네)
1C47:0:2	08080	CHEATO'S CHEAPO COLA	치토스 치프 콜라	치토의 싸구려 콜라	음역 대신 뜻으로(CHEATO'S CHEAPO COLA)
1C47:0:3	08081	BLOBBY'S BREW	블로비스 브루	블로비의 맥주	음역 대신 뜻으로(BLOBBY'S BREW)
1C4A:0:1	08094	ISLE O' HAGS	아일 오 핵스	마녀섬	같은 원문 번역 통일(8A)
1C4A:0:2	08095	GLITTER GULCH MINE	글리터 걸치 광산	반짝 협곡 광산	지명 뜻으로(GLITTER GULCH MINE=반짝 협곡 광산)
1C4A:0:3	08096	JOLLY ROGER'S LAGOON	졸리 로저 라군	졸리 로저의 석호	지명 통일(졸리 로저의 라군) / 지명 뜻으로(JOLLY ROGER'S LAGOON=졸리 로저의 석호)
1C4B:0:0	08098	WHAT WAS BIGGAFOOT GUARDING IN THE ICY SIDE OF HAILFIRE PEAKS?	헤일파이어 피크스의 얼음 쪽에서 비가풋이 지키고 있던 건?	불얼음 봉우리의 얼음 쪽에서 비가풋이 지키고 있던 건?	지명 뜻으로(HAILFIRE PEAKS=불얼음 봉우리)
1C4B:0:3	08101	A PAIR OF CLAW CLAMBER BOOTS	발톱 등반 부츠 한 켤레	클로 클램버 부츠 한 켤레	아이템 이름 통일(CLAW CLAMBER BOOTS)
1C4C:0:0	08103	HOW MANY TENTS WERE THERE IN WITCHYWORLD?	위치월드에는 텐트가 몇 개 있었을까?	마녀랜드에는 텐트가 몇 개 있었을까?	지명 뜻으로(WITCHYWORLD=마녀랜드)
1C4D:0:3	08111	TIPTUP	팁탑	팁텁	이름 통일(TIPTUP=팁텁)
1C51:0:3	08131	LORD WOO FAK FAK	우팍팍 경	우 팍 팍 경	이름 통일(WOO FAK FAK=우 팍 팍)
1C53:0:1	08139	TOWER OF TRIVIA	트리비아의 탑	잡학의 탑	음역 대신 뜻으로(TOWER OF TRIVIA)
1C55:0:2	08150	BOTTLES	보틀즈	보틀스	이름 통일(BOTTLES=보틀스, 카주이와 같게)
1C58:0:0	08163	HOW MANY SECTIONS DID THE SAUCER OF PERIL RIDE FLY THROUGH?	위기의 접시 타기는 몇 구간을 통과했을까?	공포의 비행접시는 몇 구간을 통과했을까?	이름 통일(SAUCER OF PERIL)
1C5A:0:0	08173	HOW MANY MEMBERS OF THE UNGA BUNGA TRIBE WERE THERE?	웅가붕가 부족은 몇 명이었을까?	웅가 붕가 부족은 몇 명이었을까?	이름 통일(UNGA BUNGA=웅가 붕가, 우글 부글과 같게)
1C5B:0:0	08178	WHO WAS IN THE PAINTING IN PAWNO'S EMPORIUM?	폰오 상점의 그림 속에 있던 건 누구?	포노의 상점 그림 속에 있던 건 누구?	이름 통일(PAWNO'S EMPORIUM=포노의 상점)
1C5B:0:2	08180	BOTTLES	보틀즈	보틀스	이름 통일(BOTTLES=보틀스, 카주이와 같게)
1C5C:0:0	08183	WHAT COLOR WAS MUMBO'S PAD IN JOLLY ROGER'S LAGOON?	졸리 로저 라군에서 멈보의 오두막은 무슨 색이었을까?	졸리 로저의 석호에서 멈보 패드는 무슨 색이었을까?	용어(MUMBO'S PAD=멈보 패드)
1C5D:0:0	08188	WHAT LOGO WAS ON MRS. BOTTLES' COFFEE MUG?	보틀즈 부인의 커피잔에 있던 로고는?	보틀스 부인의 커피잔에 있던 로고는?	이름 통일(BOTTLES=보틀스, 카주이와 같게)
1C5F:0:0	08198	WHAT DIFFERENT-COLORED GEM PILES WERE FOUND IN GLITTER GULCH MINE?	글리터 걸치 광산에서 발견된 색깔별 보석 더미는?	반짝 협곡 광산에서 발견된 색깔별 보석 더미는?	지명 뜻으로(GLITTER GULCH MINE=반짝 협곡 광산)
1C66:0:0	08233	WHAT IS THE TOTAL NUMBER OF LEGS ON ALL OF HUMBA WUMBA'S TRANSFORMATIONS?	험바 웜바의 모든 변신체의 다리 수를 합치면?	훔바 움바의 모든 변신체의 다리 수를 합치면?	이름 통일(HUMBA WUMBA=훔바 움바, 번역 다수 표기)
1C68:0:2	08245	EGG AIM AND SACK PACK	에그 에임과 색 팩	알 조준과 색 팩	기술 이름 통일(EGG AIM=알 조준, 번역 다수 표기)
1C68:0:3	08246	EGG AIM AND SHACK PACK	에그 에임과 섁 팩	알 조준과 섁 팩	기술 이름 통일(EGG AIM=알 조준, 번역 다수 표기)
1C69:0:0	08248	WHAT COLOR WERE KING JINGALING'S SLIPPERS?	징걸링 왕의 슬리퍼는 무슨 색이었을까?	징갈링 왕의 슬리퍼는 무슨 색이었을까?	이름 통일(JINGALING=징갈링)
1C6A:0:1	08254	BANJO, JAMJARS, BOTTLES AND WUMBA	반조, 잼자스, 보틀즈, 그리고 웜바	반조, 잼자스, 보틀스, 그리고 움바	이름 통일(BOTTLES=보틀스, 카주이와 같게) / 이름 통일(WUMBA=움바)
1C6A:0:2	08255	BANJO, MUMBO, JAMJARS AND WUMBA	반조, 멈보, 잼자스, 그리고 웜바	반조, 멈보, 잼자스, 그리고 움바	이름 통일(WUMBA=움바)
1C6A:0:3	08256	BANJO, MUMBO, JAMJARS AND BOTTLES	반조, 멈보, 잼자스, 그리고 보틀즈	반조, 멈보, 잼자스, 그리고 보틀스	이름 통일(BOTTLES=보틀스, 카주이와 같게)
